Title,Year,Genre,Description,Keywords
Kung Fu Panda 4,2024,"Animation, Action, Adventure","After Po is tapped to become the Spiritual Leader of the Valley of Peace, he needs to find and train a new Dragon Warrior, while a wicked sorceress plans to re-summon all the master villains whom Po has vanquished to the spirit re...","['po', 'tap', 'spiritual', 'leader', 'valley', 'peace', 'need', 'find', 'train', 'new', 'dragon', 'warrior', 'wicked', 'sorceress', 'plan', 'summon', 'master', 'villain', 'po', 'vanquish', 'spirit']"
Elemental,2023,"Animation, Adventure, Comedy","Follows Ember and Wade, in a city where fire-, water-, earth- and air-residents live together.","['follow', 'ember', 'wade', 'city', 'fire-', 'water-', 'earth-', 'air', 'resident', 'live']"
Oppenheimer,2023,"Biography, Drama, History","A dramatization of the life story of J. Robert Oppenheimer, the physicist who had a large hand in the development of the atomic bombs that brought an end to World War II.","['dramatization', 'life', 'story', 'j.', 'robert', 'oppenheimer', 'physicist', 'large', 'hand', 'development', 'atomic', 'bomb', 'bring', 'end', 'world', 'war', 'ii']"
Spider-Man: Across the Spider-Verse,2023,"Animation, Action, Adventure","Miles Morales returns for the next chapter of the Oscar®-winning Spider-Verse saga, an epic adventure that will transport Brooklyn's full-time, friendly neighborhood Spider-Man across the Multiverse to join forces with Gwen Stacy and a new team of Spider-People to face off with a villain more powerful than anything they have ever encountered.","['mile', 'morale', 'return', 'chapter', 'oscar', '®', '-winne', 'spider', 'verse', 'saga', 'epic', 'adventure', 'transport', 'brooklyn', 'time', 'friendly', 'neighborhood', 'spider', 'man', 'multiverse', 'join', 'force', 'gwen', 'stacy', 'new', 'team', 'spider', 'people', 'face', 'villain', 'powerful', 'encounter']"
Minions: The Rise of Gru,2022,"Animation, Adventure, Comedy","In the heart of the 1970s, amidst a flurry of feathered hair and flared jeans, Gru (Steve Carell) is growing up in the suburbs. A fanboy of a supervillain supergroup known as the Vicious 6, Gru hatches a plan to become evil enough to join them. Luckily, he gets some mayhem-making back-up from his loyal followers, the Minions. Together, Kevin, Stuart, Bob, and Otto - a new Minion sporting braces and a desperate need to please - deploy their skills as they and Gru build their first lair, experiment with their first weapons, and pull off their first missions. When the Vicious 6 oust their leader, legendary fighter Wild Knuckles (Alan Arkin), Gru interviews to become their newest member. It doesn't go well (to say the least), and only gets worse after Gru outsmarts them and suddenly finds himself the mortal enemy of the apex of evil. On the run, Gru will turn to an unlikely source for guidance, Wild Knuckles, and discover that even bad guys need a little help from their friends.","['heart', '1970', 'amidst', 'flurry', 'feather', 'hair', 'flare', 'jean', 'gru', 'steve', 'carell', 'grow', 'suburb', 'fanboy', 'supervillain', 'supergroup', 'know', 'vicious', '6', 'gru', 'hatch', 'plan', 'evil', 'join', 'luckily', 'get', 'mayhem', 'make', 'loyal', 'follower', 'minion', 'kevin', 'stuart', 'bob', 'otto', 'new', 'minion', 'sporting', 'brace', 'desperate', 'need', 'deploy', 'skill', 'gru', 'build', 'lair', 'experiment', 'weapon', 'pull', 'mission', 'vicious', '6', 'oust', 'leader', 'legendary', 'fighter', 'wild', 'knuckle', 'alan', 'arkin', 'gru', 'interview', 'new', 'member', 'get', 'bad', 'gru', 'outsmart', 'suddenly', 'find', 'mortal', 'enemy', 'apex', 'evil', 'run', 'gru', 'turn', 'unlikely', 'source', 'guidance', 'wild', 'knuckle', 'discover', 'bad', 'guy', 'need', 'little', 'help', 'friend']"
Puss in Boots: The Last Wish,2022,"Animation, Action, Adventure","When Puss in Boots discovers that his passion for adventure has taken its toll and he has burned through eight of his nine lives, he launches an epic journey to restore them by finding the mythical Last Wish.","['puss', 'boot', 'discover', 'passion', 'adventure', 'take', 'toll', 'burn', 'life', 'launch', 'epic', 'journey', 'restore', 'find', 'mythical', 'wish']"
Top Gun: Maverick,2022,"Action, Drama","The story involves Maverick confronting his past while training a group of younger Top Gun graduates, including the son of his deceased best friend, for a dangerous mission.","['story', 'involve', 'maverick', 'confront', 'past', 'train', 'group', 'young', 'gun', 'graduate', 'include', 'son', 'deceased', 'good', 'friend', 'dangerous', 'mission']"
Turning Red,2022,"Animation, Adventure, Comedy","Mei Lee (voice of Rosalie Chiang) is a confident, dorky 13-year-old torn between staying her mother's dutiful daughter and the chaos of adolescence. Her protective, if not slightly overbearing mother, Ming (voice of Sandra Oh), is never far from her daughter - an unfortunate reality for the teenager. And as if changes to her interests, relationships and body weren't enough, whenever she gets too excited (which is practically ALWAYS), she ""poofs"" into a giant red panda.","['mei', 'lee', 'voice', 'rosalie', 'chiang', 'confident', 'dorky', '13', 'year', 'old', 'tear', 'stay', 'mother', 'dutiful', 'daughter', 'chaos', 'adolescence', 'protective', 'slightly', 'overbearing', 'mother', 'ming', 'voice', 'sandra', 'oh', 'far', 'daughter', 'unfortunate', 'reality', 'teenager', 'change', 'interest', 'relationship', 'body', 'get', 'excited', 'practically', 'poof', 'giant', 'red', 'panda']"
Don't Look Up,2021,"Comedy, Drama, Sci-Fi","Kate Dibiasky (Jennifer Lawrence), an astronomy grad student, and her professor Dr. Randall Mindy (Leonardo DiCaprio) make an astounding discovery of a comet orbiting within the solar system. The problem - it's on a direct collision course with Earth. The other problem? No one really seems to care. Turns out warning mankind about a planet-killer the size of Mount Everest is an inconvenient fact to navigate. With the help of Dr. Oglethorpe (Rob Morgan), Kate and Randall embark on a media tour that takes them from the office of an indifferent President Orlean (Meryl Streep) and her sycophantic son and Chief of Staff, Jason (Jonah Hill), to the airwaves of The Daily Rip, an upbeat morning show hosted by Brie (Cate Blanchett) and Jack (Tyler Perry). With only six months until the comet makes impact, managing the 24-hour news cycle and gaining the attention of the social media obsessed public before it's too late proves shockingly comical - what will it take to get the world to just look up?.","['kate', 'dibiasky', 'jennifer', 'lawrence', 'astronomy', 'grad', 'student', 'professor', 'dr', 'randall', 'mindy', 'leonardo', 'dicaprio', 'astounding', 'discovery', 'comet', 'orbit', 'solar', 'system', 'problem', 'direct', 'collision', 'course', 'earth', 'problem', 'care', 'turn', 'warn', 'mankind', 'planet', 'killer', 'size', 'mount', 'everest', 'inconvenient', 'fact', 'navigate', 'help', 'dr', 'oglethorpe', 'rob', 'morgan', 'kate', 'randall', 'embark', 'media', 'tour', 'take', 'office', 'indifferent', 'president', 'orlean', 'meryl', 'streep', 'sycophantic', 'son', 'chief', 'staff', 'jason', 'jonah', 'hill', 'airwave', 'daily', 'rip', 'upbeat', 'morning', 'host', 'brie', 'cate', 'blanchett', 'jack', 'tyler', 'perry', 'month', 'comet', 'make', 'impact', 'manage', '24', 'hour', 'news', 'cycle', 'gain', 'attention', 'social', 'medium', 'obsess', 'public', 'late', 'prove', 'shockingly', 'comical', 'world', 'look']"
Encanto,2021,"Animation, Comedy, Family","Encanto tells the tale of an extraordinary family, the Madrigals, who live hidden in the mountains of Colombia, in a magical house, in a vibrant town, in a wondrous, charmed place called an Encanto. The magic of the Encanto has blessed every child in the family with a unique gift from super strength to the power to heal-every child except one, Mirabel. But when she discovers that the magic surrounding the Encanto is in danger, Mirabel decides that she, the only ordinary Madrigal, might just be her exceptional family's last hope.","['encanto', 'tell', 'tale', 'extraordinary', 'family', 'madrigal', 'live', 'hide', 'mountain', 'colombia', 'magical', 'house', 'vibrant', 'town', 'wondrous', 'charm', 'place', 'call', 'encanto', 'magic', 'encanto', 'bless', 'child', 'family', 'unique', 'gift', 'super', 'strength', 'power', 'heal', 'child', 'mirabel', 'discover', 'magic', 'surround', 'encanto', 'danger', 'mirabel', 'decide', 'ordinary', 'madrigal', 'exceptional', 'family', 'hope']"
Luca,2021,"Animation, Adventure, Comedy","A young boy experiences an unforgettable seaside summer on the Italian Riviera filled with gelato, pasta and endless scooter rides. Luca shares these adventures with his newfound best friend, but all the fun is threatened by a deeply-held secret: he is a sea monster from another world just below the ocean's surface.","['young', 'boy', 'experience', 'unforgettable', 'seaside', 'summer', 'italian', 'riviera', 'fill', 'gelato', 'pasta', 'endless', 'scooter', 'ride', 'luca', 'share', 'adventure', 'newfound', 'good', 'friend', 'fun', 'threaten', 'deeply', 'hold', 'secret', 'sea', 'monster', 'world', 'ocean', 'surface']"
Raya and the Last Dragon,2021,"Animation, Action, Adventure","Long ago, in the fantasy world of Kumandra, humans and dragons lived together in harmony. However, when sinister monsters known as the Druun threatened the land, the dragons sacrificed themselves to save humanity. Now, 500 years later, those same monsters have returned, and it's up to a lone warrior to track down the last dragon and stop the Druun for good.","['long', 'ago', 'fantasy', 'world', 'kumandra', 'human', 'dragon', 'live', 'harmony', 'sinister', 'monster', 'know', 'druun', 'threaten', 'land', 'dragon', 'sacrifice', 'save', 'humanity', '500', 'year', 'later', 'monster', 'return', 'lone', 'warrior', 'track', 'dragon', 'stop', 'druun', 'good']"
Sing 2,2021,"Animation, Adventure, Comedy","With his theatrical company a local success, Buster Moon is dreaming of bigger things. Unfortunately, when a talent scout dismisses their work as inadequate for the big time, Buster is driven to prove her wrong. With that goal in mind, Buster inspires his players to gamble everything to sneak into a talent audition in Redshore City for the demanding entertainment mogul Jimmy Crystal. Against the odds, they catch his interest with some frantic creative improvisation and even more desperate lies like personally knowing the reclusive rock star, Clay Calloway, who has not been seen in 15 years. Now faced with a tight production window with only a vague story idea and dire consequences for failure, Buster and his friends must all stretch their talents put on a show against all odds. In that struggle, the gang's challenges seem insurmountable, but each of them finds new inspirations and friends where they least expect them to pursue an artistic dream worthy of them.","['theatrical', 'company', 'local', 'success', 'buster', 'moon', 'dream', 'big', 'thing', 'unfortunately', 'talent', 'scout', 'dismiss', 'work', 'inadequate', 'big', 'time', 'buster', 'drive', 'prove', 'wrong', 'goal', 'mind', 'buster', 'inspire', 'player', 'gamble', 'sneak', 'talent', 'audition', 'redshore', 'city', 'demand', 'entertainment', 'mogul', 'jimmy', 'crystal', 'odd', 'catch', 'interest', 'frantic', 'creative', 'improvisation', 'desperate', 'lie', 'like', 'personally', 'know', 'reclusive', 'rock', 'star', 'clay', 'calloway', 'see', '15', 'year', 'face', 'tight', 'production', 'window', 'vague', 'story', 'idea', 'dire', 'consequence', 'failure', 'buster', 'friend', 'stretch', 'talent', 'odd', 'struggle', 'gang', 'challenge', 'insurmountable', 'find', 'new', 'inspiration', 'friend', 'expect', 'pursue', 'artistic', 'dream', 'worthy']"
Spider-Man: No Way Home,2021,"Action, Adventure, Fantasy","Peter Parker's secret identity is revealed to the entire world. Desperate for help, Peter turns to Doctor Strange to make the world forget that he is Spider-Man. The spell goes horribly wrong and shatters the multiverse, bringing in monstrous villains that could destroy the world.","['peter', 'parker', 'secret', 'identity', 'reveal', 'entire', 'world', 'desperate', 'help', 'peter', 'turn', 'doctor', 'strange', 'world', 'forget', 'spider', 'man', 'spell', 'go', 'horribly', 'wrong', 'shatter', 'multiverse', 'bring', 'monstrous', 'villain', 'destroy', 'world']"
The Matrix Resurrections,2021,"Action, Sci-Fi","Return to a world of two realities: one, everyday life; the other, what lies behind it. To find out if his reality is a construct, to truly know himself, Mr. Anderson will have to choose to follow the white rabbit once more.","['return', 'world', 'reality', 'everyday', 'life', 'lie', 'find', 'reality', 'construct', 'truly', 'know', 'mr', 'anderson', 'choose', 'follow', 'white', 'rabbit']"
The Mitchells vs. the Machines,2021,"Animation, Adventure, Comedy","An animated action-comedy about an ordinary family who find themselves in the middle of their biggest family challenge yet...saving the world from the robot apocalypse. No big deal, right? It all starts when creative outsider Katie Mitchell is accepted into the film school of her dreams and is eager to leave home and find ""her people,"" when her nature-loving dad insists on having the whole family drive her to school and bond during one last totally-not-awkward-or-forced road trip. But just when the trip can't get any worse, the family suddenly finds itself in the middle of the robot uprising. Everything from smart phones, to roombas, to evil Furbys are employed to capture every human on the planet. Now it's up to the Mitchells, including upbeat mom Linda, quirky little brother Aaron, their squishy pug, Monchi, and two friendly, but simple-minded robots to save humanity.","['animate', 'action', 'comedy', 'ordinary', 'family', 'find', 'middle', 'big', 'family', 'challenge', 'save', 'world', 'robot', 'apocalypse', 'big', 'deal', 'right', 'start', 'creative', 'outsider', 'katie', 'mitchell', 'accept', 'film', 'school', 'dream', 'eager', 'leave', 'home', 'find', 'people', 'nature', 'love', 'dad', 'insist', 'have', 'family', 'drive', 'school', 'bond', 'totally', 'awkward', 'force', 'road', 'trip', 'trip', 'bad', 'family', 'suddenly', 'find', 'middle', 'robot', 'uprising', 'smart', 'phone', 'roombas', 'evil', 'furby', 'employ', 'capture', 'human', 'planet', 'mitchell', 'include', 'upbeat', 'mom', 'linda', 'quirky', 'little', 'brother', 'aaron', 'squishy', 'pug', 'monchi', 'friendly', 'simple', 'minded', 'robot', 'save', 'humanity']"
RiffTrax: Star Wars: The Rise of Skywalker,2020,"Comedy, Sci-Fi","Ever since the original premiered in 1977, Star Wars fans have waited to see how the Skywalker saga would end.","['original', 'premiere', '1977', 'star', 'war', 'fan', 'wait', 'skywalker', 'saga', 'end']"
Soul,2020,"Animation, Adventure, Comedy","Joe is a middle-school band teacher whose life hasn't quite gone the way he expected. His true passion is jazz and he's good. But when he travels to another realm to help someone find their passion, he soon discovers what it means to have soul.","['joe', 'middle', 'school', 'band', 'teacher', 'life', 'go', 'way', 'expect', 'true', 'passion', 'jazz', 'good', 'travel', 'realm', 'help', 'find', 'passion', 'soon', 'discover', 'mean', 'soul']"
Tenet,2020,"Action, Sci-Fi, Thriller","In a twilight world of international espionage, an unnamed CIA operative, known as The Protagonist, is recruited by a mysterious organization called Tenet to participate in a global assignment that unfolds beyond real time. The mission: prevent Andrei Sator, a renegade Russian oligarch with precognition abilities, from starting World War III. The Protagonist will soon master the art of ""time inversion"" as a way of countering the threat that is to come.","['twilight', 'world', 'international', 'espionage', 'unnamed', 'cia', 'operative', 'know', 'protagonist', 'recruit', 'mysterious', 'organization', 'call', 'tenet', 'participate', 'global', 'assignment', 'unfold', 'real', 'time', 'mission', 'prevent', 'andrei', 'sator', 'renegade', 'russian', 'oligarch', 'precognition', 'ability', 'start', 'world', 'war', 'iii', 'protagonist', 'soon', 'master', 'art', 'time', 'inversion', 'way', 'counter', 'threat', 'come']"
The Croods: A New Age,2020,"Animation, Adventure, Comedy","Still searching for a place to settle down after the cataclysmic events of The Croods (2013), the overprotective prehistoric patriarch, Grug, leads his family to the great unknown. Hoping for the best in an increasingly dangerous world, while trying to come to terms with Eep and Guy's budding romance, Grug stumbles upon a secluded Eden of plenty, containing everything that they have been seeking. However, there is a catch. This verdant heaven on Earth is already occupied by the significantly more evolved Bettermans: Phil, Hope, and their daughter, Dawn. Now, as tensions boil over between the antagonistic clans, a new menace threatens the future of both families. Can the Croods and the Bettermans put aside their differences to fight the common enemy, and live to tell the tale?","['search', 'place', 'settle', 'cataclysmic', 'event', 'crood', '2013', 'overprotective', 'prehistoric', 'patriarch', 'grug', 'lead', 'family', 'great', 'unknown', 'hope', 'good', 'increasingly', 'dangerous', 'world', 'try', 'come', 'term', 'eep', 'guy', 'bud', 'romance', 'grug', 'stumble', 'secluded', 'eden', 'plenty', 'contain', 'seek', 'catch', 'verdant', 'heaven', 'earth', 'occupy', 'significantly', 'evolved', 'betterman', 'phil', 'hope', 'daughter', 'dawn', 'tension', 'boil', 'antagonistic', 'clan', 'new', 'menace', 'threaten', 'future', 'family', 'crood', 'bettermans', 'aside', 'difference', 'fight', 'common', 'enemy', 'live', 'tell', 'tale']"
The Ultimate 'Star Wars: A New Hope' Recap Cartoon,2020,"Animation, Short, Comedy","You'll relive Luke's Tatooine beginnings, join Han Solo's smuggler shenanigans, and witness Leia's princess power, all with a healthy dose of silliness. Lightsabers become oversized pool noodles, the Death Star explodes in a confe...","['relive', 'luke', 'tatooine', 'beginning', 'join', 'han', 'solo', 'smuggler', 'shenanigan', 'witness', 'leia', 'princess', 'power', 'healthy', 'dose', 'silliness', 'lightsaber', 'oversized', 'pool', 'noodle', 'death', 'star', 'explode', 'confe']"
1917,2019,"Action, Drama, War","April 1917, the Western Front. Two British soldiers are sent to deliver an urgent message to an isolated regiment. If the message is not received in time the regiment will walk into a trap and be massacred. To get to the regiment they will need to cross through enemy territory. Time is of the essence and the journey will be fraught with danger.","['april', '1917', 'western', 'british', 'soldier', 'send', 'deliver', 'urgent', 'message', 'isolated', 'regiment', 'message', 'receive', 'time', 'regiment', 'walk', 'trap', 'massacre', 'regiment', 'need', 'cross', 'enemy', 'territory', 'time', 'essence', 'journey', 'fraught', 'danger']"
Avengers: Endgame,2019,"Action, Adventure, Sci-Fi","After the devastating events of Avengers: Infinity War (2018), the universe is in ruins due to the efforts of the Mad Titan, Thanos. With the help of remaining allies, the Avengers must assemble once more in order to undo Thanos's actions and undo the chaos to the universe, no matter what consequences may be in store, and no matter who they face...","['devastating', 'event', 'avenger', 'infinity', 'war', '2018', 'universe', 'ruin', 'effort', 'mad', 'titan', 'thano', 'help', 'remain', 'ally', 'avenger', 'assemble', 'order', 'undo', 'thano', 'action', 'undo', 'chaos', 'universe', 'matter', 'consequence', 'store', 'matter', 'face']"
Avengers: Endgame,2019,"Action, Adventure, Sci-Fi","After the devastating events of Avengers: Infinity War (2018), the universe is in ruins due to the efforts of the Mad Titan, Thanos. With the help of remaining allies, the Avengers must assemble once more in order to undo Thanos's actions and undo the chaos to the universe, no matter what consequences may be in store, and no matter who they face...","['devastating', 'event', 'avenger', 'infinity', 'war', '2018', 'universe', 'ruin', 'effort', 'mad', 'titan', 'thano', 'help', 'remain', 'ally', 'avenger', 'assemble', 'order', 'undo', 'thano', 'action', 'undo', 'chaos', 'universe', 'matter', 'consequence', 'store', 'matter', 'face']"
Frozen II,2019,"Animation, Adventure, Comedy","Having harnessed her ever-growing power after lifting the dreadful curse of the eternal winter in Frozen (2013), the beautiful conjurer of snow and ice, Queen Elsa, now rules the peaceful kingdom of Arendelle, enjoying a happy life with her sister, Princess Anna. However, a melodious voice that only Elsa can hear keeps her awake, inviting her to the mystical enchanted forest that the sisters' father told them about a long time ago. Now, unable to block the thrilling call of the secret siren, Elsa, along with Anna, Kristoff, Olaf, and Sven summons up the courage to follow the voice into the unknown, intent on finding answers in the perpetually misty realm in the woods. More and more, an inexplicable imbalance is hurting not only her kingdom but also the neighboring tribe of Northuldra. Can Queen Elsa put her legendary magical skills to good use to restore peace and stability?","['having', 'harness', 'grow', 'power', 'lift', 'dreadful', 'curse', 'eternal', 'winter', 'frozen', '2013', 'beautiful', 'conjurer', 'snow', 'ice', 'queen', 'elsa', 'rule', 'peaceful', 'kingdom', 'arendelle', 'enjoy', 'happy', 'life', 'sister', 'princess', 'anna', 'melodious', 'voice', 'elsa', 'hear', 'keep', 'awake', 'invite', 'mystical', 'enchant', 'forest', 'sister', 'father', 'tell', 'long', 'time', 'ago', 'unable', 'block', 'thrilling', 'secret', 'siren', 'elsa', 'anna', 'kristoff', 'olaf', 'sven', 'summon', 'courage', 'follow', 'voice', 'unknown', 'intent', 'find', 'answer', 'perpetually', 'misty', 'realm', 'wood', 'inexplicable', 'imbalance', 'hurt', 'kingdom', 'neighboring', 'tribe', 'northuldra', 'queen', 'elsa', 'legendary', 'magical', 'skill', 'good', 'use', 'restore', 'peace', 'stability']"
How to Train Your Dragon: The Hidden World,2019,"Animation, Action, Adventure","As Hiccup fulfills his dream of creating a peaceful dragon utopia, Toothless' discovery of an untamed, elusive mate draws the Night Fury away. When danger mounts at home and Hiccup's reign as village chief is tested, both dragon and rider must make impossible decisions to save their kind.","['hiccup', 'fulfill', 'dream', 'create', 'peaceful', 'dragon', 'utopia', 'toothless', 'discovery', 'untamed', 'elusive', 'mate', 'draw', 'night', 'fury', 'away', 'danger', 'mount', 'home', 'hiccup', 'reign', 'village', 'chief', 'test', 'dragon', 'rider', 'impossible', 'decision', 'save', 'kind']"
Midsommar,2019,"Drama, Horror, Mystery","Dani (Florence Pugh) and Christian (Jack Reynor) are a young American couple with a relationship on the brink of falling apart. But after a family tragedy keeps them together, Christian invites a grieving Dani to join him and his friends on a trip to a once-in-a-lifetime midsummer festival in a remote Swedish village. What begins as a carefree summer holiday in the North European land of eternal sunlight takes a sinister turn when the insular villagers invite their guests to partake in festivities that render the pastoral paradise increasingly unnerving and viscerally disturbing.","['dani', 'florence', 'pugh', 'christian', 'jack', 'reynor', 'young', 'american', 'couple', 'relationship', 'brink', 'fall', 'apart', 'family', 'tragedy', 'keep', 'christian', 'invite', 'grieve', 'dani', 'join', 'friend', 'trip', 'lifetime', 'midsummer', 'festival', 'remote', 'swedish', 'village', 'begin', 'carefree', 'summer', 'holiday', 'north', 'european', 'land', 'eternal', 'sunlight', 'take', 'sinister', 'turn', 'insular', 'villager', 'invite', 'guest', 'partake', 'festivity', 'render', 'pastoral', 'paradise', 'increasingly', 'unnerving', 'viscerally', 'disturbing']"
The Lion King (2019),2019,"Comedy, Talk-Show","Let's not beat around the bush, it's certainly not THE Lion King, but here, you can hear their thoughts on A Lion King (2019).","['let', 'beat', 'bush', 'certainly', 'lion', 'king', 'hear', 'thought', 'lion', 'king', '2019']"
The Secret Life of Pets 2,2019,"Animation, Adventure, Comedy","Max faces some major changes after his owner Katie gets married and now has a child. On a family trip to the countryside, Max meets a farm dog named Rooster, and both attempt to overcome his fears. Meanwhile, Gidget tries to rescue Max's favorite toy from a cat-packed apartment, and Snowball sets on a mission to free a white tiger named Hu from a circus.","['max', 'face', 'major', 'change', 'owner', 'katie', 'get', 'marry', 'child', 'family', 'trip', 'countryside', 'max', 'meet', 'farm', 'dog', 'name', 'rooster', 'attempt', 'overcome', 'fear', 'gidget', 'try', 'rescue', 'max', 'favorite', 'toy', 'cat', 'pack', 'apartment', 'snowball', 'set', 'mission', 'free', 'white', 'tiger', 'name', 'hu', 'circus']"
Toy Story 4,2019,"Animation, Adventure, Comedy","Woody, Buzz Lightyear and the rest of the gang embark on a road trip with Bonnie and a new toy named Forky. The adventurous journey turns into an unexpected reunion as Woody's slight detour leads him to his long-lost friend Bo Peep. As Woody and Bo discuss the old days, they soon start to realize that they're two worlds apart when it comes to what they want from life as a toy.","['woody', 'buzz', 'lightyear', 'rest', 'gang', 'embark', 'road', 'trip', 'bonnie', 'new', 'toy', 'name', 'forky', 'adventurous', 'journey', 'turn', 'unexpected', 'reunion', 'woody', 'slight', 'detour', 'lead', 'long', 'lose', 'friend', 'bo', 'peep', 'woody', 'bo', 'discuss', 'old', 'day', 'soon', 'start', 'realize', 'world', 'apart', 'come', 'want', 'life', 'toy']"
X-Men: Dark Phoenix,2019,"Action, Adventure, Sci-Fi","The X-Men. Protectors of peace. Jean Grey is one of the most beloved X-Men. But when a mission goes wrong, Jean is exposed to a dark and ancient power. This power has destroyed everything it comes in contact with, until her. Now that this power is becoming unstable, she releases it with destruction and anger. Now that this foreign power is consuming her, and the world is threatened, the X-Men have to face an important truth: they must save either the world, or their friend who threatens it.","['x', 'man', 'protector', 'peace', 'jean', 'grey', 'beloved', 'x', 'man', 'mission', 'go', 'wrong', 'jean', 'expose', 'dark', 'ancient', 'power', 'power', 'destroy', 'come', 'contact', 'power', 'unstable', 'release', 'destruction', 'anger', 'foreign', 'power', 'consume', 'world', 'threaten', 'x', 'man', 'face', 'important', 'truth', 'save', 'world', 'friend', 'threaten']"
Avengers: Infinity War,2018,"Action, Adventure, Sci-Fi","As the Avengers and their allies have continued to protect the world from threats too large for any one hero to handle, a new danger has emerged from the cosmic shadows: Thanos. A despot of intergalactic infamy, his goal is to collect all six Infinity Stones, artifacts of unimaginable power, and use them to inflict his twisted will on all of reality. Everything the Avengers have fought for has led up to this moment, the fate of Earth and existence has never been more uncertain.","['avenger', 'ally', 'continue', 'protect', 'world', 'threat', 'large', 'hero', 'handle', 'new', 'danger', 'emerge', 'cosmic', 'shadow', 'thano', 'despot', 'intergalactic', 'infamy', 'goal', 'collect', 'infinity', 'stone', 'artifact', 'unimaginable', 'power', 'use', 'inflict', 'twisted', 'reality', 'avenger', 'fight', 'lead', 'moment', 'fate', 'earth', 'existence', 'uncertain']"
Avengers: Infinity War,2018,"Action, Adventure, Sci-Fi","As the Avengers and their allies have continued to protect the world from threats too large for any one hero to handle, a new danger has emerged from the cosmic shadows: Thanos. A despot of intergalactic infamy, his goal is to collect all six Infinity Stones, artifacts of unimaginable power, and use them to inflict his twisted will on all of reality. Everything the Avengers have fought for has led up to this moment, the fate of Earth and existence has never been more uncertain.","['avenger', 'ally', 'continue', 'protect', 'world', 'threat', 'large', 'hero', 'handle', 'new', 'danger', 'emerge', 'cosmic', 'shadow', 'thano', 'despot', 'intergalactic', 'infamy', 'goal', 'collect', 'infinity', 'stone', 'artifact', 'unimaginable', 'power', 'use', 'inflict', 'twisted', 'reality', 'avenger', 'fight', 'lead', 'moment', 'fate', 'earth', 'existence', 'uncertain']"
Deadpool 2,2018,"Action, Adventure, Comedy","After losing Vanessa (Morena Baccarin), the love of his life, 4th-wall breaking mercenary Wade Wilson aka Deadpool (Ryan Reynolds) must assemble a team and protect a young, fat mutant Russell Collins aka Firefist (Julian Dennison) from Cable (Josh Brolin), a no-nonsense, dangerous cyborg from the future, and must also learn the most important lesson of all: to be part of a family again.","['lose', 'vanessa', 'morena', 'baccarin', 'love', 'life', '4th', 'wall', 'break', 'mercenary', 'wade', 'wilson', 'aka', 'deadpool', 'ryan', 'reynolds', 'assemble', 'team', 'protect', 'young', 'fat', 'mutant', 'russell', 'collins', 'aka', 'firefist', 'julian', 'dennison', 'cable', 'josh', 'brolin', 'nonsense', 'dangerous', 'cyborg', 'future', 'learn', 'important', 'lesson', 'family']"
Hereditary,2018,"Drama, Horror, Mystery","When her mentally ill mother passes away, Annie (Toni Collette), her husband (Gabriel Byrne), son (Alex Wolff), and daughter (Milly Shapiro) all mourn her loss. The family turn to different means to handle their grief, including Annie and her daughter both flirting with the supernatural. They each begin to have disturbing, otherworldly experiences linked to the sinister secrets and emotional trauma that have been passed through the generations of their family.","['mentally', 'ill', 'mother', 'pass', 'away', 'annie', 'toni', 'collette', 'husband', 'gabriel', 'byrne', 'son', 'alex', 'wolff', 'daughter', 'milly', 'shapiro', 'mourn', 'loss', 'family', 'turn', 'different', 'mean', 'handle', 'grief', 'include', 'annie', 'daughter', 'flirt', 'supernatural', 'begin', 'disturbing', 'otherworldly', 'experience', 'link', 'sinister', 'secret', 'emotional', 'trauma', 'pass', 'generation', 'family']"
Hotel Transylvania 3: Summer Vacation,2018,"Animation, Adventure, Comedy","Mavis surprises Dracula with a family voyage on a luxury Monster Cruise Ship so he can take a vacation from providing everyone else's vacation at the hotel. The rest of Drac's Pack cannot resist going along. But once they leave port, romance arises when Dracula meets the mysterious ship Captain, Ericka. Now it's Mavis' turn to play the overprotective parent.","['mavis', 'surprise', 'dracula', 'family', 'voyage', 'luxury', 'monster', 'cruise', 'ship', 'vacation', 'provide', 'vacation', 'hotel', 'rest', 'drac', 'pack', 'resist', 'go', 'leave', 'port', 'romance', 'arise', 'dracula', 'meet', 'mysterious', 'ship', 'captain', 'ericka', 'mavis', 'turn', 'play', 'overprotective', 'parent']"
Mission: Impossible - Fallout,2018,"Action, Adventure, Thriller","Two years after Ethan Hunt had successfully captured Solomon Lane, the remnants of the Syndicate have reformed into another organization called the Apostles. Under the leadership of a mysterious fundamentalist known only as John Lark, the organization is planning on acquiring three plutonium cores. Ethan and his team are sent to Berlin to intercept them, but the mission fails when Ethan saves Luther and the Apostles escape with the plutonium. With CIA agent August Walker joining the team, Ethan and his allies must now find the plutonium cores before it's too late.","['year', 'ethan', 'hunt', 'successfully', 'capture', 'solomon', 'lane', 'remnant', 'syndicate', 'reform', 'organization', 'call', 'apostle', 'leadership', 'mysterious', 'fundamentalist', 'know', 'john', 'lark', 'organization', 'plan', 'acquire', 'plutonium', 'core', 'ethan', 'team', 'send', 'berlin', 'intercept', 'mission', 'fail', 'ethan', 'save', 'luther', 'apostle', 'escape', 'plutonium', 'cia', 'agent', 'august', 'walker', 'join', 'team', 'ethan', 'ally', 'find', 'plutonium', 'core', 'late']"
Solo: A Star Wars Story,2018,"Action, Adventure, Sci-Fi","With the emerging demand of hyperfuel and other resources, Han Solo finds himself in the middle of a heist alongside other criminals, where they meet the likes of Chewbacca and Lando Calrissian in an adventurous situation exposing the criminal underworld.","['emerge', 'demand', 'hyperfuel', 'resource', 'han', 'solo', 'find', 'middle', 'heist', 'alongside', 'criminal', 'meet', 'like', 'chewbacca', 'lando', 'calrissian', 'adventurous', 'situation', 'expose', 'criminal', 'underworld']"
Spider-Man: Into the Spider-Verse,2018,"Animation, Action, Adventure","Phil Lord and Christopher Miller, the creative minds behind The Lego Movie and 21 Jump Street, bring their unique talents to a fresh vision of a different Spider-Man Universe, with a groundbreaking visual style that's the first of its kind. ""Spider-Man(TM): Into the Spider-Verse"" introduces Brooklyn teen Miles Morales (Shameik Moore), and the limitless possibilities of the Spider-Verse, where more than one can wear the mask.","['phil', 'lord', 'christopher', 'miller', 'creative', 'mind', 'lego', 'movie', '21', 'jump', 'street', 'bring', 'unique', 'talent', 'fresh', 'vision', 'different', 'spider', 'man', 'universe', 'groundbreaking', 'visual', 'style', 'kind', 'spider', 'man(tm', 'spider', 'verse', 'introduce', 'brooklyn', 'teen', 'miles', 'morale', 'shameik', 'moore', 'limitless', 'possibility', 'spider', 'verse', 'wear', 'mask']"
Coco,2017,"Animation, Adventure, Drama","Despite his family's baffling generations-old ban on music, Miguel dreams of becoming an accomplished musician like his idol, Ernesto de la Cruz. Desperate to prove his talent, Miguel finds himself in the stunning and colorful Land of the Dead following a mysterious chain of events. Along the way, he meets charming trickster Hector, and together, they set off on an extraordinary journey to unlock the real story behind Miguel's family history.","['despite', 'family', 'baffle', 'generation', 'old', 'ban', 'music', 'miguel', 'dream', 'accomplished', 'musician', 'like', 'idol', 'ernesto', 'de', 'la', 'cruz', 'desperate', 'prove', 'talent', 'miguel', 'find', 'stunning', 'colorful', 'land', 'dead', 'follow', 'mysterious', 'chain', 'event', 'way', 'meet', 'charming', 'trickster', 'hector', 'set', 'extraordinary', 'journey', 'unlock', 'real', 'story', 'miguel', 'family', 'history']"
Despicable Me 3,2017,"Animation, Adventure, Comedy","After he is fired from the Anti-Villain League for failing to take down the latest bad guy to threaten humanity, Gru (Steve Carell) finds himself in the midst of a major identity crisis. But when a mysterious stranger shows up to inform Gru that he has a long-lost twin brother - a brother who desperately wishes to follow in his twin's despicable footsteps - one former supervillain will rediscover just how good it feels to be bad.","['fire', 'anti', 'villain', 'league', 'fail', 'late', 'bad', 'guy', 'threaten', 'humanity', 'gru', 'steve', 'carell', 'find', 'midst', 'major', 'identity', 'crisis', 'mysterious', 'stranger', 'show', 'inform', 'gru', 'long', 'lose', 'twin', 'brother', 'brother', 'desperately', 'wish', 'follow', 'twin', 'despicable', 'footstep', 'supervillain', 'rediscover', 'good', 'feel', 'bad']"
Dunkirk,2017,"Action, Drama, History","May/June 1940. Four hundred thousand British and French soldiers are hole up in the French port town of Dunkirk. The only way out is via sea, and the Germans have air superiority, bombing the British soldiers and ships without much opposition. The situation looks dire and, in desperation, Britain sends civilian boats in addition to its hard-pressed Navy to try to evacuate the beleaguered forces. This is that story, seen through the eyes of a soldier amongst those trapped forces, two Royal Air Force fighter pilots, and a group of civilians on their boat, part of the evacuation fleet.","['june', '1940', 'thousand', 'british', 'french', 'soldier', 'hole', 'french', 'port', 'town', 'dunkirk', 'way', 'sea', 'germans', 'air', 'superiority', 'bomb', 'british', 'soldier', 'ship', 'opposition', 'situation', 'look', 'dire', 'desperation', 'britain', 'send', 'civilian', 'boat', 'addition', 'hard', 'press', 'navy', 'try', 'evacuate', 'beleaguered', 'force', 'story', 'see', 'eye', 'soldier', 'trap', 'force', 'royal', 'air', 'force', 'fighter', 'pilot', 'group', 'civilian', 'boat', 'evacuation', 'fleet']"
It (2017),2017,"Comedy, Talk-Show","Much like how Pennywise returns every 27 years to cause havoc, they're seemingly returning to Stephen King's It every 2 years to talk about the most recent screen-version of the story.","['like', 'pennywise', 'return', '27', 'year', 'cause', 'havoc', 'seemingly', 'return', 'stephen', 'king', '2', 'year', 'talk', 'recent', 'screen', 'version', 'story']"
Justice League,2017,"Action, Adventure, Fantasy","Fueled by his restored faith in humanity and inspired by Superman's selfless act, Bruce Wayne enlists the help of his newfound ally, Diana Prince, to face an even greater enemy. Together, Batman and Wonder Woman work quickly to find and recruit a team of meta-humans to stand against this newly awakened threat. But despite the formation of this unprecedented league of heroes-Batman, Wonder Woman, Aquaman, Cyborg and The Flash-it may already be too late to save the planet from an assault of catastrophic proportions.","['fuel', 'restore', 'faith', 'humanity', 'inspire', 'superman', 'selfless', 'act', 'bruce', 'wayne', 'enlist', 'help', 'newfound', 'ally', 'diana', 'prince', 'face', 'great', 'enemy', 'batman', 'wonder', 'woman', 'work', 'quickly', 'find', 'recruit', 'team', 'meta', 'human', 'stand', 'newly', 'awaken', 'threat', 'despite', 'formation', 'unprecedented', 'league', 'heroes', 'batman', 'wonder', 'woman', 'aquaman', 'cyborg', 'flash', 'late', 'save', 'planet', 'assault', 'catastrophic', 'proportion']"
Logan,2017,"Action, Drama, Sci-Fi","In 2029 the mutant population has shrunken significantly due to genetically modified plants designed to reduce mutant powers and the X-Men have disbanded. Logan, whose power to self-heal is dwindling, has surrendered himself to alcohol and now earns a living as a chauffeur. He takes care of the ailing old Professor X whom he keeps hidden away. One day, a female stranger asks Logan to drive a girl named Laura to the Canadian border. At first he refuses, but the Professor has been waiting for a long time for her to appear. Laura possesses an extraordinary fighting prowess and is in many ways like Wolverine. She is pursued by sinister figures working for a powerful corporation; this is because they made her, with Logan's DNA. A decrepit Logan is forced to ask himself if he can or even wants to put his remaining powers to good use. It would appear that in the near-future, the times in which they were able put the world to rights with razor sharp claws and telepathic powers are now over.","['2029', 'mutant', 'population', 'shrink', 'significantly', 'genetically', 'modify', 'plant', 'design', 'reduce', 'mutant', 'power', 'x', 'man', 'disband', 'logan', 'power', 'self', 'heal', 'dwindle', 'surrender', 'alcohol', 'earn', 'living', 'chauffeur', 'take', 'care', 'ail', 'old', 'professor', 'x', 'keep', 'hide', 'away', 'day', 'female', 'stranger', 'ask', 'logan', 'drive', 'girl', 'name', 'laura', 'canadian', 'border', 'refuse', 'professor', 'wait', 'long', 'time', 'appear', 'laura', 'possess', 'extraordinary', 'fighting', 'prowess', 'way', 'like', 'wolverine', 'pursue', 'sinister', 'figure', 'work', 'powerful', 'corporation', 'logan', 'dna', 'decrepit', 'logan', 'force', 'ask', 'want', 'remain', 'power', 'good', 'use', 'appear', 'near', 'future', 'time', 'able', 'world', 'right', 'razor', 'sharp', 'claw', 'telepathic', 'power']"
Batman v Superman: Dawn of Justice,2016,"Action, Adventure, Sci-Fi","The general public is concerned over having Superman on their planet and letting the ""Dark Knight"" - Batman - pursue the streets of Gotham. While this is happening, a power-phobic Batman tries to attack Superman. Meanwhile, Superman tries to settle on a decision, and Lex Luthor, the criminal mastermind and millionaire, tries to use his own advantages to fight the ""Man of Steel"".","['general', 'public', 'concerned', 'have', 'superman', 'planet', 'let', 'dark', 'knight', 'batman', 'pursue', 'street', 'gotham', 'happen', 'power', 'phobic', 'batman', 'try', 'attack', 'superman', 'superman', 'try', 'settle', 'decision', 'lex', 'luthor', 'criminal', 'mastermind', 'millionaire', 'try', 'use', 'advantage', 'fight', 'man', 'steel']"
Deadpool,2016,"Action, Comedy, Sci-Fi","This is the origin story of former Special Forces operative turned mercenary Wade Wilson, who after being subjected to a rogue experiment that leaves him with accelerated healing powers, adopts the alter ego Deadpool. Armed with his new abilities and a dark, twisted sense of humor, Deadpool hunts down the man who nearly destroyed his life.","['origin', 'story', 'special', 'force', 'operative', 'turn', 'mercenary', 'wade', 'wilson', 'subject', 'rogue', 'experiment', 'leave', 'accelerated', 'heal', 'power', 'adopt', 'alter', 'ego', 'deadpool', 'arm', 'new', 'ability', 'dark', 'twisted', 'sense', 'humor', 'deadpool', 'hunt', 'man', 'nearly', 'destroy', 'life']"
Finding Dory,2016,"Animation, Adventure, Comedy","Dory is a wide-eyed, blue tang fish who suffers from memory loss every 10 seconds or so. The one thing she can remember is that she somehow became separated from her parents as a child. With help from her friends Nemo and Marlin, Dory embarks on an epic adventure to find them. Her journey brings her to the Marine Life Institute, a conservatory that houses diverse ocean species.","['dory', 'wide', 'eye', 'blue', 'tang', 'fish', 'suffer', 'memory', 'loss', '10', 'second', 'thing', 'remember', 'separate', 'parent', 'child', 'help', 'friend', 'nemo', 'marlin', 'dory', 'embark', 'epic', 'adventure', 'find', 'journey', 'bring', 'marine', 'life', 'institute', 'conservatory', 'house', 'diverse', 'ocean', 'specie']"
Kung Fu Panda 3,2016,"Animation, Action, Adventure","When Po's long-lost panda father suddenly reappears, the reunited duo travels to a secret panda paradise to meet scores of hilarious new panda characters. But when the supernatural villain Kai begins to sweep across China defeating all the kung fu masters, Po must do the impossible-learn to train a village full of his fun-loving, clumsy brethren to become the ultimate band of Kung Fu Pandas.","['po', 'long', 'lose', 'panda', 'father', 'suddenly', 'reappear', 'reunite', 'duo', 'travel', 'secret', 'panda', 'paradise', 'meet', 'score', 'hilarious', 'new', 'panda', 'character', 'supernatural', 'villain', 'kai', 'begin', 'sweep', 'china', 'defeat', 'kung', 'fu', 'master', 'po', 'impossible', 'learn', 'train', 'village', 'fun', 'love', 'clumsy', 'brother', 'ultimate', 'band', 'kung', 'fu', 'panda']"
Moana,2016,"Animation, Adventure, Comedy","Moana Waialiki is a sea voyaging enthusiast and the only daughter of a chief in a long line of navigators. When her island's fishermen can't catch any fish and the crops fail, she learns that the demigod Maui caused the blight by stealing the heart of the goddess, Te Fiti. The only way to heal the island is to persuade Maui to return Te Fiti's heart, so Moana sets off on an epic journey across the Pacific. The film is based on stories from Polynesian mythology.","['moana', 'waialiki', 'sea', 'voyaging', 'enthusiast', 'daughter', 'chief', 'long', 'line', 'navigator', 'island', 'fisherman', 'catch', 'fish', 'crop', 'fail', 'learn', 'demigod', 'maui', 'cause', 'blight', 'steal', 'heart', 'goddess', 'te', 'fiti', 'way', 'heal', 'island', 'persuade', 'maui', 'return', 'te', 'fiti', 'heart', 'moana', 'set', 'epic', 'journey', 'pacific', 'film', 'base', 'story', 'polynesian', 'mythology']"
Sing,2016,"Animation, Comedy, Family","In a world of anthropomorphic animals, koala Buster Moon owns a theater, having been interested in show business since his father took him to his first music show as a child. Following financial problems brought up by the bank representative Judith, he tells his wealthy friend Eddie that he will host a singing competition with a prize of $1,000. But Buster's assistant, Miss Crawly, accidentally appends two extra zeroes, and the promotional fliers showing $100,000 are blown out of Buster's office into the city streets.","['world', 'anthropomorphic', 'animal', 'koala', 'buster', 'moon', 'own', 'theater', 'having', 'interested', 'business', 'father', 'take', 'music', 'child', 'follow', 'financial', 'problem', 'bring', 'bank', 'representative', 'judith', 'tell', 'wealthy', 'friend', 'eddie', 'host', 'singing', 'competition', 'prize', '$', '1,000', 'buster', 'assistant', 'miss', 'crawly', 'accidentally', 'append', 'extra', 'zero', 'promotional', 'flier', 'show', '$', '100,000', 'blow', 'buster', 'office', 'city', 'street']"
The Secret Life of Pets,2016,"Animation, Adventure, Comedy","In a Manhattan apartment building, Max's life as a favorite pet is turned upside-down, when his owner brings home sloppy mongrel Duke. They must put their quarrels aside when they learn that adorable white bunny Snowball is building an army of lost pets determined to wreak revenge.","['manhattan', 'apartment', 'building', 'max', 'life', 'favorite', 'pet', 'turn', 'upside', 'owner', 'bring', 'home', 'sloppy', 'mongrel', 'duke', 'quarrel', 'aside', 'learn', 'adorable', 'white', 'bunny', 'snowball', 'build', 'army', 'lose', 'pet', 'determine', 'wreak', 'revenge']"
X-Men: Apocalypse,2016,"Action, Adventure, Sci-Fi","Since the dawn of civilization, he was worshiped as a god. Apocalypse, the first and most powerful mutant from Marvel's X-Men universe, amassed the powers of many other mutants, becoming immortal and invincible. Upon awakening after thousands of years, he is disillusioned with the world as he finds it and recruits a team of powerful mutants, including a disheartened Magneto, to cleanse mankind and create a new world order, over which he will reign. As the fate of the Earth hangs in the balance, Raven with the help of Professor X must lead a team of young X-Men to stop their greatest nemesis and save mankind from complete destruction.","['dawn', 'civilization', 'worship', 'god', 'apocalypse', 'powerful', 'mutant', 'marvel', 'x', 'men', 'universe', 'amass', 'power', 'mutant', 'immortal', 'invincible', 'awakening', 'thousand', 'year', 'disillusion', 'world', 'find', 'recruit', 'team', 'powerful', 'mutant', 'include', 'disheartened', 'magneto', 'cleanse', 'mankind', 'create', 'new', 'world', 'order', 'reign', 'fate', 'earth', 'hang', 'balance', 'raven', 'help', 'professor', 'x', 'lead', 'team', 'young', 'x', 'man', 'stop', 'great', 'nemesis', 'save', 'mankind', 'complete', 'destruction']"
Zootopia,2016,"Animation, Action, Adventure","From the largest elephant to the smallest shrew, the city of Zootopia is a mammal metropolis where various animals live and thrive. When Judy Hopps becomes the first rabbit to join the police force, she quickly learns how tough it is to enforce the law. Determined to prove herself, Judy jumps at the opportunity to solve a mysterious case. Unfortunately, that means working with Nick Wilde, a wily fox who makes her job even harder.","['large', 'elephant', 'small', 'shrew', 'city', 'zootopia', 'mammal', 'metropolis', 'animal', 'live', 'thrive', 'judy', 'hopp', 'rabbit', 'join', 'police', 'force', 'quickly', 'learn', 'tough', 'enforce', 'law', 'determined', 'prove', 'judy', 'jump', 'opportunity', 'solve', 'mysterious', 'case', 'unfortunately', 'mean', 'work', 'nick', 'wilde', 'wily', 'fox', 'make', 'job', 'hard']"
Avengers: Age of Ultron,2015,"Action, Adventure, Sci-Fi","Tony Stark creates the Ultron Program to protect the world, but when the peacekeeping program becomes hostile, The Avengers go into action to try and defeat a virtually impossible enemy together. Earth's mightiest heroes must come together once again to protect the world from global extinction.","['tony', 'stark', 'create', 'ultron', 'program', 'protect', 'world', 'peacekeeping', 'program', 'hostile', 'avenger', 'action', 'try', 'defeat', 'virtually', 'impossible', 'enemy', 'earth', 'mighty', 'hero', 'come', 'protect', 'world', 'global', 'extinction']"
Hotel Transylvania 2,2015,"Animation, Adventure, Comedy","The Drac pack is back for an all-new monster comedy adventure in Sony Pictures Animation's Hotel Transylvania 2! Everything seems to be changing for the better at Hotel Transylvania... Dracula's rigid monster-only hotel policy has finally relaxed, opening up its doors to human guests. But behind closed coffins, Drac is worried that his adorable half-human, half-vampire grandson, Dennis, isn't showing signs of being a vampire. So while Mavis is busy visiting her human in-laws with Johnny - and in for a major cultural shock of her own - ""Vampa"" Drac enlists his friends Frank, Murray, Wayne and Griffin to put Dennis through a ""monster-in-training"" boot camp. But little do they know that Drac's grumpy and very old, old, old school dad Vlad is about to pay a family visit to the hotel. And when Vlad finds out that his great-grandson is not a pure blood - and humans are now welcome at Hotel Transylvania - things are going to get batty!","['drac', 'pack', 'new', 'monster', 'comedy', 'adventure', 'sony', 'picture', 'animation', 'hotel', 'transylvania', '2', 'change', 'well', 'hotel', 'transylvania', 'dracula', 'rigid', 'monster', 'hotel', 'policy', 'finally', 'relax', 'open', 'door', 'human', 'guest', 'close', 'coffin', 'drac', 'worried', 'adorable', 'half', 'human', 'half', 'vampire', 'grandson', 'dennis', 'show', 'sign', 'vampire', 'mavis', 'busy', 'visit', 'human', 'law', 'johnny', 'major', 'cultural', 'shock', 'vampa', 'drac', 'enlist', 'friend', 'frank', 'murray', 'wayne', 'griffin', 'dennis', 'monster', 'training', 'boot', 'camp', 'little', 'know', 'drac', 'grumpy', 'old', 'old', 'old', 'school', 'dad', 'vlad', 'pay', 'family', 'visit', 'hotel', 'vlad', 'find', 'great', 'grandson', 'pure', 'blood', 'human', 'welcome', 'hotel', 'transylvania', 'thing', 'go', 'batty']"
Inside Out,2015,"Animation, Adventure, Comedy","Growing up can be a bumpy road, and it's no exception for Riley, who is uprooted from her Midwest life when her father starts a new job in San Francisco. Like all of us, Riley is guided by her emotions - Joy, Fear, Anger, Disgust and Sadness. The emotions live in Headquarters, the control center inside Riley's mind, where they help advise her through everyday life. As Riley and her emotions struggle to adjust to a new life in San Francisco, turmoil ensues in Headquarters. Although Joy, Riley's main and most important emotion, tries to keep things positive, the emotions conflict on how best to navigate a new city, house and school.","['grow', 'bumpy', 'road', 'exception', 'riley', 'uproot', 'midw', 'life', 'father', 'start', 'new', 'job', 'san', 'francisco', 'like', 'riley', 'guide', 'emotion', 'joy', 'fear', 'anger', 'disgust', 'sadness', 'emotion', 'live', 'headquarters', 'control', 'center', 'inside', 'riley', 'mind', 'help', 'advise', 'everyday', 'life', 'riley', 'emotion', 'struggle', 'adjust', 'new', 'life', 'san', 'francisco', 'turmoil', 'ensue', 'headquarters', 'joy', 'riley', 'main', 'important', 'emotion', 'try', 'thing', 'positive', 'emotion', 'conflict', 'good', 'navigate', 'new', 'city', 'house', 'school']"
Minions,2015,"Animation, Adventure, Comedy","Ever since the dawn of time, the Minions have lived to serve the most despicable of masters. From the T-Rex to Napoleon, the easily distracted tribe has helped the biggest and the baddest of villains. Now, join protective leader Kevin, teenage rebel Stuart, and lovable little Bob on a global road trip. They'll earn a shot to work for a new boss, the world's first female supervillain, and try to save all of Minionkind from annihilation.","['dawn', 'time', 'minion', 'live', 'serve', 'despicable', 'master', 't', 'rex', 'napoleon', 'easily', 'distract', 'tribe', 'help', 'big', 'badd', 'villain', 'join', 'protective', 'leader', 'kevin', 'teenage', 'rebel', 'stuart', 'lovable', 'little', 'bob', 'global', 'road', 'trip', 'earn', 'shot', 'work', 'new', 'boss', 'world', 'female', 'supervillain', 'try', 'save', 'minionkind', 'annihilation']"
Mission: Impossible - Rogue Nation,2015,"Action, Adventure, Thriller","CIA chief Hunley (Baldwin) convinces a Senate committee to disband the IMF (Impossible Mission Force), of which Ethan Hunt (Cruise) is a key member. Hunley argues that the IMF is too reckless. Now on his own, Hunt goes after a shadowy and deadly rogue organization called the Syndicate.","['cia', 'chief', 'hunley', 'baldwin', 'convince', 'senate', 'committee', 'disband', 'imf', 'impossible', 'mission', 'force', 'ethan', 'hunt', 'cruise', 'key', 'member', 'hunley', 'argue', 'imf', 'reckless', 'hunt', 'go', 'shadowy', 'deadly', 'rogue', 'organization', 'call', 'syndicate']"
The Revenant,2015,"Action, Adventure, Drama","While exploring uncharted wilderness in 1823, legendary frontiersman Hugh Glass sustains injuries from a brutal bear attack. When his hunting team leaves him for dead, Glass must utilize his survival skills to find a way back home while avoiding natives on their own hunt. Grief-stricken and fueled by vengeance, Glass treks through the wintry terrain to track down John Fitzgerald, the former confidant who betrayed and abandoned him.","['explore', 'uncharted', 'wilderness', '1823', 'legendary', 'frontiersman', 'hugh', 'glass', 'sustain', 'injury', 'brutal', 'bear', 'attack', 'hunting', 'team', 'leave', 'dead', 'glass', 'utilize', 'survival', 'skill', 'find', 'way', 'home', 'avoid', 'native', 'hunt', 'grief', 'stricken', 'fuel', 'vengeance', 'glass', 'trek', 'wintry', 'terrain', 'track', 'john', 'fitzgerald', 'confidant', 'betray', 'abandon']"
Big Hero 6,2014,"Animation, Action, Adventure","When a devastating event befalls the city of San Fransokyo and catapults Hiro into the midst of danger, he turns to Baymax and his close friends adrenaline junkie Go Go Tomago, neatnik Wasabi, chemistry whiz Honey Lemon and fanboy Fred. Determined to uncover the mystery, Hiro transforms his friends into a band of high-tech heroes called ""Big Hero 6.""","['devastating', 'event', 'befall', 'city', 'san', 'fransokyo', 'catapult', 'hiro', 'midst', 'danger', 'turn', 'baymax', 'close', 'friend', 'adrenaline', 'junkie', 'tomago', 'neatnik', 'wasabi', 'chemistry', 'whiz', 'honey', 'lemon', 'fanboy', 'fred', 'determined', 'uncover', 'mystery', 'hiro', 'transform', 'friend', 'band', 'high', 'tech', 'hero', 'call', 'big', 'hero', '6']"
Edge of Tomorrow,2014,"Action, Adventure, Sci-Fi","An alien race has hit the Earth in an unrelenting assault, unbeatable by any military unit in the world. Major William Cage (Cruise) is an officer who has never seen a day of combat when he is unceremoniously dropped into what amounts to a suicide mission. Killed within minutes, Cage now finds himself inexplicably thrown into a time loop-forcing him to live out the same brutal combat over and over, fighting and dying again...and again. But with each battle, Cage becomes able to engage the adversaries with increasing skill, alongside Special Forces warrior Rita Vrataski (Blunt). And, as Cage and Vrataski take the fight to the aliens, each repeated encounter gets them one step closer to defeating the enemy!","['alien', 'race', 'hit', 'earth', 'unrelenting', 'assault', 'unbeatable', 'military', 'unit', 'world', 'major', 'william', 'cage', 'cruise', 'officer', 'see', 'day', 'combat', 'unceremoniously', 'drop', 'amount', 'suicide', 'mission', 'kill', 'minute', 'cage', 'find', 'inexplicably', 'throw', 'time', 'loop', 'force', 'live', 'brutal', 'combat', 'fight', 'die', 'battle', 'cage', 'able', 'engage', 'adversary', 'increase', 'skill', 'alongside', 'special', 'force', 'warrior', 'rita', 'vrataski', 'blunt', 'cage', 'vrataski', 'fight', 'alien', 'repeat', 'encounter', 'get', 'step', 'close', 'defeat', 'enemy']"
How to Train Your Dragon 2,2014,"Animation, Action, Adventure","It's been five years since Hiccup and Toothless successfully united dragons and vikings on the island of Berk. While Astrid, Snotlout and the rest of the gang are challenging each other to dragon races (the island's new favorite contact sport), the now inseparable pair journey through the skies, charting unmapped territories and exploring new worlds. When one of their adventures leads to the discovery of a secret ice cave that is home to hundreds of new wild dragons and the mysterious Dragon Rider, the two friends find themselves at the center of a battle to protect the peace. Now, Hiccup and Toothless must unite to stand up for what they believe while recognizing that only together do they have the power to change the future of both men and dragons.","['year', 'hiccup', 'toothless', 'successfully', 'united', 'dragon', 'viking', 'island', 'berk', 'astrid', 'snotlout', 'rest', 'gang', 'challenge', 'dragon', 'race', 'island', 'new', 'favorite', 'contact', 'sport', 'inseparable', 'pair', 'journey', 'sky', 'chart', 'unmapped', 'territory', 'explore', 'new', 'world', 'adventure', 'lead', 'discovery', 'secret', 'ice', 'cave', 'home', 'hundred', 'new', 'wild', 'dragon', 'mysterious', 'dragon', 'rider', 'friend', 'find', 'center', 'battle', 'protect', 'peace', 'hiccup', 'toothless', 'unite', 'stand', 'believe', 'recognize', 'power', 'change', 'future', 'man', 'dragon']"
Interstellar,2014,"Adventure, Drama, Sci-Fi","Earth's future has been riddled by disasters, famines, and droughts. There is only one way to ensure mankind's survival: Interstellar travel. A newly discovered wormhole in the far reaches of our solar system allows a team of astronauts to go where no man has gone before, a planet that may have the right environment to sustain human life.","['earth', 'future', 'riddle', 'disaster', 'famine', 'drought', 'way', 'ensure', 'mankind', 'survival', 'interstellar', 'travel', 'newly', 'discover', 'wormhole', 'far', 'reach', 'solar', 'system', 'allow', 'team', 'astronaut', 'man', 'go', 'planet', 'right', 'environment', 'sustain', 'human', 'life']"
The Hobbit: The Battle of the Five Armies,2014,"Adventure, Fantasy","After the Dragon leaves the Lonely Mountain, the people of Lake-town see a threat coming. Orcs, dwarves, elves and people prepare for war. Bilbo sees Thorin going mad and tries to help. Meanwhile, Gandalf is rescued from the Necromancer's prison and his rescuers realize who the Necromancer is.","['dragon', 'leave', 'lonely', 'mountain', 'people', 'lake', 'town', 'threat', 'come', 'orc', 'dwarf', 'elf', 'people', 'prepare', 'war', 'bilbo', 'see', 'thorin', 'go', 'mad', 'try', 'help', 'gandalf', 'rescue', 'necromancer', 'prison', 'rescuer', 'realize', 'necromancer']"
X-Men: Days of Future Past,2014,"Action, Adventure, Sci-Fi","In the future, the mutants and the humans who help them are slaughtered by powerful robots named Sentinels. Professor Xavier, Wolverine, Magneto, Storm, Kitty Pryde, and her friends meet at a monastery in China and Xavier explains that the invincible Sentinels were created using the DNA of Mystique that was captured in 1973 when she tried to assassinate their creator Dr. Bolivar Trask. Xavier tells that their only chance is return to 1973 using Pryde's ability to join Charles Xavier and Erik Lehnsherr to convince Mystique to give up her intention. However, only Wolverine can withstand the damages of the time travel. Will he succeed in stopping Mystique and the Sentinel Program, and save the mutants and their human friends from annihilation?","['future', 'mutant', 'human', 'help', 'slaughter', 'powerful', 'robot', 'name', 'sentinel', 'professor', 'xavier', 'wolverine', 'magneto', 'storm', 'kitty', 'pryde', 'friend', 'meet', 'monastery', 'china', 'xavier', 'explain', 'invincible', 'sentinel', 'create', 'dna', 'mystique', 'capture', '1973', 'try', 'assassinate', 'creator', 'dr', 'bolivar', 'trask', 'xavier', 'tell', 'chance', 'return', '1973', 'pryde', 'ability', 'join', 'charles', 'xavier', 'erik', 'lehnsherr', 'convince', 'mystique', 'intention', 'wolverine', 'withstand', 'damage', 'time', 'travel', 'succeed', 'stop', 'mystique', 'sentinel', 'program', 'save', 'mutant', 'human', 'friend', 'annihilation']"
47 Ronin,2013,"Action, Drama, Fantasy","While hunting in the forest, Lord Asano of Ako and his samurai find a young half-breed and take him with them to live in the castle. Several years later, Lord Asano holds a tournament to welcome the Shogun to Ako. The night after the tournament, Lord Asano is bewitched into hurting Lord Kira of Nagato, and is punished into committing seppuku by the Shogun. Realizing that it was a Lord Kira's evil plot, the samurais and the half-breed sets out for revenge against the Shogun's order.","['hunt', 'forest', 'lord', 'asano', 'ako', 'samurai', 'find', 'young', 'half', 'breed', 'live', 'castle', 'year', 'later', 'lord', 'asano', 'hold', 'tournament', 'welcome', 'shogun', 'ako', 'night', 'tournament', 'lord', 'asano', 'bewitch', 'hurt', 'lord', 'kira', 'nagato', 'punish', 'commit', 'seppuku', 'shogun', 'realize', 'lord', 'kira', 'evil', 'plot', 'samurais', 'half', 'breed', 'set', 'revenge', 'shogun', 'order']"
Cloudy with a Chance of Meatballs 2,2013,"Animation, Adventure, Comedy","After the disastrous food storm in the first film, Flint and his friends are forced to leave the town. Flint accepts the invitation from his idol Chester V to join The Live Corp Company, which has been tasked to clean the island, and where the best inventors in the world create technologies for the betterment of mankind. When Flint discovers that his machine still operates and now creates mutant food beasts like living pickles, hungry tacodiles, shrimpanzees and apple pie-thons, he and his friends must return to save the world.","['disastrous', 'food', 'storm', 'film', 'flint', 'friend', 'force', 'leave', 'town', 'flint', 'accept', 'invitation', 'idol', 'chester', 'v', 'join', 'live', 'corp', 'company', 'task', 'clean', 'island', 'good', 'inventor', 'world', 'create', 'technology', 'betterment', 'mankind', 'flint', 'discover', 'machine', 'operate', 'create', 'mutant', 'food', 'beast', 'like', 'living', 'pickle', 'hungry', 'tacodile', 'shrimpanzee', 'apple', 'pie', 'thon', 'friend', 'return', 'save', 'world']"
Despicable Me 2,2013,"Animation, Adventure, Comedy","While Gru, the ex-supervillain is adjusting to family life and an attempted honest living in the jam business, a secret Arctic laboratory is stolen. The Anti-Villain League decides it needs an insider's help and recruits Gru in the investigation. Together with the eccentric AVL agent, Lucy Wilde, Gru concludes that his prime suspect is the presumed dead supervillain, El Macho, whose his teenage son is also making the moves on his eldest daughter, Margo. Seemingly blinded by his overprotectiveness of his children and his growing mutual attraction to Lucy, Gru seems on the wrong track even as his minions are being quietly kidnapped en masse for some malevolent purpose.","['gru', 'ex', 'supervillain', 'adjust', 'family', 'life', 'attempt', 'honest', 'living', 'jam', 'business', 'secret', 'arctic', 'laboratory', 'steal', 'anti', 'villain', 'league', 'decide', 'need', 'insider', 'help', 'recruit', 'gru', 'investigation', 'eccentric', 'avl', 'agent', 'lucy', 'wilde', 'gru', 'conclude', 'prime', 'suspect', 'presume', 'dead', 'supervillain', 'el', 'macho', 'teenage', 'son', 'make', 'move', 'eld', 'daughter', 'margo', 'seemingly', 'blind', 'overprotectiveness', 'child', 'grow', 'mutual', 'attraction', 'lucy', 'gru', 'wrong', 'track', 'minion', 'quietly', 'kidnap', 'en', 'masse', 'malevolent', 'purpose']"
Frozen,2013,"Animation, Adventure, Comedy","Fearless optimist Anna teams up with rugged mountain man Kristoff and his loyal reindeer Sven and sets off on an epic journey to find her sister Elsa, whose icy powers have trapped the kingdom of Arendelle in eternal winter. Encountering Everest-like conditions, mystical trolls and a hilarious snowman named Olaf, Anna and Kristoff battle the elements in a race to save the kingdom. From the outside Elsa looks poised, regal and reserved, but in reality she lives in fear as she wrestles with a mighty secret: she was born with the power to create ice and snow. It's a beautiful ability, but also extremely dangerous. Haunted by the moment her magic nearly killed her younger sister Anna, Elsa has isolated herself, spending every waking minute trying to suppress her growing powers. Her mounting emotions trigger the magic, accidentally setting off an eternal winter that she can't stop. She fears she's becoming a monster and that no one, not even her sister, can help her.","['fearless', 'optimist', 'anna', 'team', 'rugged', 'mountain', 'man', 'kristoff', 'loyal', 'reindeer', 'sven', 'set', 'epic', 'journey', 'find', 'sister', 'elsa', 'icy', 'power', 'trap', 'kingdom', 'arendelle', 'eternal', 'winter', 'encounter', 'everest', 'like', 'condition', 'mystical', 'troll', 'hilarious', 'snowman', 'name', 'olaf', 'anna', 'kristoff', 'battle', 'element', 'race', 'save', 'kingdom', 'outside', 'elsa', 'look', 'poised', 'regal', 'reserved', 'reality', 'live', 'fear', 'wrestle', 'mighty', 'secret', 'bear', 'power', 'create', 'ice', 'snow', 'beautiful', 'ability', 'extremely', 'dangerous', 'haunt', 'moment', 'magic', 'nearly', 'kill', 'young', 'sister', 'anna', 'elsa', 'isolate', 'spend', 'wake', 'minute', 'try', 'suppress', 'grow', 'power', 'mount', 'emotion', 'trigger', 'magic', 'accidentally', 'set', 'eternal', 'winter', 'stop', 'fear', 'monster', 'sister', 'help']"
Oblivion,2013,"Action, Adventure, Sci-Fi","One of the few remaining drone repairmen assigned to Earth, its surface devastated after decades of war with the alien Scavs, discovers a crashed spacecraft with contents that bring into question everything he believed about the war, and may even put the fate of mankind in his hands.","['remain', 'drone', 'repairman', 'assign', 'earth', 'surface', 'devastate', 'decade', 'war', 'alien', 'scavs', 'discover', 'crashed', 'spacecraft', 'content', 'bring', 'question', 'believe', 'war', 'fate', 'mankind', 'hand']"
The Croods,2013,"Animation, Adventure, Comedy","""The Croods"" are an eccentric family of cavemen, who survive the harsh terrain by living accordingly to a strict set of rules. But when their home is destroyed in the wake of an impending disaster known as ""The End"", they are forced to leave their home of shelter and security, and into the wilderness of the unknown to find a new home.","['crood', 'eccentric', 'family', 'caveman', 'survive', 'harsh', 'terrain', 'live', 'accordingly', 'strict', 'set', 'rule', 'home', 'destroy', 'wake', 'impending', 'disaster', 'know', 'end', 'force', 'leave', 'home', 'shelter', 'security', 'wilderness', 'unknown', 'find', 'new', 'home']"
The Hobbit: The Desolation of Smaug,2013,"Adventure, Fantasy","After successfully crossing over (and under) the Misty Mountains, Thorin and Company must seek aid from a powerful stranger before taking on the dangers of Mirkwood Forest--without their Wizard. If they reach the human settlement of Lake-town it will be time for the hobbit Bilbo Baggins to fulfill his contract with the dwarves. The party must complete the journey to Lonely Mountain and burglar Baggins must seek out the Secret Door that will give them access to the hoard of the dragon Smaug. And, where has Gandalf got off to? And what is his secret business to the south?","['successfully', 'cross', 'misty', 'mountain', 'thorin', 'company', 'seek', 'aid', 'powerful', 'stranger', 'take', 'danger', 'mirkwood', 'forest', 'wizard', 'reach', 'human', 'settlement', 'lake', 'town', 'time', 'hobbit', 'bilbo', 'baggin', 'fulfill', 'contract', 'dwarf', 'party', 'complete', 'journey', 'lonely', 'mountain', 'burglar', 'baggin', 'seek', 'secret', 'door', 'access', 'hoard', 'dragon', 'smaug', 'gandalf', 'get', 'secret', 'business', 'south']"
The Wolf of Wall Street,2013,"Biography, Comedy, Crime","In the early 1990s, Jordan Belfort teamed with his partner Donny Azoff and started brokerage firm Stratton Oakmont. Their company quickly grows from a staff of 20 to a staff of more than 250 and their status in the trading community and Wall Street grows exponentially. So much that companies file their initial public offerings through them. As their status grows, so do the amount of substances they abuse, and so do their lies. They draw attention like no other, throwing lavish parties for their staff when they hit the jackpot on high trades. That ultimately leads to Belfort featured on the cover of Forbes Magazine, being called ""The Wolf Of Wall St."". With the FBI onto Belfort's trading schemes, he devises new ways to cover his tracks and watch his fortune grow. Belfort ultimately comes up with a scheme to stash their cash in a European bank. But with the FBI watching him like a hawk, how long will Belfort and Azoff be able to maintain their elaborate wealth and luxurious lifestyles?","['early', '1990s', 'jordan', 'belfort', 'team', 'partner', 'donny', 'azoff', 'start', 'brokerage', 'firm', 'stratton', 'oakmont', 'company', 'quickly', 'grow', 'staff', '20', 'staff', '250', 'status', 'trading', 'community', 'wall', 'street', 'grow', 'exponentially', 'company', 'file', 'initial', 'public', 'offering', 'status', 'grow', 'substance', 'abuse', 'lie', 'draw', 'attention', 'like', 'throw', 'lavish', 'party', 'staff', 'hit', 'jackpot', 'high', 'trade', 'ultimately', 'lead', 'belfort', 'feature', 'cover', 'forbe', 'magazine', 'call', 'wolf', 'wall', 'st', 'fbi', 'belfort', 'trading', 'scheme', 'devise', 'new', 'way', 'cover', 'track', 'watch', 'fortune', 'grow', 'belfort', 'ultimately', 'come', 'scheme', 'stash', 'cash', 'european', 'bank', 'fbi', 'watch', 'like', 'hawk', 'long', 'belfort', 'azoff', 'able', 'maintain', 'elaborate', 'wealth', 'luxurious', 'lifestyle']"
The Wolverine,2013,"Action, Sci-Fi","In modern day Japan, Wolverine is out of his depth in an unknown world as he faces his ultimate nemesis in a life-or-death battle that will leave him forever changed. Vulnerable for the first time and pushed to his physical and emotional limits, he confronts not only lethal samurai steel but also his inner struggle against his own near-immortality, emerging more powerful than we have ever seen him before.","['modern', 'day', 'japan', 'wolverine', 'depth', 'unknown', 'world', 'face', 'ultimate', 'nemesis', 'life', 'death', 'battle', 'leave', 'forever', 'change', 'vulnerable', 'time', 'push', 'physical', 'emotional', 'limit', 'confront', 'lethal', 'samurai', 'steel', 'inner', 'struggle', 'near', 'immortality', 'emerge', 'powerful', 'see']"
Hotel Transylvania,2012,"Animation, Comedy, Family","In 1895, Dracula builds a resort in Transylvania, hidden from the humans, to raise his beloved daughter Mavis in a safe environment. In the present, the place is the Hotel Transylvania, where monsters bring their families to vacation far from the frightening humans. Dracula invites his friends - Frankenstein and his wife Eunice; Wayne and Wanda, the werewolves; Griffin, the invisible man; Murray, the mummy; Bigfoot, among others - to celebrate the 118th birthday of Mavis. When the party is ready to start, the 21-year-old Jonathan is walking through the forest and stumbles upon the hotel. Dracula sees Jonathan and disguises him as a monster to hide Jonathan from the guests. But Mavis also sees Jonathan and Dracula forces him to pose as a monster. Soon Mavis believes that Jonathan is the ""zing"" of her life despite the advice of her father about humans.","['1895', 'dracula', 'build', 'resort', 'transylvania', 'hide', 'human', 'raise', 'beloved', 'daughter', 'mavis', 'safe', 'environment', 'present', 'place', 'hotel', 'transylvania', 'monster', 'bring', 'family', 'vacation', 'far', 'frightening', 'human', 'dracula', 'invite', 'friend', 'frankenstein', 'wife', 'eunice', 'wayne', 'wanda', 'werewolf', 'griffin', 'invisible', 'man', 'murray', 'mummy', 'bigfoot', 'celebrate', '118th', 'birthday', 'mavis', 'party', 'ready', 'start', '21', 'year', 'old', 'jonathan', 'walk', 'forest', 'stumble', 'hotel', 'dracula', 'see', 'jonathan', 'disguise', 'monster', 'hide', 'jonathan', 'guest', 'mavis', 'see', 'jonathan', 'dracula', 'force', 'pose', 'monster', 'soon', 'mavis', 'believe', 'jonathan', 'ze', 'life', 'despite', 'advice', 'father', 'human']"
Madagascar 3: Europe's Most Wanted,2012,"Animation, Adventure, Comedy","Alex, Marty, Gloria and Melman are still trying to get back to the Big Apple and their beloved Central Park zoo, but first they need to find the penguins. When they travel to Monte Carlo, they attract the attention of Animal Control after gate crashing a party and are joined by the penguins, King Julian and Co., and the monkeys. How do a lion, zebra, hippo, giraffe, four penguins, two monkeys, three lemurs travel through Europe without attracting attention and get back to New York? They join a traveling circus. Their attempts to get back to New York are consistently hampered by the Captain of Animal Control who wants to make Alex part of her collection. Once they make it back to New York Marty, Alex, Gloria and Melman realize that they want to be part of the traveling circus.","['alex', 'marty', 'gloria', 'melman', 'try', 'big', 'apple', 'beloved', 'central', 'park', 'zoo', 'need', 'find', 'penguin', 'travel', 'monte', 'carlo', 'attract', 'attention', 'animal', 'control', 'gate', 'crash', 'party', 'join', 'penguin', 'king', 'julian', 'co.', 'monkey', 'lion', 'zebra', 'hippo', 'giraffe', 'penguin', 'monkey', 'lemur', 'travel', 'europe', 'attract', 'attention', 'new', 'york', 'join', 'travel', 'circus', 'attempt', 'new', 'york', 'consistently', 'hamper', 'captain', 'animal', 'control', 'want', 'alex', 'collection', 'new', 'york', 'marty', 'alex', 'gloria', 'melman', 'realize', 'want', 'travel', 'circus']"
The Dark Knight Rises,2012,"Action, Drama, Thriller","Despite his tarnished reputation after the events of The Dark Knight (2008), in which he took the rap for Dent's crimes, Batman feels compelled to intervene to assist the city and its Police force, which is struggling to cope with Bane's plans to destroy the city.","['despite', 'tarnish', 'reputation', 'event', 'dark', 'knight', '2008', 'take', 'rap', 'dent', 'crime', 'batman', 'feel', 'compel', 'intervene', 'assist', 'city', 'police', 'force', 'struggle', 'cope', 'bane', 'plan', 'destroy', 'city']"
The Hobbit: An Unexpected Journey,2012,"Adventure, Fantasy","Bilbo Baggins is swept into a quest to reclaim the lost Dwarf Kingdom of Erebor from the fearsome dragon Smaug. Approached out of the blue by the wizard Gandalf the Grey, Bilbo finds himself joining a company of thirteen dwarves led by the legendary warrior, Thorin Oakenshield. Their journey will take them into the Wild; through treacherous lands swarming with Goblins and Orcs, deadly Wargs and Giant Spiders, Shapeshifters and Sorcerers. Although their goal lies to the East and the wastelands of the Lonely Mountain first they must escape the goblin tunnels, where Bilbo meets the creature that will change his life forever ... Gollum. Here, alone with Gollum, on the shores of an underground lake, the unassuming Bilbo Baggins not only discovers depths of guile and courage that surprise even him, he also gains possession of Gollum's ""precious"" ring that holds unexpected and useful qualities ... A simple, gold ring that is tied to the fate of all Middle-earth in ways Bilbo cannot begin to know.","['bilbo', 'baggin', 'sweep', 'quest', 'reclaim', 'lose', 'dwarf', 'kingdom', 'erebor', 'fearsome', 'dragon', 'smaug', 'approach', 'blue', 'wizard', 'gandalf', 'grey', 'bilbo', 'find', 'join', 'company', 'thirteen', 'dwarf', 'lead', 'legendary', 'warrior', 'thorin', 'oakenshield', 'journey', 'wild', 'treacherous', 'land', 'swarm', 'goblin', 'orc', 'deadly', 'warg', 'giant', 'spider', 'shapeshifter', 'sorcerer', 'goal', 'lie', 'east', 'wasteland', 'lonely', 'mountain', 'escape', 'goblin', 'tunnel', 'bilbo', 'meet', 'creature', 'change', 'life', 'forever', 'gollum', 'gollum', 'shore', 'underground', 'lake', 'unassuming', 'bilbo', 'baggins', 'discover', 'depth', 'guile', 'courage', 'surprise', 'gain', 'possession', 'gollum', 'precious', 'ring', 'hold', 'unexpected', 'useful', 'quality', 'simple', 'gold', 'ring', 'tie', 'fate', 'middle', 'earth', 'way', 'bilbo', 'begin', 'know']"
Harry Potter and the Deathly Hallows: Part 2,2011,"Adventure, Family, Fantasy","Harry (Daniel Radcliffe), Ron (Rupert Grint), and Hermione (Emma Watson) continue their quest of finding and destroying Voldemort's (Ralph Fiennes') three remaining Horcruxes, the magical items responsible for his immortality. But as the mystical Deathly Hallows are uncovered, and Voldemort finds out about their mission, the biggest battle begins, and life as they know it will never be the same again.","['harry', 'daniel', 'radcliffe', 'ron', 'rupert', 'grint', 'hermione', 'emma', 'watson', 'continue', 'quest', 'find', 'destroy', 'voldemort', 'ralph', 'fienne', 'remain', 'horcruxe', 'magical', 'item', 'responsible', 'immortality', 'mystical', 'deathly', 'hallow', 'uncover', 'voldemort', 'find', 'mission', 'big', 'battle', 'begin', 'life', 'know']"
Kung Fu Panda 2,2011,"Animation, Action, Adventure","After a year of being the dragon warrior, obesitized but fearless Po (Black) is a hero in China along with Crane (Cross), Mantis (Rogen), Monkey (Chan), Viper (Liu), Tigress (Jolie), and Shifu (Hoffman). But trouble pops out when villian Shen (Oldman) begins chaos. Everybody is ready to fight, but Po is unprepared when he learns Shen was his enemy in his infancy.","['year', 'dragon', 'warrior', 'obesitized', 'fearless', 'po', 'black', 'hero', 'china', 'crane', 'cross', 'mantis', 'rogen', 'monkey', 'chan', 'viper', 'liu', 'tigress', 'jolie', 'shifu', 'hoffman', 'trouble', 'pop', 'villian', 'shen', 'oldman', 'begin', 'chaos', 'everybody', 'ready', 'fight', 'po', 'unprepared', 'learn', 'shen', 'enemy', 'infancy']"
Mission: Impossible - Ghost Protocol,2011,"Action, Adventure, Thriller","In the fourth installment of the Mission Impossible series, Ethan Hunt and a new team race against time to track down Hendricks, a dangerous terrorist who has gained access to Russian nuclear launch codes and is planning a strike on the United States. An attempt by the team to stop him at the Kremlin ends in a disaster, with an explosion causing severe damage to the Kremlin and the IMF being implicated in the bombing, forcing the President to invoke Ghost Protocol, under which the IMF is disavowed, and will be offered no help or backup in any form. Undaunted, Ethan and his team chase Hendricks to Dubai, and from there to Mumbai, but several spectacular action sequences later, they might still be too late to stop a disaster.","['fourth', 'installment', 'mission', 'impossible', 'series', 'ethan', 'hunt', 'new', 'team', 'race', 'time', 'track', 'hendrick', 'dangerous', 'terrorist', 'gain', 'access', 'russian', 'nuclear', 'launch', 'code', 'plan', 'strike', 'united', 'states', 'attempt', 'team', 'stop', 'kremlin', 'end', 'disaster', 'explosion', 'cause', 'severe', 'damage', 'kremlin', 'imf', 'implicate', 'bombing', 'force', 'president', 'invoke', 'ghost', 'protocol', 'imf', 'disavow', 'offer', 'help', 'backup', 'form', 'undaunted', 'ethan', 'team', 'chase', 'hendrick', 'dubai', 'mumbai', 'spectacular', 'action', 'sequence', 'later', 'late', 'stop', 'disaster']"
Puss in Boots,2011,"Animation, Action, Adventure","Years before meeting Shrek and Donkey, the adorable but tricky Puss in Boots must clear his name from all charges making him a wanted fugitive. While trying to steal magic beans from the infamous criminals Jack and Jill, the hero crosses paths with his female match, Kitty Softpaws, who leads Puss to his old friend, but now enemy, Humpty Dumpty. Memories of friendship and betrayal enlarges Puss' doubt, but he eventually agrees to help the egg get the magic beans. Together, the three plan to steal the beans, get to the Giant's castle, nab the golden goose, and clear Puss' name.","['year', 'meet', 'shrek', 'donkey', 'adorable', 'tricky', 'puss', 'boot', 'clear', 'charge', 'make', 'wanted', 'fugitive', 'try', 'steal', 'magic', 'bean', 'infamous', 'criminal', 'jack', 'jill', 'hero', 'cross', 'path', 'female', 'match', 'kitty', 'softpaw', 'lead', 'puss', 'old', 'friend', 'enemy', 'humpty', 'dumpty', 'memory', 'friendship', 'betrayal', 'enlarge', 'puss', 'doubt', 'eventually', 'agree', 'help', 'egg', 'magic', 'bean', 'plan', 'steal', 'bean', 'giant', 'castle', 'nab', 'golden', 'goose', 'clear', 'puss']"
X-Men: First Class,2011,"Action, Sci-Fi","Before Charles Xavier and Erik Lensherr took the names Professor X and Magneto, they were two young men discovering their powers for the first time. Before they were archenemies, they were closest of friends, working together, with other Mutants (some familiar, some new), to stop the greatest threat the world has ever known. In the process, a rift between them opened, which began the eternal war between Magneto's Brotherhood and Professor X's X-MEN.","['charles', 'xavier', 'erik', 'lensherr', 'take', 'name', 'professor', 'x', 'magneto', 'young', 'man', 'discover', 'power', 'time', 'archenemie', 'close', 'friend', 'work', 'mutant', 'familiar', 'new', 'stop', 'great', 'threat', 'world', 'know', 'process', 'rift', 'open', 'begin', 'eternal', 'war', 'magneto', 'brotherhood', 'professor', 'x', 'x', 'man']"
Despicable Me,2010,"Animation, Adventure, Comedy","In a happy suburban neighborhood surrounded by white picket fences with flowering rose bushes, sits a black house with a dead lawn. Unbeknownst to the neighbors, hidden beneath this house is a vast secret hideout. Surrounded by a small army of minions, we discover Gru (Steve Carell), planning the biggest heist in the history of the world. He is going to steal the moon. Gru delights in all things wicked. Armed with his arsenal of shrink rays, freeze rays, and battle-ready vehicles for land and air, he vanquishes all who stand in his way. Until the day he encounters the immense will of three little orphaned girls who look at him and see something that no one else has ever seen: a potential Dad. The world's greatest villain has just met his greatest challenge: three little girls named Margo (Miranda Cosgrove), Edith (Dana Gaier), and Agnes (Elsie Fisher).","['happy', 'suburban', 'neighborhood', 'surround', 'white', 'picket', 'fence', 'flower', 'rise', 'bush', 'sit', 'black', 'house', 'dead', 'lawn', 'unbeknownst', 'neighbor', 'hide', 'beneath', 'house', 'vast', 'secret', 'hideout', 'surround', 'small', 'army', 'minion', 'discover', 'gru', 'steve', 'carell', 'plan', 'big', 'heist', 'history', 'world', 'go', 'steal', 'moon', 'gru', 'delight', 'thing', 'wicked', 'arm', 'arsenal', 'shrink', 'ray', 'freeze', 'ray', 'battle', 'ready', 'vehicle', 'land', 'air', 'vanquish', 'stand', 'way', 'day', 'encounter', 'immense', 'little', 'orphan', 'girl', 'look', 'see', 'potential', 'dad', 'world', 'great', 'villain', 'meet', 'great', 'challenge', 'little', 'girl', 'name', 'margo', 'miranda', 'cosgrove', 'edith', 'dana', 'gaier', 'agne', 'elsie', 'fisher']"
Harry Potter and the Deathly Hallows: Part 1,2010,"Adventure, Family, Fantasy","Voldemort's (Ralph Fiennes') power is growing stronger. He now has control over the Ministry of Magic and Hogwarts. Harry (Daniel Radcliffe), Ron (Rupert Grint), and Hermione (Emma Watson) decide to finish Dumbledore's (Sir Michael Gambon's) work and find the rest of the Horcruxes to defeat the Dark Lord. But little hope remains for the trio and the rest of the Wizarding World, so everything they do must go as planned.","['voldemort', 'ralph', 'fienne', 'power', 'grow', 'strong', 'control', 'ministry', 'magic', 'hogwart', 'harry', 'daniel', 'radcliffe', 'ron', 'rupert', 'grint', 'hermione', 'emma', 'watson', 'decide', 'finish', 'dumbledore', 'sir', 'michael', 'gambon', 'work', 'find', 'rest', 'horcruxe', 'defeat', 'dark', 'lord', 'little', 'hope', 'remain', 'trio', 'rest', 'wizarde', 'world', 'plan']"
How to Train Your Dragon,2010,"Animation, Action, Adventure","Long ago up North on the Island of Berk, the young Viking, Hiccup, wants to join his town's fight against the dragons that continually raid their town. However, his macho father and village leader, Stoik the Vast, will not allow his small, clumsy, but inventive son to do so. Regardless, Hiccup ventures out into battle and downs a mysterious Night Fury dragon with his invention, but can't bring himself to kill it. Instead, Hiccup and the dragon, whom he dubs Toothless, begin a friendship that would open up both their worlds as the observant boy learns that his people have misjudged the species. But even as the two each take flight in their own way, they find that they must fight the destructive ignorance plaguing their world.","['long', 'ago', 'north', 'island', 'berk', 'young', 'viking', 'hiccup', 'want', 'join', 'town', 'fight', 'dragon', 'continually', 'raid', 'town', 'macho', 'father', 'village', 'leader', 'stoik', 'vast', 'allow', 'small', 'clumsy', 'inventive', 'son', 'regardless', 'hiccup', 'venture', 'battle', 'down', 'mysterious', 'night', 'fury', 'dragon', 'invention', 'bring', 'kill', 'instead', 'hiccup', 'dragon', 'dub', 'toothless', 'begin', 'friendship', 'open', 'world', 'observant', 'boy', 'learn', 'people', 'misjudge', 'specie', 'flight', 'way', 'find', 'fight', 'destructive', 'ignorance', 'plague', 'world']"
Inception,2010,"Action, Adventure, Sci-Fi","Dom Cobb is a skilled thief, the absolute best in the dangerous art of extraction, stealing valuable secrets from deep within the subconscious during the dream state, when the mind is at its most vulnerable. Cobb's rare ability has made him a coveted player in this treacherous new world of corporate espionage, but it has also made him an international fugitive and cost him everything he has ever loved. Now Cobb is being offered a chance at redemption. One last job could give him his life back but only if he can accomplish the impossible, inception. Instead of the perfect heist, Cobb and his team of specialists have to pull off the reverse: their task is not to steal an idea, but to plant one. If they succeed, it could be the perfect crime. But no amount of careful planning or expertise can prepare the team for the dangerous enemy that seems to predict their every move. An enemy that only Cobb could have seen coming.","['dom', 'cobb', 'skilled', 'thief', 'absolute', 'good', 'dangerous', 'art', 'extraction', 'steal', 'valuable', 'secret', 'deep', 'subconscious', 'dream', 'state', 'mind', 'vulnerable', 'cobb', 'rare', 'ability', 'coveted', 'player', 'treacherous', 'new', 'world', 'corporate', 'espionage', 'international', 'fugitive', 'cost', 'love', 'cobb', 'offer', 'chance', 'redemption', 'job', 'life', 'accomplish', 'impossible', 'inception', 'instead', 'perfect', 'heist', 'cobb', 'team', 'specialist', 'pull', 'reverse', 'task', 'steal', 'idea', 'plant', 'succeed', 'perfect', 'crime', 'careful', 'planning', 'expertise', 'prepare', 'team', 'dangerous', 'enemy', 'predict', 'enemy', 'cobb', 'see', 'come']"
Inception,2010,"Action, Adventure, Sci-Fi","Dom Cobb is a skilled thief, the absolute best in the dangerous art of extraction, stealing valuable secrets from deep within the subconscious during the dream state, when the mind is at its most vulnerable. Cobb's rare ability has made him a coveted player in this treacherous new world of corporate espionage, but it has also made him an international fugitive and cost him everything he has ever loved. Now Cobb is being offered a chance at redemption. One last job could give him his life back but only if he can accomplish the impossible, inception. Instead of the perfect heist, Cobb and his team of specialists have to pull off the reverse: their task is not to steal an idea, but to plant one. If they succeed, it could be the perfect crime. But no amount of careful planning or expertise can prepare the team for the dangerous enemy that seems to predict their every move. An enemy that only Cobb could have seen coming.","['dom', 'cobb', 'skilled', 'thief', 'absolute', 'good', 'dangerous', 'art', 'extraction', 'steal', 'valuable', 'secret', 'deep', 'subconscious', 'dream', 'state', 'mind', 'vulnerable', 'cobb', 'rare', 'ability', 'coveted', 'player', 'treacherous', 'new', 'world', 'corporate', 'espionage', 'international', 'fugitive', 'cost', 'love', 'cobb', 'offer', 'chance', 'redemption', 'job', 'life', 'accomplish', 'impossible', 'inception', 'instead', 'perfect', 'heist', 'cobb', 'team', 'specialist', 'pull', 'reverse', 'task', 'steal', 'idea', 'plant', 'succeed', 'perfect', 'crime', 'careful', 'planning', 'expertise', 'prepare', 'team', 'dangerous', 'enemy', 'predict', 'enemy', 'cobb', 'see', 'come']"
Megamind,2010,"Animation, Action, Adventure","After super-villain Megamind (Ferrell) kills his good-guy nemesis, Metro Man (Pitt), he becomes bored since there is no one left to fight. He creates a new foe, Titan (Hill), who, instead of using his powers for good, sets out to destroy the world, positioning Megamind to save the day for the first time in his life.","['super', 'villain', 'megamind', 'ferrell', 'kill', 'good', 'guy', 'nemesis', 'metro', 'man', 'pitt', 'bored', 'leave', 'fight', 'create', 'new', 'foe', 'titan', 'hill', 'instead', 'power', 'good', 'set', 'destroy', 'world', 'position', 'megamind', 'save', 'day', 'time', 'life']"
Shrek Forever After,2010,"Animation, Adventure, Comedy","The once hideous ogre Shrek (Mike Myers) is now living a good life with wife Fiona (Cameron Diaz) and his three children. But he soon has a meltdown in front of them and his friends during his kids' birthday party. He suddenly wants to be a real ogre like he was before he ever met Fiona. So he turns to devious dealmaker Rumpelstiltskin (Walt Dohrn) for help. At first, Shrek lives the life he once lost and everything is good. But he soon finds out that he has been set up by Rumpelstiltskin, who now rules the land with an iron fist. Teaming with friends Donkey (Eddie Murphy), Fiona, and Puss in Boots (Antonio Banderas), Shrek is in for the fight of his life as he tries to get his life back before time runs out.","['hideous', 'ogre', 'shrek', 'mike', 'myers', 'live', 'good', 'life', 'wife', 'fiona', 'cameron', 'diaz', 'child', 'soon', 'meltdown', 'friend', 'kid', 'birthday', 'party', 'suddenly', 'want', 'real', 'ogre', 'like', 'meet', 'fiona', 'turn', 'devious', 'dealmaker', 'rumpelstiltskin', 'walt', 'dohrn', 'help', 'shrek', 'live', 'life', 'lose', 'good', 'soon', 'find', 'set', 'rumpelstiltskin', 'rule', 'land', 'iron', 'fist', 'team', 'friend', 'donkey', 'eddie', 'murphy', 'fiona', 'puss', 'boot', 'antonio', 'bandera', 'shrek', 'fight', 'life', 'try', 'life', 'time', 'run']"
Shutter Island,2010,"Drama, Mystery, Thriller","In 1954, up-and-coming U.S. marshal Teddy Daniels is assigned to investigate the disappearance of a patient from Boston's Shutter Island Ashecliffe Hospital. He's been pushing for an assignment on the island for personal reasons, but before long he thinks he's been brought there as part of a twisted plot by hospital doctors whose radical treatments range from unethical to illegal to downright sinister. Teddy's shrewd investigating skills soon provide a promising lead, but the hospital refuses him access to records he suspects would break the case wide open. As a hurricane cuts off communication with the mainland, more dangerous criminals ""escape"" in the confusion, and the puzzling, improbable clues multiply, Teddy begins to doubt everything - his memory, his partner, even his own sanity.","['1954', 'come', 'u.s', 'marshal', 'teddy', 'daniels', 'assign', 'investigate', 'disappearance', 'patient', 'boston', 'shutter', 'island', 'ashecliffe', 'hospital', 'push', 'assignment', 'island', 'personal', 'reason', 'long', 'think', 'bring', 'twisted', 'plot', 'hospital', 'doctor', 'radical', 'treatment', 'range', 'unethical', 'illegal', 'downright', 'sinister', 'teddy', 'shrewd', 'investigate', 'skill', 'soon', 'provide', 'promising', 'lead', 'hospital', 'refuse', 'access', 'record', 'suspect', 'break', 'case', 'wide', 'open', 'hurricane', 'cut', 'communication', 'mainland', 'dangerous', 'criminal', 'escape', 'confusion', 'puzzling', 'improbable', 'clue', 'multiply', 'teddy', 'begin', 'doubt', 'memory', 'partner', 'sanity']"
Tangled,2010,"Animation, Adventure, Comedy","After receiving the healing powers from a magical flower, the baby Princess Rapunzel is kidnapped from the palace in the middle of the night by Mother Gothel. Mother Gothel knows that the flower's magical powers are now growing within the golden hair of Rapunzel, and to stay young, she must lock Rapunzel in her hidden tower. Rapunzel is now a teenager and her hair has grown to a length of 70-feet. The beautiful Rapunzel has been in the tower her entire life, and she is curious of the outside world. One day, the bandit Flynn Ryder scales the tower and is taken captive by Rapunzel. Rapunzel strikes a deal with the charming thief to act as her guide to travel to the place where the floating lights come from that she has seen every year on her birthday. Rapunzel is about to have the most exciting and magnificent journey of her life.","['receive', 'heal', 'power', 'magical', 'flower', 'baby', 'princess', 'rapunzel', 'kidnap', 'palace', 'middle', 'night', 'mother', 'gothel', 'mother', 'gothel', 'know', 'flower', 'magical', 'power', 'grow', 'golden', 'hair', 'rapunzel', 'stay', 'young', 'lock', 'rapunzel', 'hidden', 'tower', 'rapunzel', 'teenager', 'hair', 'grow', 'length', '70', 'foot', 'beautiful', 'rapunzel', 'tower', 'entire', 'life', 'curious', 'outside', 'world', 'day', 'bandit', 'flynn', 'ryder', 'scale', 'tower', 'take', 'captive', 'rapunzel', 'rapunzel', 'strike', 'deal', 'charming', 'thief', 'act', 'guide', 'travel', 'place', 'float', 'light', 'come', 'see', 'year', 'birthday', 'rapunzel', 'exciting', 'magnificent', 'journey', 'life']"
Toy Story 3,2010,"Animation, Adventure, Comedy","Woody, Buzz and the whole gang are back. As their owner Andy prepares to depart for college, his loyal toys find themselves in daycare where untamed tots with their sticky little fingers do not play nice. So, it's all for one and one for all as they join Barbie's counterpart Ken, a thespian hedgehog named Mr. Pricklepants and a pink, strawberry-scented teddy bear called Lots-o'-Huggin' Bear to plan their great escape.","['woody', 'buzz', 'gang', 'owner', 'andy', 'prepare', 'depart', 'college', 'loyal', 'toy', 'find', 'daycare', 'untamed', 'tot', 'sticky', 'little', 'finger', 'play', 'nice', 'join', 'barbie', 'counterpart', 'ken', 'thespian', 'hedgehog', 'name', 'mr', 'pricklepant', 'pink', 'strawberry', 'scent', 'teddy', 'bear', 'call', 'lot', ""o'-huggin"", 'bear', 'plan', 'great', 'escape']"
Angels & Demons,2009,"Mystery, Thriller","Following the murder of a physicist, Father Silvano Bentivoglio, a symbolist, Robert Langdon, and a scientist, Vittoria Vetra, are on an adventure involving a secret brotherhood, the Illuminati. Clues lead them all around the Vatican, including the four altars of science, Earth, Air, Fire and Water. An assassin, working for the Illuminati, has captured four cardinals, and murders each, painfully. Robert and Vittoria also are searching for a new very destructive weapon that could kill millions.","['follow', 'murder', 'physicist', 'father', 'silvano', 'bentivoglio', 'symbolist', 'robert', 'langdon', 'scientist', 'vittoria', 'vetra', 'adventure', 'involve', 'secret', 'brotherhood', 'illuminati', 'clue', 'lead', 'vatican', 'include', 'altar', 'science', 'earth', 'air', 'fire', 'water', 'assassin', 'work', 'illuminati', 'capture', 'cardinal', 'murder', 'painfully', 'robert', 'vittoria', 'search', 'new', 'destructive', 'weapon', 'kill', 'million']"
Cloudy with a Chance of Meatballs,2009,"Animation, Adventure, Comedy","Flint Lockwood thinks he's a genius. But none of the things he invented are things that make sense or are useful. However, he has the support of his mother but when she dies, he's left alone with his father who thinks he should give it up. When the community that he lives in is in an economic crisis because their primary source of income, a sardine cannery, was shut down, Flint decides to try his latest invention, a machine that can turn water into food. But something goes wrong and the machine ends up in the atmosphere. Later it starts raining food. The shifty mayor tries to use this as a way to help their community, but when Flint senses something wrong with the machine, the mayor convinces him to ignore it. However, as Flint predicts, chaos ensues.","['flint', 'lockwood', 'think', 'genius', 'thing', 'invent', 'thing', 'sense', 'useful', 'support', 'mother', 'die', 'leave', 'father', 'think', 'community', 'live', 'economic', 'crisis', 'primary', 'source', 'income', 'sardine', 'cannery', 'shut', 'flint', 'decide', 'try', 'late', 'invention', 'machine', 'turn', 'water', 'food', 'go', 'wrong', 'machine', 'end', 'atmosphere', 'later', 'start', 'rain', 'food', 'shifty', 'mayor', 'try', 'use', 'way', 'help', 'community', 'flint', 'sense', 'wrong', 'machine', 'mayor', 'convince', 'ignore', 'flint', 'predict', 'chaos', 'ensue']"
Harry Potter and the Half-Blood Prince,2009,"Action, Adventure, Family","During Harry Potter's sixth year at Hogwarts, he finds a book that once belonged to the mysterious Half-Blood Prince that earns him the respect of his new Potions professor Horace Slughorn. In addition, Dumbledore must prepare Harry for the ultimate final confrontation by finding out the secret behind Voldemort's power. Meanwhile, a hidden enemy waits in the shadows to carry out a mission given to him by the Dark Lord.","['harry', 'potter', 'sixth', 'year', 'hogwart', 'find', 'book', 'belong', 'mysterious', 'half', 'blood', 'prince', 'earn', 'respect', 'new', 'potion', 'professor', 'horace', 'slughorn', 'addition', 'dumbledore', 'prepare', 'harry', 'ultimate', 'final', 'confrontation', 'find', 'secret', 'voldemort', 'power', 'hidden', 'enemy', 'wait', 'shadow', 'carry', 'mission', 'give', 'dark', 'lord']"
Up,2009,"Animation, Adventure, Comedy","As a boy, Carl Fredricksen wanted to explore South America and find the forbidden Paradise Falls. About 64 years later he gets to begin his journey along with Boy Scout Russell by lifting his house with thousands of balloons. On their journey, they make many new friends including a talking dog, and figure out that someone has evil plans. Carl soon realizes that this evildoer is his childhood idol.","['boy', 'carl', 'fredricksen', 'want', 'explore', 'south', 'america', 'find', 'forbidden', 'paradise', 'fall', '64', 'year', 'later', 'get', 'begin', 'journey', 'boy', 'scout', 'russell', 'lift', 'house', 'thousand', 'balloon', 'journey', 'new', 'friend', 'include', 'talk', 'dog', 'figure', 'evil', 'plan', 'carl', 'soon', 'realize', 'evildoer', 'childhood', 'idol']"
X-Men Origins: Wolverine,2009,"Action, Sci-Fi","Two mutant brothers, Logan and Victor, born two hundred years ago, suffer childhood trauma and have only each other to depend on. Basically, they're fighters and killers, living from war to war throughout U.S. history. In modern times, a U.S. Colonel, Stryker, recruits them and other mutants as commandos. Logan quits and becomes a logger, falling in love with a local teacher. When Logan refuses to rejoin Stryker's crew, the Colonel sends the murderous Victor. Logan now wants revenge.","['mutant', 'brother', 'logan', 'victor', 'bear', 'year', 'ago', 'suffer', 'childhood', 'trauma', 'depend', 'basically', 'fighter', 'killer', 'live', 'war', 'war', 'u.s', 'history', 'modern', 'time', 'u.s', 'colonel', 'stryker', 'recruit', 'mutant', 'commando', 'logan', 'quit', 'logger', 'fall', 'love', 'local', 'teacher', 'logan', 'refuse', 'rejoin', 'stryker', 'crew', 'colonel', 'send', 'murderous', 'victor', 'logan', 'want', 'revenge']"
Kung Fu Panda,2008,"Animation, Action, Adventure","It's the story about a lazy, irreverent slacker panda, named Po, who is the biggest fan of Kung Fu around...which doesn't exactly come in handy while working every day in his family's noodle shop. Unexpectedly chosen to fulfill an ancient prophecy, Po's dreams become reality when he joins the world of Kung Fu and studies alongside his idols, the legendary Furious Five -- Tigress, Crane, Mantis, Viper and Monkey -- under the leadership of their guru, Master Shifu. But before they know it, the vengeful and treacherous snow leopard Tai Lung is headed their way, and it's up to Po to defend everyone from the oncoming threat. Can he turn his dreams of becoming a Kung Fu master into reality? Po puts his heart - and his girth - into the task, and the unlikely hero ultimately finds that his greatest weaknesses turn out to be his greatest strengths.","['story', 'lazy', 'irreverent', 'slacker', 'panda', 'name', 'po', 'big', 'fan', 'kung', 'fu', 'exactly', 'come', 'handy', 'work', 'day', 'family', 'noodle', 'shop', 'unexpectedly', 'choose', 'fulfill', 'ancient', 'prophecy', 'po', 'dream', 'reality', 'join', 'world', 'kung', 'fu', 'study', 'alongside', 'idol', 'legendary', 'furious', 'tigress', 'crane', 'mantis', 'viper', 'monkey', 'leadership', 'guru', 'master', 'shifu', 'know', 'vengeful', 'treacherous', 'snow', 'leopard', 'tai', 'lung', 'head', 'way', 'po', 'defend', 'oncoming', 'threat', 'turn', 'dream', 'kung', 'fu', 'master', 'reality', 'po', 'put', 'heart', 'girth', 'task', 'unlikely', 'hero', 'ultimately', 'find', 'great', 'weakness', 'turn', 'great', 'strength']"
Madagascar: Escape 2 Africa,2008,"Animation, Adventure, Comedy","The sequel to 2005's ""Madagascar"", in which New York Zoo animals, Alex the Lion, Marty the Zebra, Melman the Giraffe and Gloria the Hippo, still stranded on Madagascar, start to leave the island. All of a sudden, they land in the wilderness of Africa, where Alex meets the rest of his family, but has trouble communicating with them after spending so much time at the Central Park Zoo.","['sequel', '2005', 'madagascar', 'new', 'york', 'zoo', 'animal', 'alex', 'lion', 'marty', 'zebra', 'melman', 'giraffe', 'gloria', 'hippo', 'strand', 'madagascar', 'start', 'leave', 'island', 'sudden', 'land', 'wilderness', 'africa', 'alex', 'meet', 'rest', 'family', 'trouble', 'communicate', 'spend', 'time', 'central', 'park', 'zoo']"
The Dark Knight,2008,"Action, Crime, Drama","Set within a year after the events of Batman Begins (2005), Batman, Lieutenant James Gordon, and new District Attorney Harvey Dent successfully begin to round up the criminals that plague Gotham City, until a mysterious and sadistic criminal mastermind known only as ""The Joker"" appears in Gotham, creating a new wave of chaos. Batman's struggle against The Joker becomes deeply personal, forcing him to ""confront everything he believes"" and improve his technology to stop him. A love triangle develops between Bruce Wayne, Dent, and Rachel Dawes.","['set', 'year', 'event', 'batman', 'begin', '2005', 'batman', 'lieutenant', 'james', 'gordon', 'new', 'district', 'attorney', 'harvey', 'dent', 'successfully', 'begin', 'round', 'criminal', 'plague', 'gotham', 'city', 'mysterious', 'sadistic', 'criminal', 'mastermind', 'know', 'joker', 'appear', 'gotham', 'create', 'new', 'wave', 'chaos', 'batman', 'struggle', 'joker', 'deeply', 'personal', 'force', 'confront', 'believe', 'improve', 'technology', 'stop', 'love', 'triangle', 'develop', 'bruce', 'wayne', 'dent', 'rachel', 'dawes']"
Valkyrie,2008,"Drama, History, Thriller","In Nazi Germany during World War II, as the tide turned in favor of the Allies, a cadre of senior German officers and politicians desperately plot to topple the Nazi regime before the nation is crushed in a nearly inevitable defeat. To this end, Colonel Claus von Stauffenberg, an Army officer convinced he must save Germany from Adolf Hitler, is recruited to mastermind a real plan. To do so, he arranges for the internal emergency measure, Operation: Valkyrie, to be changed to enable his fellows to seize control of Berlin after the assassination of Der Führer. However, even as the plan is put into action, a combination of bad luck and human failings conspire on their own to create a tragedy that would prolong the greater one gripping Europe.","['nazi', 'germany', 'world', 'war', 'ii', 'tide', 'turn', 'favor', 'ally', 'cadre', 'senior', 'german', 'officer', 'politician', 'desperately', 'plot', 'topple', 'nazi', 'regime', 'nation', 'crush', 'nearly', 'inevitable', 'defeat', 'end', 'colonel', 'claus', 'von', 'stauffenberg', 'army', 'officer', 'convince', 'save', 'germany', 'adolf', 'hitler', 'recruit', 'mastermind', 'real', 'plan', 'arrange', 'internal', 'emergency', 'measure', 'operation', 'valkyrie', 'change', 'enable', 'fellow', 'seize', 'control', 'berlin', 'assassination', 'der', 'führer', 'plan', 'action', 'combination', 'bad', 'luck', 'human', 'failing', 'conspire', 'create', 'tragedy', 'prolong', 'great', 'grip', 'europe']"
Harry Potter and the Order of the Phoenix,2007,"Action, Adventure, Family","After a lonely summer on Privet Drive, Harry (Daniel Radcliffe) returns to a Hogwarts full of ill-fortune. Few of students and parents believe him or Dumbledore (Sir Michael Gambon) that Voldemort (Ralph Fiennes) is really back. The ministry had decided to step in by appointing a new Defense Against the Dark Arts teacher, Professor Dolores Umbridge (Imelda Staunton), who proves to be the nastiest person Harry has ever encountered. Harry also can't help stealing glances with the beautiful Cho Chang (Katie Leung). To top it off are dreams that Harry can't explain, and a mystery behind something for which Voldemort is searching. With these many things, Harry begins one of his toughest years at Hogwarts School of Witchcraft and Wizardry.","['lonely', 'summer', 'privet', 'drive', 'harry', 'daniel', 'radcliffe', 'return', 'hogwart', 'ill', 'fortune', 'student', 'parent', 'believe', 'dumbledore', 'sir', 'michael', 'gambon', 'voldemort', 'ralph', 'fienne', 'ministry', 'decide', 'step', 'appoint', 'new', 'defense', 'dark', 'art', 'teacher', 'professor', 'dolore', 'umbridge', 'imelda', 'staunton', 'prove', 'nasty', 'person', 'harry', 'encounter', 'harry', 'help', 'steal', 'glance', 'beautiful', 'cho', 'chang', 'katie', 'leung', 'dream', 'harry', 'explain', 'mystery', 'voldemort', 'search', 'thing', 'harry', 'begin', 'tough', 'year', 'hogwart', 'school', 'witchcraft', 'wizardry']"
Rush Hour 3,2007,"Action, Comedy, Crime","Almost three years after their last adventure in Rush Hour 2 (2001), Carter is now working as a Los Angeles traffic officer, while his friend and ace Hong Kong Police inspector, Lee, escorts the Chinese Ambassador, Han, to the World Criminal Court, to disclose crucial information about the Triads. However, after a botched assassination attempt, the mismatched duo will find themselves in picturesque Paris, struggling to retrieve a precious list of names, as the murderous crime syndicate's henchmen try their best to stop them. Once more, Lee and Carter must fight their way through dangerous gangsters; however, this time, the past has come back to haunt Lee. Will the boys get the job done once and for all?","['year', 'adventure', 'rush', 'hour', '2', '2001', 'carter', 'work', 'los', 'angeles', 'traffic', 'officer', 'friend', 'ace', 'hong', 'kong', 'police', 'inspector', 'lee', 'escort', 'chinese', 'ambassador', 'han', 'world', 'criminal', 'court', 'disclose', 'crucial', 'information', 'triad', 'botched', 'assassination', 'attempt', 'mismatch', 'duo', 'find', 'picturesque', 'paris', 'struggle', 'retrieve', 'precious', 'list', 'name', 'murderous', 'crime', 'syndicate', 'henchman', 'try', 'good', 'stop', 'lee', 'carter', 'fight', 'way', 'dangerous', 'gangster', 'time', 'past', 'come', 'haunt', 'lee', 'boy', 'job']"
Shrek the Third,2007,"Animation, Adventure, Comedy","When King Harold (John Cleese) of Far, Far Away dies, the clumsy Shrek (Mike Myers) becomes the immediate successor of the throne. However, Shrek decides to find the legitimate heir Artie (Justin Timberlake) in a distant kingdom with his friends Donkey (Eddie Murphy) and Puss in Boots (Antonio Banderas) to be able return to his beloved house in the swamp with the pregnant Fiona (Cameron Diaz). Meanwhile, the envious and ambitious Prince Charming (Rupert Everett) joins the villains of the fairytales plotting a coup d'état to become the new King.","['king', 'harold', 'john', 'cleese', 'far', 'far', 'away', 'die', 'clumsy', 'shrek', 'mike', 'myers', 'immediate', 'successor', 'throne', 'shrek', 'decide', 'find', 'legitimate', 'heir', 'artie', 'justin', 'timberlake', 'distant', 'kingdom', 'friend', 'donkey', 'eddie', 'murphy', 'puss', 'boot', 'antonio', 'bandera', 'able', 'return', 'beloved', 'house', 'swamp', 'pregnant', 'fiona', 'cameron', 'diaz', 'envious', 'ambitious', 'prince', 'charming', 'rupert', 'everett', 'join', 'villain', 'fairytale', 'plot', 'coup', ""d'état"", 'new', 'king']"
Blood Diamond,2006,"Adventure, Drama, Thriller","A story following Archer, a man tortured by his roots. With a strong survival instinct, he has made himself a key player in the business of conflict diamonds. Political unrest is rampant in Sierra Leone as people fight tooth for tooth. Upon meeting Solomon, and the beautiful Maddy, Archer's life changes forever as he is given a chance to make peace with the war around him.","['story', 'follow', 'archer', 'man', 'torture', 'root', 'strong', 'survival', 'instinct', 'key', 'player', 'business', 'conflict', 'diamond', 'political', 'unrest', 'rampant', 'sierra', 'leone', 'people', 'fight', 'tooth', 'tooth', 'meet', 'solomon', 'beautiful', 'maddy', 'archer', 'life', 'change', 'forever', 'give', 'chance', 'peace', 'war']"
Mission: Impossible III,2006,"Action, Adventure, Thriller","A man named Owen Davian kills an IMF agent that was sent undercover by the legendary Ethan Hunt, who has retired from combat missions. Hunt now has a fiancé, Julia, who believes that he works for the traffic department when he really trains younger IMF agents to go into combat. He is assigned to his last mission. His mission, should he choose to accept it is to capture Davian, who is selling a toxic weapon called the rabbits foot. But Davian is reckless, cruel, and deadly. He promises Hunt that he will find Julia, hurt her, and Ethan will be too dead to help her. The mission is no more different to others, its dangerous, smart, and impossible; but now it's personal.","['man', 'name', 'owen', 'davian', 'kill', 'imf', 'agent', 'send', 'undercover', 'legendary', 'ethan', 'hunt', 'retire', 'combat', 'mission', 'hunt', 'fiancé', 'julia', 'believe', 'work', 'traffic', 'department', 'train', 'young', 'imf', 'agent', 'combat', 'assign', 'mission', 'mission', 'choose', 'accept', 'capture', 'davian', 'sell', 'toxic', 'weapon', 'call', 'rabbit', 'foot', 'davian', 'reckless', 'cruel', 'deadly', 'promise', 'hunt', 'find', 'julia', 'hurt', 'ethan', 'dead', 'help', 'mission', 'different', 'dangerous', 'smart', 'impossible', 'personal']"
The Da Vinci Code,2006,"Mystery, Thriller","Dan Brown's controversial best-selling novel about a powerful secret that's been kept under wraps for thousands of years comes to the screen in this suspense thriller from Director Ron Howard. The stately silence of Paris' Louvre museum is broken when one of the gallery's leading curators is found dead on the grounds, with strange symbols carved into his body and left around the spot where he died. Hoping to learn the significance of the symbols, police bring in Sophie Neveu (Audrey Tautou), a gifted cryptographer who is also the victim's granddaughter. Needing help, Sophie calls on Robert Langdon (Tom Hanks), a leading symbologist from the United States. As Sophie and Robert dig deeper into the case, they discover the victim's involvement in the Priory of Sion, a secret society whose members have been privy to forbidden knowledge dating back to the birth of Christianity. In their search, Sophie and Robert happen upon evidence that could lead to the final resting place of the Holy Grail, while members of the priory and an underground Catholic society known as Opus Dei give chase, determined to prevent them from sharing their greatest secrets with the world.","['dan', 'brown', 'controversial', 'well', 'sell', 'novel', 'powerful', 'secret', 'keep', 'wrap', 'thousand', 'year', 'come', 'screen', 'suspense', 'thriller', 'director', 'ron', 'howard', 'stately', 'silence', 'paris', 'louvre', 'museum', 'break', 'gallery', 'lead', 'curator', 'find', 'dead', 'ground', 'strange', 'symbol', 'carve', 'body', 'leave', 'spot', 'die', 'hope', 'learn', 'significance', 'symbol', 'police', 'bring', 'sophie', 'neveu', 'audrey', 'tautou', 'gifted', 'cryptographer', 'victim', 'granddaughter', 'need', 'help', 'sophie', 'call', 'robert', 'langdon', 'tom', 'hanks', 'lead', 'symbologist', 'united', 'states', 'sophie', 'robert', 'dig', 'deeply', 'case', 'discover', 'victim', 'involvement', 'priory', 'sion', 'secret', 'society', 'member', 'privy', 'forbid', 'knowledge', 'date', 'birth', 'christianity', 'search', 'sophie', 'robert', 'happen', 'evidence', 'lead', 'final', 'resting', 'place', 'holy', 'grail', 'member', 'priory', 'underground', 'catholic', 'society', 'know', 'opus', 'dei', 'chase', 'determined', 'prevent', 'share', 'great', 'secret', 'world']"
The Prestige,2006,"Drama, Mystery, Sci-Fi","In the end of the nineteenth century, in London, Robert Angier, his beloved wife Julia McCullough, and Alfred Borden are friends and assistants of a magician. When Julia accidentally dies during a performance, Robert blames Alfred for her death, and they become enemies. Both become famous and rival magicians, sabotaging the performance of the other on the stage. When Alfred performs a successful trick, Robert becomes obsessed trying to disclose the secret of his competitor with tragic consequences.","['end', 'nineteenth', 'century', 'london', 'robert', 'angier', 'beloved', 'wife', 'julia', 'mccullough', 'alfred', 'borden', 'friend', 'assistant', 'magician', 'julia', 'accidentally', 'die', 'performance', 'robert', 'blame', 'alfre', 'death', 'enemy', 'famous', 'rival', 'magician', 'sabotage', 'performance', 'stage', 'alfred', 'perform', 'successful', 'trick', 'robert', 'obsess', 'try', 'disclose', 'secret', 'competitor', 'tragic', 'consequence']"
X-Men: The Last Stand,2006,"Action, Adventure, Sci-Fi","When a ""cure"" is created, which apparently can turn any mutant into a ""normal"" human being, there is outrage amongst the mutant community. While some mutants do like the idea of a ""cure"", including Rogue, many mutants find that there shouldn't be a ""cure"". Magneto, who still believes a war is coming, recruits a large team of mutants to take down Warren Worthington II and his ""cure"". Might seem easy for the X-Men to stop, but Magneto has a big advantage, which Wolverine doesn't have. Jean Grey has returned, and joined with Magneto. The Dark Phoenix has woken within her, which has the ability to destroy anything in her way, even if that ""anything"" is an X-Man.","['cure', 'create', 'apparently', 'turn', 'mutant', 'normal', 'human', 'outrage', 'mutant', 'community', 'mutant', 'like', 'idea', 'cure', 'include', 'rogue', 'mutant', 'find', 'cure', 'magneto', 'believe', 'war', 'come', 'recruit', 'large', 'team', 'mutant', 'warren', 'worthington', 'ii', 'cure', 'easy', 'x', 'man', 'stop', 'magneto', 'big', 'advantage', 'wolverine', 'jean', 'grey', 'return', 'join', 'magneto', 'dark', 'phoenix', 'wake', 'ability', 'destroy', 'way', 'x', 'man']"
Batman Begins,2005,"Action, Crime, Drama","When his parents are killed, billionaire playboy Bruce Wayne relocates to Asia, where he is mentored by Henri Ducard and Ra's Al Ghul in how to fight evil. When learning about the plan to wipe out evil in Gotham City by Ducard, Bruce prevents this plan from getting any further and heads back to his home. Back in his original surroundings, Bruce adopts the image of a bat to strike fear into the criminals and the corrupt as the icon known as ""Batman"". But it doesn't stay quiet for long.","['parent', 'kill', 'billionaire', 'playboy', 'bruce', 'wayne', 'relocate', 'asia', 'mentor', 'henri', 'ducard', 'ra', 'al', 'ghul', 'fight', 'evil', 'learn', 'plan', 'wipe', 'evil', 'gotham', 'city', 'ducard', 'bruce', 'prevent', 'plan', 'get', 'head', 'home', 'original', 'surrounding', 'bruce', 'adopt', 'image', 'bat', 'strike', 'fear', 'criminal', 'corrupt', 'icon', 'know', 'batman', 'stay', 'quiet', 'long']"
Harry Potter and the Goblet of Fire,2005,"Adventure, Family, Fantasy","Harry's (Daniel Radcliffe's) fourth year at Hogwarts is about to start and he is enjoying the summer vacation with his friends. They get the tickets to The Quidditch World Cup Final, but after the match is over, people dressed like Lord Voldemort's (Ralph Fiennes') ""Death Eaters"" set a fire to all of the visitors' tents, coupled with the appearance of Voldemort's symbol, the ""Dark Mark"" in the sky, which causes a frenzy across the magical community. That same year, Hogwarts is hosting ""The Triwizard Tournament"", a magical tournament between three well-known schools of magic : Hogwarts, Beauxbatons, and Durmstrang. The contestants have to be above the age of seventeen, and are chosen by a magical object called ""The Goblet of Fire"". On the night of selection, however, the Goblet spews out four names instead of the usual three, with Harry unwittingly being selected as the Fourth Champion. Since the magic cannot be reversed, Harry is forced to go with it and brave three exceedingly difficult tasks.","['harry', 'daniel', 'radcliffe', 'fourth', 'year', 'hogwart', 'start', 'enjoy', 'summer', 'vacation', 'friend', 'ticket', 'quidditch', 'world', 'cup', 'final', 'match', 'people', 'dress', 'like', 'lord', 'voldemort', 'ralph', 'fienne', 'death', 'eater', 'set', 'fire', 'visitor', 'tent', 'couple', 'appearance', 'voldemort', 'symbol', 'dark', 'mark', 'sky', 'cause', 'frenzy', 'magical', 'community', 'year', 'hogwart', 'host', 'triwizard', 'tournament', 'magical', 'tournament', 'know', 'school', 'magic', 'hogwart', 'beauxbaton', 'durmstrang', 'contestant', 'age', 'seventeen', 'choose', 'magical', 'object', 'call', 'goblet', 'fire', 'night', 'selection', 'goblet', 'spew', 'name', 'instead', 'usual', 'harry', 'unwittingly', 'select', 'fourth', 'champion', 'magic', 'reverse', 'harry', 'force', 'brave', 'exceedingly', 'difficult', 'task']"
Madagascar,2005,"Animation, Adventure, Comedy","Longing to roam free in the vast landscapes of Mother Africa, Marty, the bored and dejected zebra of the famous Central Park Zoo, escapes his prison on the night of his tenth birthday celebration. However, after a botched rescue attempt by Marty's companions--Alex, the content lion; Melman, the skittish giraffe, and Gloria, the resolute hippo--the friends will find themselves crated up and shipped off to a remote wildlife preserve, only to end up on the sandy shores of exotic Madagascar. At last, Marty's dream will come true; nevertheless, what does it really mean to be a truly wild animal?","['long', 'roam', 'free', 'vast', 'landscape', 'mother', 'africa', 'marty', 'bored', 'deject', 'zebra', 'famous', 'central', 'park', 'zoo', 'escape', 'prison', 'night', 'tenth', 'birthday', 'celebration', 'botched', 'rescue', 'attempt', 'marty', 'companion', 'alex', 'content', 'lion', 'melman', 'skittish', 'giraffe', 'gloria', 'resolute', 'hippo', 'friend', 'find', 'crate', 'ship', 'remote', 'wildlife', 'preserve', 'end', 'sandy', 'shore', 'exotic', 'madagascar', 'marty', 'dream', 'come', 'true', 'mean', 'truly', 'wild', 'animal']"
V for Vendetta,2005,"Action, Drama, Sci-Fi","In the distant future, Evey Hammond is an average citizen of the United Kingdom, which is under the rule of the fascist and tyrannical Norsefire Party. She is an employee of the state-run British Television Network, but soon, she becomes the number one enemy of the state together with an enigmatic and larger-than-life freedom fighter known only by the letter ""V"". V informs Evey that she must hide in his underground lair for at least one year, and while she is reluctant to the idea at first, a bond soon forms between the two individuals. In the meanwhile, the mysterious past of V is gradually revealed to the police inspector tasked with capturing him, Eric Finch, and it is not long until he starts questioning everything his government stands for.","['distant', 'future', 'evey', 'hammond', 'average', 'citizen', 'united', 'kingdom', 'rule', 'fascist', 'tyrannical', 'norsefire', 'party', 'employee', 'state', 'run', 'british', 'television', 'network', 'soon', 'number', 'enemy', 'state', 'enigmatic', 'large', 'life', 'freedom', 'fighter', 'know', 'letter', 'v', 'v', 'informs', 'evey', 'hide', 'underground', 'lair', 'year', 'reluctant', 'idea', 'bond', 'soon', 'form', 'individual', 'mysterious', 'past', 'v', 'gradually', 'reveal', 'police', 'inspector', 'task', 'capture', 'eric', 'finch', 'long', 'start', 'question', 'government', 'stand']"
War of the Worlds,2005,"Action, Adventure, Sci-Fi","An ordinary man has to protect his children against alien invaders in this science fiction action film freely adapted from the classic story by H.G. Wells. Ray Ferrier (Tom Cruise) is a dockworker living in New Jersey, divorced from his first wife Mary Ann (Miranda Otto) and estranged from his two children Rachel and Robbie (Dakota Fanning and Justin Chatwin), of whom he has custody on weekends. On one such visitation, looking after the kids becomes a little more difficult when, after a series of strange lighting storms hit his neighborhood, Ray discovers that a fleet of death-ray robotic spaceships have emerged nearby, part of the first wave of an all-out alien invasion of the Earth. Transporting his children from New York to Boston in an attempt to find safety at Mary Ann's parents' house, Ray must learn to become the protector and provider he never was in marriage.","['ordinary', 'man', 'protect', 'child', 'alien', 'invader', 'science', 'fiction', 'action', 'film', 'freely', 'adapt', 'classic', 'story', 'h.g', 'wells', 'ray', 'ferrier', 'tom', 'cruise', 'dockworker', 'live', 'new', 'jersey', 'divorce', 'wife', 'mary', 'ann', 'miranda', 'otto', 'estrange', 'child', 'rachel', 'robbie', 'dakota', 'fanning', 'justin', 'chatwin', 'custody', 'weekend', 'visitation', 'look', 'kid', 'little', 'difficult', 'series', 'strange', 'lighting', 'storm', 'hit', 'neighborhood', 'ray', 'discover', 'fleet', 'death', 'ray', 'robotic', 'spaceship', 'emerge', 'nearby', 'wave', 'alien', 'invasion', 'earth', 'transport', 'child', 'new', 'york', 'boston', 'attempt', 'find', 'safety', 'mary', 'ann', 'parent', 'house', 'ray', 'learn', 'protector', 'provider', 'marriage']"
Harry Potter and the Prisoner of Azkaban,2004,"Adventure, Family, Fantasy","Harry Potter (Daniel Radcliffe) is having a tough time with his relatives (yet again). He runs away after using magic to inflate Uncle Vernon's (Richard Griffiths') sister Marge (Pam Ferris), who was being offensive towards Harry's parents. Initially scared for using magic outside the school, he is pleasantly surprised that he won't be penalized after all. However, he soon learns that a dangerous criminal and Voldemort's trusted aide Sirius Black (Gary Oldman) has escaped from Azkaban Prison and wants to kill Harry to avenge the Dark Lord. To worsen the conditions for Harry, vile creatures called Dementors are appointed to guard the school gates and inexplicably happen to have the most horrible effect on him. Little does Harry know that by the end of this year, many holes in his past (whatever he knows of it) will be filled up and he will have a clearer vision of what the future has in store.","['harry', 'potter', 'daniel', 'radcliffe', 'have', 'tough', 'time', 'relative', 'run', 'away', 'magic', 'inflate', 'uncle', 'vernon', 'richard', 'griffith', 'sister', 'marge', 'pam', 'ferris', 'offensive', 'harry', 'parent', 'initially', 'scare', 'magic', 'outside', 'school', 'pleasantly', 'surprised', 'will', 'penalize', 'soon', 'learn', 'dangerous', 'criminal', 'voldemort', 'trust', 'aide', 'sirius', 'black', 'gary', 'oldman', 'escape', 'azkaban', 'prison', 'want', 'kill', 'harry', 'avenge', 'dark', 'lord', 'worsen', 'condition', 'harry', 'vile', 'creature', 'call', 'dementor', 'appoint', 'guard', 'school', 'gate', 'inexplicably', 'happen', 'horrible', 'effect', 'little', 'harry', 'know', 'end', 'year', 'hole', 'past', 'know', 'fill', 'clear', 'vision', 'future', 'store']"
Shrek 2,2004,"Animation, Adventure, Comedy","Shrek (Mike Myers) has rescued Princess Fiona (Cameron Diaz), got married, and now is time to meet the parents. Shrek, Fiona, and Donkey (Eddie Murphy) set off to Far, Far Away to meet Fiona's mother and father. But not everyone is happy. Shrek and King Harold (John Cleese) find it hard to get along, and there's tension in the marriage. It's not just the family who are unhappy. Prince Charming (Rupert Everett) returns from a failed attempt at rescuing Fiona, and works alongside his mother, the Fairy Godmother (Jennifer Saunders), to try and find a way to get Shrek away from Fiona.","['shrek', 'mike', 'myers', 'rescue', 'princess', 'fiona', 'cameron', 'diaz', 'get', 'marry', 'time', 'meet', 'parent', 'shrek', 'fiona', 'donkey', 'eddie', 'murphy', 'set', 'far', 'far', 'away', 'meet', 'fiona', 'mother', 'father', 'happy', 'shrek', 'king', 'harold', 'john', 'cleese', 'find', 'hard', 'tension', 'marriage', 'family', 'unhappy', 'prince', 'charming', 'rupert', 'everett', 'return', 'fail', 'attempt', 'rescue', 'fiona', 'work', 'alongside', 'mother', 'fairy', 'godmother', 'jennifer', 'saunders', 'try', 'find', 'way', 'shrek', 'away', 'fiona']"
The Aviator,2004,"Biography, Drama","Biopic of billionaire Howard Hughes, starting with his early filmmaking years as owner of R.K.O. Pictures, but mostly focusing on his role in designing and promoting new aircraft. Hughes was a risk-taker spending several fortunes on designing experimental aircraft and eventually founding TWA as a rival to Pan Am airlines owned by his great rival Juan Trippe. When Trippe's politico Senator Ralph Owen Brewster accuses Hughes of being a war profiteer, it's Hughes who gains the upper hand. Hughes also had many women in his life including a long relationship with Katharine Hepburn. From an early age, however, Hughes was also germophobic and would have severe bouts of mental illness.","['biopic', 'billionaire', 'howard', 'hughes', 'start', 'early', 'filmmake', 'year', 'owner', 'r.k.o', 'picture', 'focus', 'role', 'design', 'promote', 'new', 'aircraft', 'hughe', 'risk', 'taker', 'spending', 'fortune', 'design', 'experimental', 'aircraft', 'eventually', 'found', 'twa', 'rival', 'pan', 'airline', 'own', 'great', 'rival', 'juan', 'trippe', 'trippe', 'politico', 'senator', 'ralph', 'owen', 'brewster', 'accuse', 'hughe', 'war', 'profiteer', 'hughe', 'gain', 'upper', 'hand', 'hughes', 'woman', 'life', 'include', 'long', 'relationship', 'katharine', 'hepburn', 'early', 'age', 'hughe', 'germophobic', 'severe', 'bout', 'mental', 'illness']"
Finding Nemo,2003,"Animation, Adventure, Comedy","A clown fish named Marlin lives in the Great Barrier Reef and loses his son, Nemo, after he ventures into the open sea, despite his father's constant warnings about many of the ocean's dangers. Nemo is abducted by a boat and netted up and sent to a dentist's office in Sydney. While Marlin ventures off to try to retrieve Nemo, Marlin meets a fish named Dory, a blue tang suffering from short-term memory loss. The companions travel a great distance, encountering various dangerous sea creatures such as sharks, anglerfish and jellyfish, in order to rescue Nemo from the dentist's office, which is situated by Sydney Harbour. While the two are searching the ocean far and wide, Nemo and the other sea animals in the dentist's fish tank plot a way to return to the sea to live their lives free again.","['clown', 'fish', 'name', 'marlin', 'live', 'great', 'barrier', 'reef', 'lose', 'son', 'nemo', 'venture', 'open', 'sea', 'despite', 'father', 'constant', 'warning', 'ocean', 'danger', 'nemo', 'abduct', 'boat', 'net', 'send', 'dentist', 'office', 'sydney', 'marlin', 'venture', 'try', 'retrieve', 'nemo', 'marlin', 'meet', 'fish', 'name', 'dory', 'blue', 'tang', 'suffer', 'short', 'term', 'memory', 'loss', 'companion', 'travel', 'great', 'distance', 'encounter', 'dangerous', 'sea', 'creature', 'shark', 'anglerfish', 'jellyfish', 'order', 'rescue', 'nemo', 'dentist', 'office', 'situate', 'sydney', 'harbour', 'search', 'ocean', 'far', 'wide', 'nemo', 'sea', 'animal', 'dentist', 'fish', 'tank', 'plot', 'way', 'return', 'sea', 'live', 'life', 'free']"
The Last Samurai,2003,"Action, Drama","In the 1870s, Captain Nathan Algren (Tom Cruise), a cynical veteran of the American Civil War, who will work for anyone, is hired by Americans who want lucrative contracts with the Emperor of Japan to train the peasant conscripts for the first standing Imperial Army in modern warfare using firearms. The Imperial Omura (Masato Harada) cabinet's first priority is to repress a rebellion of traditionalist Samurai, hereditary warriors, who remain devoted to the sacred dynasty, but reject the Westernizing policy, and even refuse firearms. Yet, when his ill-prepared superior force sets out too soon, their panic allows the sword-wielding samurai to crush them. Badly wounded, Algren's courageous stand makes the samurai leader Katsumoto (Ken Watanabe) spare his life. Once nursed to health, he learns to know and respect the old Japanese way, and participates as advisor in Katsumoto's failed attempt to save the Bushido tradition, but Omura gets repressive laws enacted. He must now choose to honor his loyalty to one of the embittered sides when the conflict returns to the battlefield.","['1870', 'captain', 'nathan', 'algren', 'tom', 'cruise', 'cynical', 'veteran', 'american', 'civil', 'war', 'work', 'hire', 'americans', 'want', 'lucrative', 'contract', 'emperor', 'japan', 'train', 'peasant', 'conscript', 'stand', 'imperial', 'army', 'modern', 'warfare', 'firearm', 'imperial', 'omura', 'masato', 'harada', 'cabinet', 'priority', 'repress', 'rebellion', 'traditionalist', 'samurai', 'hereditary', 'warrior', 'remain', 'devoted', 'sacred', 'dynasty', 'reject', 'westernizing', 'policy', 'refuse', 'firearm', 'ill', 'prepare', 'superior', 'force', 'set', 'soon', 'panic', 'allow', 'sword', 'wield', 'samurai', 'crush', 'badly', 'wound', 'algren', 'courageous', 'stand', 'make', 'samurai', 'leader', 'katsumoto', 'ken', 'watanabe', 'spare', 'life', 'nurse', 'health', 'learn', 'know', 'respect', 'old', 'japanese', 'way', 'participate', 'advisor', 'katsumoto', 'failed', 'attempt', 'save', 'bushido', 'tradition', 'omura', 'get', 'repressive', 'law', 'enact', 'choose', 'honor', 'loyalty', 'embitter', 'side', 'conflict', 'return', 'battlefield']"
The Lord of the Rings: The Return of the King,2003,"Adventure, Drama, Fantasy","The final confrontation between the forces of good and evil fighting for control of the future of Middle-earth. Frodo and Sam reach Mordor in their quest to destroy the One Ring, while Aragorn leads the forces of good against Sauron's evil army at the stone city of Minas Tirith.","['final', 'confrontation', 'force', 'good', 'evil', 'fighting', 'control', 'future', 'middle', 'earth', 'frodo', 'sam', 'reach', 'mordor', 'quest', 'destroy', 'ring', 'aragorn', 'lead', 'force', 'good', 'sauron', 'evil', 'army', 'stone', 'city', 'mina', 'tirith']"
The Matrix Reloaded,2003,"Action, Sci-Fi","In this second adventure, Neo and the rebel leaders estimate that they have 72 hours until Zion falls under siege to the Machine Army. Only a matter of hours separates the last human enclave on Earth from 250,000 Sentinels programmed to destroy mankind. But the citizens of Zion, emboldened by Morpheus conviction that the One will fulfill the Oracles Prophecy and end the war with the Machines, rest all manner of hope and expectation on Neo, who finds himself stalled by disturbing visions as he searches for a course of action.","['second', 'adventure', 'neo', 'rebel', 'leader', 'estimate', '72', 'hour', 'zion', 'fall', 'siege', 'machine', 'army', 'matter', 'hour', 'separate', 'human', 'enclave', 'earth', '250,000', 'sentinel', 'program', 'destroy', 'mankind', 'citizen', 'zion', 'embolden', 'morpheus', 'conviction', 'fulfill', 'oracles', 'prophecy', 'end', 'war', 'machine', 'rest', 'manner', 'hope', 'expectation', 'neo', 'find', 'stall', 'disturb', 'vision', 'search', 'course', 'action']"
The Matrix Revolutions,2003,"Action, Sci-Fi","Neo finds himself trapped between the Matrix and the Real World. Meanwhile, Zion is preparing for the oncoming war with the machines with very little chances of survival. Neo's associates set out to free him from The Merovingian since it's believed that he is the One who will end the war between humans and the machines. What they do not know is that there is a threat from a third party, someone who has plans to destroy both worlds.","['neo', 'find', 'trap', 'matrix', 'real', 'world', 'zion', 'prepare', 'oncoming', 'war', 'machine', 'little', 'chance', 'survival', 'neo', 'associate', 'set', 'free', 'merovingian', 'believe', 'end', 'war', 'human', 'machine', 'know', 'threat', 'party', 'plan', 'destroy', 'world']"
X2: X-Men United,2003,"Action, Sci-Fi, Thriller","Several months have passed since the X-Men defeated Magneto and imprisoned him in a seemingly impregnable plastic chamber. One day, a mutant by the name of Nightcrawler infiltrates the White House and attempts to assassinate the President, setting off a chain reaction of anti-mutant measures by the government. Meanwhile, Logan is trying to discover his past. As scientist named William Stryker discovers Professor X's secret school and Cerebro, Magneto's partner, Mystique, is planning to break her leader out of prison. But when Professor X's school is attacked by Stryker's forces, Logan, Rogue, Iceman, and a few are lucky to escape. Those who remain meet in Boston, where they form an uneasy alliance with Magneto to stop Stryker and rescue Professor X.","['month', 'pass', 'x', 'man', 'defeat', 'magneto', 'imprison', 'seemingly', 'impregnable', 'plastic', 'chamber', 'day', 'mutant', 'nightcrawler', 'infiltrate', 'white', 'house', 'attempt', 'assassinate', 'president', 'set', 'chain', 'reaction', 'anti', 'mutant', 'measure', 'government', 'logan', 'try', 'discover', 'past', 'scientist', 'name', 'william', 'stryker', 'discover', 'professor', 'x', 'secret', 'school', 'cerebro', 'magneto', 'partner', 'mystique', 'plan', 'break', 'leader', 'prison', 'professor', 'x', 'school', 'attack', 'stryker', 'force', 'logan', 'rogue', 'iceman', 'lucky', 'escape', 'remain', 'meet', 'boston', 'form', 'uneasy', 'alliance', 'magneto', 'stop', 'stryker', 'rescue', 'professor', 'x.']"
Catch Me If You Can,2002,"Biography, Crime, Drama","A true story about Frank Abagnale Jr. who, before his 19th birthday, successfully conned millions of dollars worth of checks as a Pan Am pilot, doctor, and legal prosecutor. An FBI agent makes it his mission to put him behind bars. But Frank not only eludes capture, he revels in the pursuit.","['true', 'story', 'frank', 'abagnale', 'jr', '19th', 'birthday', 'successfully', 'con', 'million', 'dollar', 'worth', 'check', 'pan', 'pilot', 'doctor', 'legal', 'prosecutor', 'fbi', 'agent', 'make', 'mission', 'bar', 'frank', 'elude', 'capture', 'revel', 'pursuit']"
Gangs of New York,2002,"Crime, Drama","In the god-forsaken district of early-1860s Lower Manhattan known as the Five Points, the vicious Nativist, Bill ""The Butcher"" Cutting, is the supreme overlord of an area riddled with crime, prostitution, theft and murder, as the American Civil War still rages on. Sixteen whole years after the brutal murder of his father from Bill's blood-stained hands, an orphaned Irish-American, Amsterdam Vallon, returns to this melting pot of corruption to avenge his untimely death; however, a lot has changed since then. Who can remember the once-innocent boy and now a young man bent on revenge, who works his way up to the hierarchy of Five Points? Will Amsterdam ever taste the dangerous but sweet fruit of retribution?","['god', 'forsake', 'district', 'early-1860s', 'low', 'manhattan', 'know', 'point', 'vicious', 'nativist', 'bill', 'butcher', 'cutting', 'supreme', 'overlord', 'area', 'riddle', 'crime', 'prostitution', 'theft', 'murder', 'american', 'civil', 'war', 'rage', 'sixteen', 'year', 'brutal', 'murder', 'father', 'bill', 'blood', 'stain', 'hand', 'orphan', 'irish', 'american', 'amsterdam', 'vallon', 'return', 'melting', 'pot', 'corruption', 'avenge', 'untimely', 'death', 'lot', 'change', 'remember', 'innocent', 'boy', 'young', 'man', 'bend', 'revenge', 'work', 'way', 'hierarchy', 'point', 'amsterdam', 'taste', 'dangerous', 'sweet', 'fruit', 'retribution']"
Harry Potter and the Chamber of Secrets,2002,"Adventure, Family, Fantasy","Forced to spend his summer holidays with his muggle relations, Harry Potter (Daniel Radcliffe) gets a real shock when he gets a surprise visitor: Dobby (Toby Jones) the house-elf, who warns Harry against returning to Hogwarts, for terrible things are going to happen. Harry decides to ignore Dobby's warning and continues with his pre-arranged schedule. But at Hogwarts, strange and terrible things are indeed happening. Harry is suddenly hearing mysterious voices from inside the walls, muggle-born students are being attacked, and a message scrawled on the wall in blood puts everyone on his or her guard, ""The Chamber Of Secrets Has Been Opened. Enemies Of The Heir, Beware"".","['force', 'spend', 'summer', 'holiday', 'muggle', 'relation', 'harry', 'potter', 'daniel', 'radcliffe', 'get', 'real', 'shock', 'get', 'surprise', 'visitor', 'dobby', 'toby', 'jones', 'house', 'elf', 'warn', 'harry', 'return', 'hogwart', 'terrible', 'thing', 'go', 'happen', 'harry', 'decide', 'ignore', 'dobby', 'warning', 'continue', 'pre', 'arranged', 'schedule', 'hogwart', 'strange', 'terrible', 'thing', 'happen', 'harry', 'suddenly', 'hear', 'mysterious', 'voice', 'inside', 'wall', 'muggle', 'bear', 'student', 'attack', 'message', 'scrawl', 'wall', 'blood', 'put', 'guard', 'chamber', 'secret', 'open', 'enemy', 'heir', 'beware']"
Minority Report,2002,"Action, Crime, Mystery","In the year 2054 A.D. crime is virtually eliminated from Washington D.C. thanks to an elite law enforcing squad ""Precrime"". They use three gifted humans (called ""Pre-Cogs"") with special powers to see into the future and predict crimes beforehand. John Anderton heads Precrime and believes the system's flawlessness steadfastly. However one day the Pre-Cogs predict that Anderton will commit a murder himself in the next 36 hours. Worse, Anderton doesn't even know the victim. He decides to get to the mystery's core by finding out the 'minority report' which means the prediction of the female Pre-Cog Agatha that ""might"" tell a different story and prove Anderton innocent.","['year', '2054', 'a.d', 'crime', 'virtually', 'eliminate', 'washington', 'd.c', 'thank', 'elite', 'law', 'enforce', 'squad', 'precrime', 'use', 'gifted', 'human', 'call', 'pre', 'cog', 'special', 'power', 'future', 'predict', 'crime', 'john', 'anderton', 'head', 'precrime', 'believe', 'system', 'flawlessness', 'steadfastly', 'day', 'pre', 'cog', 'predict', 'anderton', 'commit', 'murder', '36', 'hour', 'bad', 'anderton', 'know', 'victim', 'decide', 'mystery', 'core', 'find', 'minority', 'report', 'mean', 'prediction', 'female', 'pre', 'cog', 'agatha', 'tell', 'different', 'story', 'prove', 'anderton', 'innocent']"
The Lord of the Rings: The Two Towers,2002,"Adventure, Drama, Fantasy","The continuing quest of Frodo and the Fellowship to destroy the One Ring. Frodo and Sam discover they are being followed by the mysterious Gollum. Aragorn, the Elf archer Legolas, and Gimli the Dwarf encounter the besieged Rohan kingdom, whose once great King Theoden has fallen under Saruman's deadly spell.","['continue', 'quest', 'frodo', 'fellowship', 'destroy', 'ring', 'frodo', 'sam', 'discover', 'follow', 'mysterious', 'gollum', 'aragorn', 'elf', 'archer', 'legola', 'gimli', 'dwarf', 'encounter', 'besiege', 'rohan', 'kingdom', 'great', 'king', 'theoden', 'fall', 'saruman', 'deadly', 'spell']"
Harry Potter and the Sorcerer's Stone,2001,"Adventure, Family, Fantasy","This is the tale of Harry Potter (Daniel Radcliffe), an ordinary eleven-year-old boy serving as a sort of slave for his aunt and uncle who learns that he is actually a wizard and has been invited to attend the Hogwarts School for Witchcraft and Wizardry. Harry is snatched away from his mundane existence by Rubeus Hagrid (Robbie Coltrane), the groundskeeper for Hogwarts, and quickly thrown into a world completely foreign to both him and the viewer. Famous for an incident that happened at his birth, Harry makes friends easily at his new school. He soon finds, however, that the wizarding world is far more dangerous for him than he would have imagined, and he quickly learns that not all wizards are ones to be trusted.","['tale', 'harry', 'potter', 'daniel', 'radcliffe', 'ordinary', 'year', 'old', 'boy', 'serve', 'sort', 'slave', 'aunt', 'uncle', 'learn', 'actually', 'wizard', 'invite', 'attend', 'hogwart', 'school', 'witchcraft', 'wizardry', 'harry', 'snatch', 'away', 'mundane', 'existence', 'rubeus', 'hagrid', 'robbie', 'coltrane', 'groundskeeper', 'hogwart', 'quickly', 'throw', 'world', 'completely', 'foreign', 'viewer', 'famous', 'incident', 'happen', 'birth', 'harry', 'make', 'friend', 'easily', 'new', 'school', 'soon', 'find', 'wizarde', 'world', 'far', 'dangerous', 'imagine', 'quickly', 'learn', 'wizard', 'one', 'trust']"
Rush Hour 2,2001,"Action, Comedy, Crime","It's vacation time for Det. James Carter and he finds himself alongside Det. Lee in Hong Kong wishing for more excitement. While Carter wants to party and meet the ladies, Lee is out to track down a Triad gang lord who may be responsible for killing two men at the American Embassy. Things get complicated as the pair stumble onto a counterfeiting plot by L.A. crime boss Steven Reign and Triad Ricky Tan, an ex-cop who played a mysterious part in the death of Det. Lee's father. Throw in a power struggle between Tan and the gorgeous but dangerous Hu Li and the boys are soon up to their necks in fist fights and life-threatening situations. A trip back to the U.S. may provide the answers about the bombing, the counterfeiting, and the true allegiance of sexy customs agent Isabella. Then again, it may turn up more excitement than Carter was looking for during his vacation.","['vacation', 'time', 'det', 'james', 'carter', 'find', 'alongside', 'det', 'lee', 'hong', 'kong', 'wish', 'excitement', 'carter', 'want', 'party', 'meet', 'lady', 'lee', 'track', 'triad', 'gang', 'lord', 'responsible', 'kill', 'man', 'american', 'embassy', 'thing', 'complicated', 'pair', 'stumble', 'counterfeiting', 'plot', 'l.a', 'crime', 'boss', 'steven', 'reign', 'triad', 'ricky', 'tan', 'ex', 'cop', 'play', 'mysterious', 'death', 'det', 'lee', 'father', 'throw', 'power', 'struggle', 'tan', 'gorgeous', 'dangerous', 'hu', 'li', 'boy', 'soon', 'neck', 'fist', 'fight', 'life', 'threaten', 'situation', 'trip', 'u.s', 'provide', 'answer', 'bombing', 'counterfeiting', 'true', 'allegiance', 'sexy', 'customs', 'agent', 'isabella', 'turn', 'excitement', 'carter', 'look', 'vacation']"
Shrek,2001,"Animation, Adventure, Comedy","When a green ogre named Shrek discovers his swamp has been 'swamped' with all sorts of fairytale creatures by the scheming Lord Farquaad, Shrek sets out with a very loud donkey by his side to 'persuade' Farquaad to give Shrek his swamp back. Instead, a deal is made. Farquaad, who wants to become the King, sends Shrek to rescue Princess Fiona, who is awaiting her true love in a tower guarded by a fire-breathing dragon. But once they head back with Fiona, it starts to become apparent that not only does Shrek, an ugly ogre, begin to fall in love with the lovely princess, but Fiona is also hiding a huge secret.","['green', 'ogre', 'name', 'shrek', 'discover', 'swamp', 'swamp', 'sort', 'fairytale', 'creature', 'scheme', 'lord', 'farquaad', 'shrek', 'set', 'loud', 'donkey', 'persuade', 'farquaad', 'shrek', 'swamp', 'instead', 'deal', 'farquaad', 'want', 'king', 'send', 'shrek', 'rescue', 'princess', 'fiona', 'await', 'true', 'love', 'tower', 'guard', 'fire', 'breathing', 'dragon', 'head', 'fiona', 'start', 'apparent', 'shrek', 'ugly', 'ogre', 'begin', 'fall', 'love', 'lovely', 'princess', 'fiona', 'hide', 'huge', 'secret']"
The Lord of the Rings: The Fellowship of the Ring,2001,"Adventure, Drama, Fantasy","An ancient Ring thought lost for centuries has been found, and through a strange twist of fate has been given to a small Hobbit named Frodo. When Gandalf discovers the Ring is in fact the One Ring of the Dark Lord Sauron, Frodo must make an epic quest to the Cracks of Doom in order to destroy it. However, he does not go alone. He is joined by Gandalf, Legolas the elf, Gimli the Dwarf, Aragorn, Boromir, and his three Hobbit friends Merry, Pippin, and Samwise. Through mountains, snow, darkness, forests, rivers and plains, facing evil and danger at every corner the Fellowship of the Ring must go. Their quest to destroy the One Ring is the only hope for the end of the Dark Lords reign.","['ancient', 'ring', 'thought', 'lose', 'century', 'find', 'strange', 'twist', 'fate', 'give', 'small', 'hobbit', 'name', 'frodo', 'gandalf', 'discover', 'ring', 'fact', 'ring', 'dark', 'lord', 'sauron', 'frodo', 'epic', 'quest', 'crack', 'doom', 'order', 'destroy', 'join', 'gandalf', 'legola', 'elf', 'gimli', 'dwarf', 'aragorn', 'boromir', 'hobbit', 'friend', 'merry', 'pippin', 'samwise', 'mountain', 'snow', 'darkness', 'forest', 'river', 'plain', 'face', 'evil', 'danger', 'corner', 'fellowship', 'ring', 'quest', 'destroy', 'ring', 'hope', 'end', 'dark', 'lord', 'reign']"
Gladiator,2000,"Action, Adventure, Drama","Maximus is a powerful Roman general, loved by the people and the aging Emperor, Marcus Aurelius. Before his death, the Emperor chooses Maximus to be his heir over his own son, Commodus, and a power struggle leaves Maximus and his family condemned to death. The powerful general is unable to save his family, and his loss of will allows him to get captured and put into the Gladiator games until he dies. The only desire that fuels him now is the chance to rise to the top so that he will be able to look into the eyes of the man who will feel his revenge.","['maximus', 'powerful', 'roman', 'general', 'love', 'people', 'age', 'emperor', 'marcus', 'aurelius', 'death', 'emperor', 'choose', 'maximus', 'heir', 'son', 'commodus', 'power', 'struggle', 'leave', 'maximus', 'family', 'condemn', 'death', 'powerful', 'general', 'unable', 'save', 'family', 'loss', 'allow', 'capture', 'gladiator', 'game', 'die', 'desire', 'fuel', 'chance', 'rise', 'able', 'look', 'eye', 'man', 'feel', 'revenge']"
Memento,2000,"Mystery, Thriller","Memento chronicles two separate stories of Leonard, an ex-insurance investigator who can no longer build new memories, as he attempts to find the murderer of his wife, which is the last thing he remembers. One story line moves forward in time while the other tells the story backwards revealing more each time.","['memento', 'chronicle', 'separate', 'story', 'leonard', 'ex', 'insurance', 'investigator', 'long', 'build', 'new', 'memory', 'attempt', 'find', 'murderer', 'wife', 'thing', 'remember', 'story', 'line', 'move', 'forward', 'time', 'tell', 'story', 'backwards', 'reveal', 'time']"
Requiem for a Dream,2000,Drama,"Sara Goldfarb (Ellen Burstyn) is a retired widow, living in a small apartment. She spends most of her time watching TV, especially a particular self-help show. She has delusions of rising above her current dull existence by being a guest on that show. Her son, Harry (Jared Leto) is a junkie but along with his friend Tyrone (Marlon Wayans) has visions of making it big by becoming a drug dealer. Harry's girlfriend Marion (Jennifer Connelly) could be fashion designer or artist but is swept along in Harry's drug-centric world. Meanwhile Sara has developed an addiction of her own. She desperately wants to lose weight and so goes on a crash course involving popping pills, pills which turn out to be very addictive and harmful to her mental state.","['sara', 'goldfarb', 'ellen', 'burstyn', 'retired', 'widow', 'live', 'small', 'apartment', 'spend', 'time', 'watch', 'tv', 'especially', 'particular', 'self', 'help', 'delusion', 'rise', 'current', 'dull', 'existence', 'guest', 'son', 'harry', 'jared', 'leto', 'junkie', 'friend', 'tyrone', 'marlon', 'wayans', 'vision', 'make', 'big', 'drug', 'dealer', 'harry', 'girlfriend', 'marion', 'jennifer', 'connelly', 'fashion', 'designer', 'artist', 'sweep', 'harry', 'drug', 'centric', 'world', 'sara', 'develop', 'addiction', 'desperately', 'want', 'lose', 'weight', 'go', 'crash', 'course', 'involve', 'pop', 'pill', 'pill', 'turn', 'addictive', 'harmful', 'mental', 'state']"
X-Men,2000,"Action, Adventure, Sci-Fi","In a world where both Mutants and Humans fear each other, Marie, better known as Rogue, runs away from home and hitches a ride with another mutant, known as Logan, a.k.a. Wolverine. Professor Charles Xavier, who owns a school for young mutants, sends Storm and Cyclops to bring them back before it is too late. Magneto, who believes a war is approaching, has an evil plan in mind, and needs young Rogue to help him.","['world', 'mutant', 'human', 'fear', 'marie', 'well', 'know', 'rogue', 'run', 'away', 'home', 'hitch', 'ride', 'mutant', 'know', 'logan', 'a.k.a', 'wolverine', 'professor', 'charles', 'xavier', 'own', 'school', 'young', 'mutant', 'send', 'storm', 'cyclop', 'bring', 'late', 'magneto', 'believe', 'war', 'approach', 'evil', 'plan', 'mind', 'need', 'young', 'rogue', 'help']"
Fight Club,1999,"Crime, Drama, Thriller","A nameless first person narrator (Edward Norton) attends support groups in attempt to subdue his emotional state and relieve his insomniac state. When he meets Marla (Helena Bonham Carter), another fake attendee of support groups, his life seems to become a little more bearable. However when he associates himself with Tyler (Brad Pitt) he is dragged into an underground fight club and soap making scheme. Together the two men spiral out of control and engage in competitive rivalry for love and power.","['nameless', 'person', 'narrator', 'edward', 'norton', 'attend', 'support', 'group', 'attempt', 'subdue', 'emotional', 'state', 'relieve', 'insomniac', 'state', 'meet', 'marla', 'helena', 'bonham', 'carter', 'fake', 'attendee', 'support', 'group', 'life', 'little', 'bearable', 'associate', 'tyler', 'brad', 'pitt', 'drag', 'underground', 'fight', 'club', 'soap', 'making', 'scheme', 'man', 'spiral', 'control', 'engage', 'competitive', 'rivalry', 'love', 'power']"
The Matrix,1999,"Action, Sci-Fi","Thomas A. Anderson is a man living two lives. By day he is an average computer programmer and by night a hacker known as Neo. Neo has always questioned his reality, but the truth is far beyond his imagination. Neo finds himself targeted by the police when he is contacted by Morpheus, a legendary computer hacker branded a terrorist by the government. As a rebel against the machines, Neo must confront the agents: super-powerful computer programs devoted to stopping Neo and the entire human rebellion.","['thomas', 'a.', 'anderson', 'man', 'live', 'life', 'day', 'average', 'computer', 'programmer', 'night', 'hacker', 'know', 'neo', 'neo', 'question', 'reality', 'truth', 'far', 'imagination', 'neo', 'find', 'target', 'police', 'contact', 'morpheus', 'legendary', 'computer', 'hacker', 'brand', 'terrorist', 'government', 'rebel', 'machine', 'neo', 'confront', 'agent', 'super', 'powerful', 'computer', 'program', 'devote', 'stop', 'neo', 'entire', 'human', 'rebellion']"
The Matrix,1999,"Action, Sci-Fi","Thomas A. Anderson is a man living two lives. By day he is an average computer programmer and by night a hacker known as Neo. Neo has always questioned his reality, but the truth is far beyond his imagination. Neo finds himself targeted by the police when he is contacted by Morpheus, a legendary computer hacker branded a terrorist by the government. As a rebel against the machines, Neo must confront the agents: super-powerful computer programs devoted to stopping Neo and the entire human rebellion.","['thomas', 'a.', 'anderson', 'man', 'live', 'life', 'day', 'average', 'computer', 'programmer', 'night', 'hacker', 'know', 'neo', 'neo', 'question', 'reality', 'truth', 'far', 'imagination', 'neo', 'find', 'target', 'police', 'contact', 'morpheus', 'legendary', 'computer', 'hacker', 'brand', 'terrorist', 'government', 'rebel', 'machine', 'neo', 'confront', 'agent', 'super', 'powerful', 'computer', 'program', 'devote', 'stop', 'neo', 'entire', 'human', 'rebellion']"
Toy Story 2,1999,"Animation, Adventure, Comedy","While Andy is away at summer camp Woody has been toynapped by Al McWiggin, a greedy collector and proprietor of ""Al's Toy Barn""! In this all-out rescue mission, Buzz and his friends Mr. Potato Head, Slinky Dog, Rex and Hamm springs into action to rescue Woody from winding up as a museum piece. They must find a way to save him before he gets sold in Japan forever and they'll never see him again!","['andy', 'away', 'summer', 'camp', 'woody', 'toynappe', 'al', 'mcwiggin', 'greedy', 'collector', 'proprietor', 'al', 'toy', 'barn', 'rescue', 'mission', 'buzz', 'friend', 'mr', 'potato', 'head', 'slinky', 'dog', 'rex', 'hamm', 'spring', 'action', 'rescue', 'woody', 'wind', 'museum', 'piece', 'find', 'way', 'save', 'get', 'sell', 'japan', 'forever']"
Rush Hour,1998,"Action, Comedy, Crime","Cultures clash and tempers flares as the two cops named Detective Inspector Lee a Hong Kong Detective and Detective James Carter FBI, a big-mouthed work-alone Los Angeles cop who are from different worlds discovers one thing in common: they can't stand each other. With time running out, they must join forces to catch the criminals and save the eleven-year-old Chinese girl of the Chinese consul named Soo Yung.","['culture', 'clash', 'temper', 'flare', 'cop', 'name', 'detective', 'inspector', 'lee', 'hong', 'kong', 'detective', 'detective', 'james', 'carter', 'fbi', 'big', 'mouthed', 'work', 'los', 'angeles', 'cop', 'different', 'world', 'discover', 'thing', 'common', 'stand', 'time', 'run', 'join', 'force', 'catch', 'criminal', 'save', 'year', 'old', 'chinese', 'girl', 'chinese', 'consul', 'name', 'soo', 'yung']"
Titanic,1997,"Drama, Romance","84 years later, a 100 year-old woman named Rose DeWitt Bukater tells the story to her granddaughter Lizzy Calvert, Brock Lovett, Lewis Bodine, Bobby Buell and Anatoly Mikailavich on the Keldysh about her life set in April 10th 1912, on a ship called Titanic when young Rose boards the departing ship with the upper-class passengers and her mother, Ruth DeWitt Bukater, and her fiancé, Caledon Hockley. Meanwhile, a drifter and artist named Jack Dawson and his best friend Fabrizio De Rossi win third-class tickets to the ship in a game. And she explains the whole story from departure until the death of Titanic on its first and last voyage April 15th, 1912 at 2:20 in the morning.","['84', 'year', 'later', '100', 'year', 'old', 'woman', 'name', 'rose', 'dewitt', 'bukater', 'tell', 'story', 'granddaughter', 'lizzy', 'calvert', 'brock', 'lovett', 'lewis', 'bodine', 'bobby', 'buell', 'anatoly', 'mikailavich', 'keldysh', 'life', 'set', 'april', '10th', '1912', 'ship', 'call', 'titanic', 'young', 'rose', 'board', 'depart', 'ship', 'upper', 'class', 'passenger', 'mother', 'ruth', 'dewitt', 'bukater', 'fiancé', 'caledon', 'hockley', 'drifter', 'artist', 'name', 'jack', 'dawson', 'good', 'friend', 'fabrizio', 'de', 'rossi', 'win', 'class', 'ticket', 'ship', 'game', 'explain', 'story', 'departure', 'death', 'titanic', 'voyage', 'april', '15th', '1912', '2:20', 'morning']"
Toy Story,1995,"Animation, Adventure, Comedy","A little boy named Andy loves to be in his room, playing with his toys, especially his doll named ""Woody"". But, what do the toys do when Andy is not with them, they come to life. Woody believes that his life (as a toy) is good. However, he must worry about Andy's family moving, and what Woody does not know is about Andy's birthday party. Woody does not realize that Andy's mother gave him an action figure known as Buzz Lightyear, who does not believe that he is a toy, and quickly becomes Andy's new favorite toy. Woody, who is now consumed with jealousy, tries to get rid of Buzz. Then, both Woody and Buzz are now lost. They must find a way to get back to Andy before he moves without them, but they will have to pass through a ruthless toy killer, Sid Phillips.","['little', 'boy', 'name', 'andy', 'love', 'room', 'play', 'toy', 'especially', 'doll', 'name', 'woody', 'toy', 'andy', 'come', 'life', 'woody', 'believe', 'life', 'toy', 'good', 'worry', 'andy', 'family', 'move', 'woody', 'know', 'andy', 'birthday', 'party', 'woody', 'realize', 'andy', 'mother', 'give', 'action', 'figure', 'know', 'buzz', 'lightyear', 'believe', 'toy', 'quickly', 'andy', 'new', 'favorite', 'toy', 'woody', 'consume', 'jealousy', 'try', 'rid', 'buzz', 'woody', 'buzz', 'lose', 'find', 'way', 'andy', 'move', 'pass', 'ruthless', 'toy', 'killer', 'sid', 'phillip']"
Forrest Gump,1994,"Drama, Romance","Forrest Gump is a simple man with a low I.Q. but good intentions. He is running through childhood with his best and only friend Jenny. His 'mama' teaches him the ways of life and leaves him to choose his destiny. Forrest joins the army for service in Vietnam, finding new friends called Dan and Bubba, he wins medals, creates a famous shrimp fishing fleet, inspires people to jog, starts a ping-pong craze, creates the smiley, writes bumper stickers and songs, donates to people and meets the president several times. However, this is all irrelevant to Forrest who can only think of his childhood sweetheart Jenny Curran, who has messed up her life. Although in the end all he wants to prove is that anyone can love anyone.","['forr', 'gump', 'simple', 'man', 'low', 'i.q', 'good', 'intention', 'run', 'childhood', 'good', 'friend', 'jenny', 'mama', 'teach', 'way', 'life', 'leave', 'choose', 'destiny', 'forr', 'join', 'army', 'service', 'vietnam', 'find', 'new', 'friend', 'call', 'dan', 'bubba', 'win', 'medal', 'create', 'famous', 'shrimp', 'fishing', 'fleet', 'inspire', 'people', 'jog', 'start', 'ping', 'pong', 'craze', 'create', 'smiley', 'write', 'bumper', 'sticker', 'song', 'donate', 'people', 'meet', 'president', 'time', 'irrelevant', 'forrest', 'think', 'childhood', 'sweetheart', 'jenny', 'curran', 'mess', 'life', 'end', 'want', 'prove', 'love']"
Pulp Fiction,1994,"Crime, Drama","Jules Winnfield (Samuel L. Jackson) and Vincent Vega (John Travolta) are two hit men who are out to retrieve a suitcase stolen from their employer, mob boss Marsellus Wallace (Ving Rhames). Wallace has also asked Vincent to take his wife Mia (Uma Thurman) out a few days later when Wallace himself will be out of town. Butch Coolidge (Bruce Willis) is an aging boxer who is paid by Wallace to lose his fight. The lives of these seemingly unrelated people are woven together comprising of a series of funny, bizarre and uncalled-for incidents.","['jule', 'winnfield', 'samuel', 'l.', 'jackson', 'vincent', 'vega', 'john', 'travolta', 'hit', 'man', 'retrieve', 'suitcase', 'steal', 'employer', 'mob', 'boss', 'marsellus', 'wallace', 'ving', 'rhame', 'wallace', 'ask', 'vincent', 'wife', 'mia', 'uma', 'thurman', 'day', 'later', 'wallace', 'town', 'butch', 'coolidge', 'bruce', 'willis', 'age', 'boxer', 'pay', 'wallace', 'lose', 'fight', 'life', 'seemingly', 'unrelated', 'people', 'weave', 'comprise', 'series', 'funny', 'bizarre', 'uncalled', 'incident']"
Terminator 2: Judgment Day,1991,"Action, Adventure, Sci-Fi","Over 10 years have passed since the first machine called The Terminator tried to kill Sarah Connor and her unborn son, John. The man who will become the future leader of the human resistance against the Machines is now a healthy young boy. However, another Terminator, called the T-1000, is sent back through time by the supercomputer Skynet. This new Terminator is more advanced and more powerful than its predecessor and its mission is to kill John Connor when he's still a child. However, Sarah and John do not have to face the threat of the T-1000 alone. Another Terminator (identical to the same model that tried and failed to kill Sarah Connor in 1984) is also sent back through time to protect them. Now, the battle for tomorrow has begun.","['10', 'year', 'pass', 'machine', 'call', 'terminator', 'try', 'kill', 'sarah', 'connor', 'unborn', 'son', 'john', 'man', 'future', 'leader', 'human', 'resistance', 'machine', 'healthy', 'young', 'boy', 'terminator', 'call', 't-1000', 'send', 'time', 'supercomputer', 'skynet', 'new', 'terminator', 'advanced', 'powerful', 'predecessor', 'mission', 'kill', 'john', 'connor', 'child', 'sarah', 'john', 'face', 'threat', 't-1000', 'terminator', 'identical', 'model', 'try', 'fail', 'kill', 'sarah', 'connor', '1984', 'send', 'time', 'protect', 'battle', 'tomorrow', 'begin']"
Goodfellas,1990,"Biography, Crime, Drama","Henry Hill might be a small time gangster, who may have taken part in a robbery with Jimmy Conway and Tommy De Vito, two other gangsters who might have set their sights a bit higher. His two partners could kill off everyone else involved in the robbery, and slowly start to think about climbing up through the hierarchy of the Mob. Henry, however, might be badly affected by his partners' success, but will he consider stooping low enough to bring about the downfall of Jimmy and Tommy?","['henry', 'hill', 'small', 'time', 'gangster', 'take', 'robbery', 'jimmy', 'conway', 'tommy', 'de', 'vito', 'gangster', 'set', 'sight', 'bit', 'higher', 'partner', 'kill', 'involve', 'robbery', 'slowly', 'start', 'think', 'climb', 'hierarchy', 'mob', 'henry', 'badly', 'affect', 'partner', 'success', 'consider', 'stoop', 'low', 'bring', 'downfall', 'jimmy', 'tommy']"
The Godfather Part III,1990,"Crime, Drama","In the final installment of the Godfather Trilogy, an aging Don Michael Corleone seeks to legitimize his crime family's interests and remove himself from the violent underworld but is kept back by the ambitions of the young. While he attempts to link the Corleone's finances with the Vatican, Michael must deal with the machinations of a hungrier gangster seeking to upset the existing Mafioso order and a young protege's love affair with his daughter.","['final', 'installment', 'godfather', 'trilogy', 'age', 'don', 'michael', 'corleone', 'seek', 'legitimize', 'crime', 'family', 'interest', 'remove', 'violent', 'underworld', 'keep', 'ambition', 'young', 'attempt', 'link', 'corleone', 'finance', 'vatican', 'michael', 'deal', 'machination', 'hungry', 'gangster', 'seek', 'upset', 'exist', 'mafioso', 'order', 'young', 'protege', 'love', 'affair', 'daughter']"
Top Gun,1986,"Action, Drama","Call-sign ""Maverick"", LT Pete Mitchell, the impetuous daredevil Navy-pilot ace, is accepted into Miramar's elite Fighter School, also known as ""Top Gun"". There, as the impulsive pilot competes with the best of the best, not only will he meet Charlie, the flying school's curvaceous astrophysics instructor, but also the brilliant and highly competitive fellow student, ""Iceman"", with whom right from the start, he will engage in a reckless contest. As Maverick is haunted by his father's mysterious death, will he be able to suppress his wild nature to win the prestigious Top Gun Trophy?","['sign', 'maverick', 'lt', 'pete', 'mitchell', 'impetuous', 'daredevil', 'navy', 'pilot', 'ace', 'accept', 'miramar', 'elite', 'fighter', 'school', 'know', 'gun', 'impulsive', 'pilot', 'compete', 'good', 'good', 'meet', 'charlie', 'fly', 'school', 'curvaceous', 'astrophysic', 'instructor', 'brilliant', 'highly', 'competitive', 'fellow', 'student', 'iceman', 'right', 'start', 'engage', 'reckless', 'contest', 'maverick', 'haunt', 'father', 'mysterious', 'death', 'able', 'suppress', 'wild', 'nature', 'win', 'prestigious', 'gun', 'trophy']"
Back to the Future,1985,"Adventure, Comedy, Sci-Fi","Marty McFly, a typical American teenager of the Eighties, is accidentally sent back to 1955 in a plutonium-powered DeLorean ""time machine"" invented by a slightly mad scientist. During his often hysterical, always amazing trip back in time, Marty must make certain his teenage parents-to-be meet and fall in love - so he can get back to the future.","['marty', 'mcfly', 'typical', 'american', 'teenager', 'eighty', 'accidentally', 'send', '1955', 'plutonium', 'power', 'delorean', 'time', 'machine', 'invent', 'slightly', 'mad', 'scientist', 'hysterical', 'amazing', 'trip', 'time', 'marty', 'certain', 'teenage', 'parent', 'meet', 'fall', 'love', 'future']"
The Terminator,1984,"Action, Adventure, Sci-Fi","Sent back from a dystopian 2029--where the cold machines have conquered the entire world--to 1984 Los Angeles, the indestructible cyborg-assassin known as the ""Terminator"" commences his deadly mission to kill humankind's most important woman: the unsuspecting Sarah Connor. However, from the same war-torn post-apocalyptic future comes a battle-scarred defender--Kyle Reese, a brave soldier of the human Resistance Army--bent on stopping the cybernetic killer from eliminating the world's last hope. But, the Terminator has no feelings, he doesn't sleep, and above all, he won't stop until he carries out his grim task. Does our future lie in our past?","['send', 'dystopian', '2029', '-where', 'cold', 'machine', 'conquer', 'entire', 'world', '1984', 'los', 'angeles', 'indestructible', 'cyborg', 'assassin', 'know', 'terminator', 'commence', 'deadly', 'mission', 'kill', 'humankind', 'important', 'woman', 'unsuspecting', 'sarah', 'connor', 'war', 'tear', 'post', 'apocalyptic', 'future', 'come', 'battle', 'scar', 'defender', 'kyle', 'reese', 'brave', 'soldier', 'human', 'resistance', 'army', 'bent', 'stop', 'cybernetic', 'killer', 'eliminate', 'world', 'hope', 'terminator', 'feeling', 'sleep', 'will', 'stop', 'carry', 'grim', 'task', 'future', 'lie', 'past']"
The Godfather Part II,1974,"Crime, Drama","The continuing saga of the Corleone crime family tells the story of a young Vito Corleone growing up in Sicily and in 1910s New York; and follows Michael Corleone in the 1950s as he attempts to expand the family business into Las Vegas, Hollywood and Cuba.","['continue', 'saga', 'corleone', 'crime', 'family', 'tell', 'story', 'young', 'vito', 'corleone', 'grow', 'sicily', '1910s', 'new', 'york', 'follow', 'michael', 'corleone', '1950', 'attempt', 'expand', 'family', 'business', 'las', 'vegas', 'hollywood', 'cuba']"
The Godfather,1972,"Crime, Drama","The Godfather ""Don"" Vito Corleone is the head of the Corleone mafia family in New York. He is at the event of his daughter's wedding. Michael, Vito's youngest son and a decorated WW II Marine is also present at the wedding. Michael seems to be uninterested in being a part of the family business. Vito is a powerful man, and is kind to all those who give him respect but is ruthless against those who do not. But when a powerful and treacherous rival wants to sell drugs and needs the Don's influence for the same, Vito refuses to do it. What follows is a clash between Vito's fading old values and the new ways which may cause Michael to do the thing he was most reluctant in doing and wage a mob war against all the other mafia families which could tear the Corleone family apart.","['godfather', 'don', 'vito', 'corleone', 'head', 'corleone', 'mafia', 'family', 'new', 'york', 'event', 'daughter', 'wedding', 'michael', 'vito', 'young', 'son', 'decorate', 'ww', 'ii', 'marine', 'present', 'wedding', 'michael', 'uninterested', 'family', 'business', 'vito', 'powerful', 'man', 'kind', 'respect', 'ruthless', 'powerful', 'treacherous', 'rival', 'want', 'sell', 'drug', 'need', 'don', 'influence', 'vito', 'refuse', 'follow', 'clash', 'vito', 'fade', 'old', 'value', 'new', 'way', 'cause', 'michael', 'thing', 'reluctant', 'wage', 'mob', 'war', 'mafia', 'family', 'tear', 'corleone', 'family', 'apart']"
