Title,Year,Genre,Description,label
Snow White,2025,"Adventure, Family, Fantasy","A live-action re-imaging of Walt Disney's 1937 animated classic about a beautiful young princess who, while being stalked by a jealous queen, seeks shelter in a cabin in a forest inhabited by seven dwarfs with entirely different personalities and must come face-to-face with bravery to the truth to her past of her mother's death since her childbirth.",143
Conclave,2024,"Drama, Thriller","When Cardinal Lawrence is tasked with leading one of the world's most secretive and ancient events, selecting a new Pope, he finds himself at the center of a web of conspiracies and intrigue that could shake the very foundation of...",37
Deadpool & Wolverine,2024,"Action, Adventure, Comedy","Deadpool is offered a place in the Marvel Cinematic Universe by the Time Variance Authority, but instead recruits a variant of Wolverine to save his universe from extinction.",41
Inside Out 2,2024,"Animation, Adventure, Comedy","A sequel that features Riley entering puberty and experiencing brand new, more complex emotions as a result. As Riley tries to adapt to her teenage years, her old emotions try to adapt to the possibility of being replaced.",79
Moana 2,2024,"Animation, Adventure, Comedy","After receiving an unexpected call from her wayfinding ancestors, Moana must journey to the far seas of Oceania and into dangerous, long-lost waters for an adventure unlike anything she's ever faced.",107
Barbie,2023,"Adventure, Comedy, Fantasy","Barbie and Ken are having the time of their lives in the seemingly perfect world of Barbie Land. However, when they get a chance to go to the outside world, they soon discover the joys and perils of living among regular humans.",20
Elemental,2023,"Animation, Adventure, Comedy","Follows Ember and Wade, in a city where fire-, water-, earth- and air-residents live together.",51
Napoleon,2023,"Action, Adventure, Biography","An epic that details the chequered rise and fall of French Emperor Napoleon Bonaparte and his relentless journey to power through the prism of his addictive, volatile relationship with his wife, Josephine.",108
Oppenheimer,2023,"Biography, Drama, History","A dramatization of the life story of J. Robert Oppenheimer, the physicist who had a large hand in the development of the atomic bombs that brought an end to World War II.",110
Spider-Man: Across the Spider-Verse,2023,"Animation, Action, Adventure","Miles Morales returns for the next chapter of the Oscar®-winning Spider-Verse saga, an epic adventure that will transport Brooklyn's full-time, friendly neighborhood Spider-Man across the Multiverse to join forces with Gwen Stacy and a new team of Spider-People to face off with a villain more powerful than anything they have ever encountered.",146
The Super Mario Bros. Movie,2023,"Animation, Adventure, Comedy","Brooklyn plumbers Mario and Luigi are warped to the magical Mushroom Kingdom, and Mario must team up with Princess Peach, Toad, and Donkey Kong to save Luigi from the evil Bowser.",194
All Quiet on the Western Front,2022,"Drama, History, War","The story follows teenagers Paul Baumer and his friends Albert and Muller, who voluntarily enlist in the German army, riding a wave of patriotic fervour that quickly dissipates once they face the brutal realities of life on the front. Paul's preconceptions about the enemy and the rights and wrongs of the conflict soon crumble. However, amid the countdown to Armistice, Paul must carry on fighting until the end, with no purpose other than to satisfy the top brass' desire to end the war on a German offensive.",9
Avatar: The Way of Water,2022,"Action, Adventure, Fantasy","Jake Sully lives with his newfound family formed on the extrasolar moon Pandora. Once a familiar threat returns to finish what was previously started, Jake must work with Neytiri and the army of the Na'vi race to protect their home.",17
Minions: The Rise of Gru,2022,"Animation, Adventure, Comedy","In the heart of the 1970s, amidst a flurry of feathered hair and flared jeans, Gru (Steve Carell) is growing up in the suburbs. A fanboy of a supervillain supergroup known as the Vicious 6, Gru hatches a plan to become evil enough to join them. Luckily, he gets some mayhem-making back-up from his loyal followers, the Minions. Together, Kevin, Stuart, Bob, and Otto - a new Minion sporting braces and a desperate need to please - deploy their skills as they and Gru build their first lair, experiment with their first weapons, and pull off their first missions. When the Vicious 6 oust their leader, legendary fighter Wild Knuckles (Alan Arkin), Gru interviews to become their newest member. It doesn't go well (to say the least), and only gets worse after Gru outsmarts them and suddenly finds himself the mortal enemy of the apex of evil. On the run, Gru will turn to an unlikely source for guidance, Wild Knuckles, and discover that even bad guys need a little help from their friends.",103
Puss in Boots: The Last Wish,2022,"Animation, Action, Adventure","When Puss in Boots discovers that his passion for adventure has taken its toll and he has burned through eight of his nine lives, he launches an epic journey to restore them by finding the mythical Last Wish.",119
Top Gun: Maverick,2022,"Action, Drama","The story involves Maverick confronting his past while training a group of younger Top Gun graduates, including the son of his deceased best friend, for a dangerous mission.",204
Turning Red,2022,"Animation, Adventure, Comedy","Mei Lee (voice of Rosalie Chiang) is a confident, dorky 13-year-old torn between staying her mother's dutiful daughter and the chaos of adolescence. Her protective, if not slightly overbearing mother, Ming (voice of Sandra Oh), is never far from her daughter - an unfortunate reality for the teenager. And as if changes to her interests, relationships and body weren't enough, whenever she gets too excited (which is practically ALWAYS), she ""poofs"" into a giant red panda.",209
Don't Look Up,2021,"Comedy, Drama, Sci-Fi","Kate Dibiasky (Jennifer Lawrence), an astronomy grad student, and her professor Dr. Randall Mindy (Leonardo DiCaprio) make an astounding discovery of a comet orbiting within the solar system. The problem - it's on a direct collision course with Earth. The other problem? No one really seems to care. Turns out warning mankind about a planet-killer the size of Mount Everest is an inconvenient fact to navigate. With the help of Dr. Oglethorpe (Rob Morgan), Kate and Randall embark on a media tour that takes them from the office of an indifferent President Orlean (Meryl Streep) and her sycophantic son and Chief of Staff, Jason (Jonah Hill), to the airwaves of The Daily Rip, an upbeat morning show hosted by Brie (Cate Blanchett) and Jack (Tyler Perry). With only six months until the comet makes impact, managing the 24-hour news cycle and gaining the attention of the social media obsessed public before it's too late proves shockingly comical - what will it take to get the world to just look up?.",46
Encanto,2021,"Animation, Comedy, Family","Encanto tells the tale of an extraordinary family, the Madrigals, who live hidden in the mountains of Colombia, in a magical house, in a vibrant town, in a wondrous, charmed place called an Encanto. The magic of the Encanto has blessed every child in the family with a unique gift from super strength to the power to heal-every child except one, Mirabel. But when she discovers that the magic surrounding the Encanto is in danger, Mirabel decides that she, the only ordinary Madrigal, might just be her exceptional family's last hope.",53
Luca,2021,"Animation, Adventure, Comedy","A young boy experiences an unforgettable seaside summer on the Italian Riviera filled with gelato, pasta and endless scooter rides. Luca shares these adventures with his newfound best friend, but all the fun is threatened by a deeply-held secret: he is a sea monster from another world just below the ocean's surface.",92
Raya and the Last Dragon,2021,"Animation, Action, Adventure","Long ago, in the fantasy world of Kumandra, humans and dragons lived together in harmony. However, when sinister monsters known as the Druun threatened the land, the dragons sacrificed themselves to save humanity. Now, 500 years later, those same monsters have returned, and it's up to a lone warrior to track down the last dragon and stop the Druun for good.",120
Sing 2,2021,"Animation, Adventure, Comedy","With his theatrical company a local success, Buster Moon is dreaming of bigger things. Unfortunately, when a talent scout dismisses their work as inadequate for the big time, Buster is driven to prove her wrong. With that goal in mind, Buster inspires his players to gamble everything to sneak into a talent audition in Redshore City for the demanding entertainment mogul Jimmy Crystal. Against the odds, they catch his interest with some frantic creative improvisation and even more desperate lies like personally knowing the reclusive rock star, Clay Calloway, who has not been seen in 15 years. Now faced with a tight production window with only a vague story idea and dire consequences for failure, Buster and his friends must all stretch their talents put on a show against all odds. In that struggle, the gang's challenges seem insurmountable, but each of them finds new inspirations and friends where they least expect them to pursue an artistic dream worthy of them.",141
The Mitchells vs. the Machines,2021,"Animation, Adventure, Comedy","An animated action-comedy about an ordinary family who find themselves in the middle of their biggest family challenge yet...saving the world from the robot apocalypse. No big deal, right? It all starts when creative outsider Katie Mitchell is accepted into the film school of her dreams and is eager to leave home and find ""her people,"" when her nature-loving dad insists on having the whole family drive her to school and bond during one last totally-not-awkward-or-forced road trip. But just when the trip can't get any worse, the family suddenly finds itself in the middle of the robot uprising. Everything from smart phones, to roombas, to evil Furbys are employed to capture every human on the planet. Now it's up to the Mitchells, including upbeat mom Linda, quirky little brother Aaron, their squishy pug, Monchi, and two friendly, but simple-minded robots to save humanity.",180
Greyhound,2020,"Drama, History, War","Based upon the novel ""The Good Shepherd"" by C S Forester, this is the thrilling story of an Allied convoy crossing the North Atlantic in 1942 as it faces relentless attack by a German submarine wolf pack. The leader of the convoy's destroyer screen is a US Navy commander making his first Atlantic crossing. The story focuses on his command responsibility as he fights the cold, the relentless night, the brutal sea, and his deep fatigue as he chases down the attacking submarines in the deadly game of cat and mouse. The exciting story, a thrilling ride-along with the beleaguered captain, so deeply portrays the elements of battle command that for a long period of time the book was used as a text at the US Naval Academy.",69
RiffTrax: Star Wars: The Rise of Skywalker,2020,"Comedy, Sci-Fi","Ever since the original premiered in 1977, Star Wars fans have waited to see how the Skywalker saga would end.",126
Tenet,2020,"Action, Sci-Fi, Thriller","In a twilight world of international espionage, an unnamed CIA operative, known as The Protagonist, is recruited by a mysterious organization called Tenet to participate in a global assignment that unfolds beyond real time. The mission: prevent Andrei Sator, a renegade Russian oligarch with precognition abilities, from starting World War III. The Protagonist will soon master the art of ""time inversion"" as a way of countering the threat that is to come.",149
The Ultimate 'Star Wars: A New Hope' Recap Cartoon,2020,"Animation, Short, Comedy","You'll relive Luke's Tatooine beginnings, join Han Solo's smuggler shenanigans, and witness Leia's princess power, all with a healthy dose of silliness. Lightsabers become oversized pool noodles, the Death Star explodes in a confe...",198
1917,2019,"Action, Drama, War","April 1917, the Western Front. Two British soldiers are sent to deliver an urgent message to an isolated regiment. If the message is not received in time the regiment will walk into a trap and be massacred. To get to the regiment they will need to cross through enemy territory. Time is of the essence and the journey will be fraught with danger.",3
Captain Marvel,2019,"Action, Adventure, Sci-Fi","After crashing an experimental aircraft, Air Force pilot Carol Danvers is discovered by the Kree and trained as a member of the elite Starforce Military under the command of her mentor Yon-Rogg. Six years later, after escaping to Earth while under attack by the Skrulls, Danvers begins to discover there's more to her past. With help from S.H.I.E.L.D. agent Nick Fury, they set out to unravel the truth.",30
Joker,2019,"Crime, Drama, Thriller","Arthur Fleck works as a clown and is an aspiring stand-up comic. He has mental health issues, part of which involves uncontrollable laughter. Times are tough and, due to his issues and occupation, Arthur has an even worse time than most. Over time these issues bear down on him, shaping his actions, making him ultimately take on the persona he is more known as...Joker.",83
Midsommar,2019,"Drama, Horror, Mystery","Dani (Florence Pugh) and Christian (Jack Reynor) are a young American couple with a relationship on the brink of falling apart. But after a family tragedy keeps them together, Christian invites a grieving Dani to join him and his friends on a trip to a once-in-a-lifetime midsummer festival in a remote Swedish village. What begins as a carefree summer holiday in the North European land of eternal sunlight takes a sinister turn when the insular villagers invite their guests to partake in festivities that render the pastoral paradise increasingly unnerving and viscerally disturbing.",101
Parasite,2019,"Drama, Thriller","The Kims - mother and father Chung-sook and Ki-taek, and their young adult offspring, son Ki-woo and daughter Ki-jung - are a poor family living in a shabby and cramped half basement apartment in a busy lower working class commercial district of Seoul. Without even knowing it, they, especially Mr. and Mrs. Kim, literally smell of poverty. Often as a collective, they perpetrate minor scams to get by, and even when they have jobs, they do the minimum work required. Ki-woo is the one who has dreams of getting out of poverty by one day going to university. Despite not having that university education, Ki-woo is chosen by his university student friend Min, who is leaving to go to school, to take over his tutoring job to Park Da-hye, who Min plans to date once he returns to Seoul and she herself is in university. The Parks are a wealthy family who for four years have lived in their modernistic house designed by and the former residence of famed architect Namgoong. While Mr. and Mrs. Park are all about status, Mrs. Park has a flighty, simpleminded mentality and temperament, which Min tells Ki-woo to feel comfortable in lying to her about his education to get the job. In getting the job, Ki-woo further learns that Mrs. Park is looking for an art therapist for the Parks' adolescent son, Da-song, Ki-woo quickly recommending his professional art therapist friend ""Jessica"", really Ki-jung who he knows can pull off the scam in being the easiest liar of the four Kims. In Ki-woo also falling for Da-hye, he begins to envision himself in that house, and thus the Kims as a collective start a plan for all the Kims, like Ki-jung using assumed names, to replace existing servants in the Parks' employ in orchestrating reasons for them to be fired. The most difficult to get rid of may be Moon-gwang, the Parks' housekeeper who literally came with the house - she Namgoong's housekeeper when he lived there - and thus knows all the little nooks and crannies of it better than the Parks themselves. The question then becomes how far the Kims can take this scam in their quest to become their version of the Parks.",111
The Lion King (2019),2019,"Comedy, Talk-Show","Let's not beat around the bush, it's certainly not THE Lion King, but here, you can hear their thoughts on A Lion King (2019).",174
The Secret Life of Pets 2,2019,"Animation, Adventure, Comedy","Max faces some major changes after his owner Katie gets married and now has a child. On a family trip to the countryside, Max meets a farm dog named Rooster, and both attempt to overcome his fears. Meanwhile, Gidget tries to rescue Max's favorite toy from a cat-packed apartment, and Snowball sets on a mission to free a white tiger named Hu from a circus.",191
The Two Popes,2019,"Biography, Comedy, Drama","An intimate story of one of the most dramatic transitions of power in the last 2,000 years. Frustrated with the direction of the church, Cardinal Bergoglio (Jonathan Pryce) requests permission to retire in 2012 from Pope Benedict (Anthony Hopkins). Instead, facing scandal and self-doubt, the introspective Pope Benedict summons his harshest critic and future successor to Rome to reveal a secret that would shake the foundations of the Catholic Church. Behind Vatican walls, a struggle commences between both tradition and progress, guilt and forgiveness, as these two very different men confront their pasts in order to find common ground and forge a future for a billion followers around the world. Inspired by true events.",197
Aquaman,2018,"Action, Adventure, Fantasy","Born upon the shores of the surface world, Arthur Curry (Jason Momoa) discovers that he is only half human, with the other half of his blood being of Atlanteean descent, thus making him the rightful heir to the throne of the undersea kingdom of Atlantis. However, Arthur learns that Atlantis is being ruled by his malicious half-brother Orm (Patrick Wilson), who seeks to unite the seven underwater kingdoms and wage war upon the surface. With aid from Nuidis Vulko (Willem Dafoe) and the gorgeous Mera (Amber Heard), Arthur must discover the full potential of his true destiny and become Aquaman in order to save Atlantis and the surface from Orm's evil plot.",14
Black Panther,2018,"Action, Adventure, Sci-Fi","After the events of Captain America: Civil War, Prince T'Challa returns home to the reclusive, technologically advanced African nation of Wakanda to serve as his country's new king. However, T'Challa soon finds that he is challenged for the throne from factions within his own country. When two foes conspire to destroy Wakanda, the hero known as Black Panther must team up with C.I.A. agent Everett K. Ross and members of the Dora Milaje, Wakandan special forces, to prevent Wakanda from being dragged into a world war.",25
Deadpool 2,2018,"Action, Adventure, Comedy","After losing Vanessa (Morena Baccarin), the love of his life, 4th-wall breaking mercenary Wade Wilson aka Deadpool (Ryan Reynolds) must assemble a team and protect a young, fat mutant Russell Collins aka Firefist (Julian Dennison) from Cable (Josh Brolin), a no-nonsense, dangerous cyborg from the future, and must also learn the most important lesson of all: to be part of a family again.",42
Hereditary,2018,"Drama, Horror, Mystery","When her mentally ill mother passes away, Annie (Toni Collette), her husband (Gabriel Byrne), son (Alex Wolff), and daughter (Milly Shapiro) all mourn her loss. The family turn to different means to handle their grief, including Annie and her daughter both flirting with the supernatural. They each begin to have disturbing, otherworldly experiences linked to the sinister secrets and emotional trauma that have been passed through the generations of their family.",71
Incredibles 2,2018,"Animation, Action, Adventure","While the Parr family has accepted its collective calling as superheroes, the fact remains that their special heroism is still illegal. After they are arrested after unsuccessfully trying to stop the Underminer, their future seems bleak. However, the wealthy Deavor siblings of Devtech offer new hope with a bold project to rehabilitate the public image and legal status of Supers, with Elastigirl being assigned on point to be the shining example. Now having agreed for now to stay at home to care of the kids, Mr. Incredible finds domestic life a daunting challenge, especially with baby Jack-Jack's newly emerged powers making him almost impossible to manage. However, Elastigirl soon has her own concerns dealing with the menace of a new supervillain, Screenslaver, who is wreaking havoc with his mind control abilities. Now, Elastigirl must solve the mystery of this enemy, who has malevolent designs on the world with the Parr family and friends key targets of this evil.",76
Mission: Impossible - Fallout,2018,"Action, Adventure, Thriller","Two years after Ethan Hunt had successfully captured Solomon Lane, the remnants of the Syndicate have reformed into another organization called the Apostles. Under the leadership of a mysterious fundamentalist known only as John Lark, the organization is planning on acquiring three plutonium cores. Ethan and his team are sent to Berlin to intercept them, but the mission fails when Ethan saves Luther and the Apostles escape with the plutonium. With CIA agent August Walker joining the team, Ethan and his allies must now find the plutonium cores before it's too late.",105
Solo: A Star Wars Story,2018,"Action, Adventure, Sci-Fi","With the emerging demand of hyperfuel and other resources, Han Solo finds himself in the middle of a heist alongside other criminals, where they meet the likes of Chewbacca and Lando Calrissian in an adventurous situation exposing the criminal underworld.",144
Spider-Man: Into the Spider-Verse,2018,"Animation, Action, Adventure","Phil Lord and Christopher Miller, the creative minds behind The Lego Movie and 21 Jump Street, bring their unique talents to a fresh vision of a different Spider-Man Universe, with a groundbreaking visual style that's the first of its kind. ""Spider-Man(TM): Into the Spider-Verse"" introduces Brooklyn teen Miles Morales (Shameik Moore), and the limitless possibilities of the Spider-Verse, where more than one can wear the mask.",147
Baby Driver,2017,"Action, Crime","After being coerced into working for a crime boss, a young getaway driver finds himself taking part in a heist doomed to fail.",18
Coco,2017,"Animation, Adventure, Drama","Despite his family's baffling generations-old ban on music, Miguel dreams of becoming an accomplished musician like his idol, Ernesto de la Cruz. Desperate to prove his talent, Miguel finds himself in the stunning and colorful Land of the Dead following a mysterious chain of events. Along the way, he meets charming trickster Hector, and together, they set off on an extraordinary journey to unlock the real story behind Miguel's family history.",33
Dunkirk,2017,"Action, Drama, History","May/June 1940. Four hundred thousand British and French soldiers are hole up in the French port town of Dunkirk. The only way out is via sea, and the Germans have air superiority, bombing the British soldiers and ships without much opposition. The situation looks dire and, in desperation, Britain sends civilian boats in addition to its hard-pressed Navy to try to evacuate the beleaguered forces. This is that story, seen through the eyes of a soldier amongst those trapped forces, two Royal Air Force fighter pilots, and a group of civilians on their boat, part of the evacuation fleet.",49
Get Out,2017,"Horror, Mystery, Thriller","Chris and his girlfriend Rose go upstate to visit her parents for the weekend. At first, Chris reads the family's overly accommodating behavior as nervous attempts to deal with their daughter's interracial relationship, but as the weekend progresses, a series of increasingly disturbing discoveries lead him to a truth that he never could have imagined.",64
Goodbye Christopher Robin,2017,"Biography, Drama, Family","A rare glimpse into the relationship between beloved children's author A. A. Milne (Domhnall Gleeson) and his son Christopher Robin, whose toys inspired the magical world of Winnie the Pooh. Along with his mother Daphne (Margot Robbie), and his nanny Olive, Christopher Robin and his family are swept up in the international success of the books; the enchanting tales bringing hope and comfort to England after the First World War. But with the eyes of the world on Christopher Robin, what will the cost be to the family?",67
It (2017),2017,"Comedy, Talk-Show","Much like how Pennywise returns every 27 years to cause havoc, they're seemingly returning to Stephen King's It every 2 years to talk about the most recent screen-version of the story.",82
Justice League,2017,"Action, Adventure, Fantasy","Fueled by his restored faith in humanity and inspired by Superman's selfless act, Bruce Wayne enlists the help of his newfound ally, Diana Prince, to face an even greater enemy. Together, Batman and Wonder Woman work quickly to find and recruit a team of meta-humans to stand against this newly awakened threat. But despite the formation of this unprecedented league of heroes-Batman, Wonder Woman, Aquaman, Cyborg and The Flash-it may already be too late to save the planet from an assault of catastrophic proportions.",86
Logan,2017,"Action, Drama, Sci-Fi","In 2029 the mutant population has shrunken significantly due to genetically modified plants designed to reduce mutant powers and the X-Men have disbanded. Logan, whose power to self-heal is dwindling, has surrendered himself to alcohol and now earns a living as a chauffeur. He takes care of the ailing old Professor X whom he keeps hidden away. One day, a female stranger asks Logan to drive a girl named Laura to the Canadian border. At first he refuses, but the Professor has been waiting for a long time for her to appear. Laura possesses an extraordinary fighting prowess and is in many ways like Wolverine. She is pursued by sinister figures working for a powerful corporation; this is because they made her, with Logan's DNA. A decrepit Logan is forced to ask himself if he can or even wants to put his remaining powers to good use. It would appear that in the near-future, the times in which they were able put the world to rights with razor sharp claws and telepathic powers are now over.",91
Resident Evil: Vendetta,2017,"Animation, Action, Adventure","The saga of Resident Evil continues in Vendetta, and Chris Redfield, Leon Kennedy and Rebecca Chambers must unite to save America from a threat as dire as The Umbrella Corporation: a virus that can be triggered by simply being inhaled. The biological warfare of Resident Evil rages on, and only Raccoon City's finest can stop it from destroying the world.",124
The Fate of the Furious,2017,"Action, Crime, Thriller","Now that Dominic Toretto (Vin Diesel) and Letty Ortiz (Michelle Rodriguez) are on their honeymoon, and Brian (Paul Walker) and Mia (Jordana Brewster) have retired from the game, and the rest of the crew has been exonerated, the globetrotting team has found a semblance of a normal life. But when a mysterious woman seduces Dom into the world of crime he can't seem to escape, and a betrayal of those closest to him, they will face trials that will test them as never before. From the shores of Cuba and the streets of New York City to the icy plains off the arctic Barents Sea, the elite force will crisscross the globe to stop an anarchist from unleashing chaos on the world's stage, and to bring home the man who made them a family.",163
Batman v Superman: Dawn of Justice,2016,"Action, Adventure, Sci-Fi","The general public is concerned over having Superman on their planet and letting the ""Dark Knight"" - Batman - pursue the streets of Gotham. While this is happening, a power-phobic Batman tries to attack Superman. Meanwhile, Superman tries to settle on a decision, and Lex Luthor, the criminal mastermind and millionaire, tries to use his own advantages to fight the ""Man of Steel"".",22
Deadpool,2016,"Action, Comedy, Sci-Fi","This is the origin story of former Special Forces operative turned mercenary Wade Wilson, who after being subjected to a rogue experiment that leaves him with accelerated healing powers, adopts the alter ego Deadpool. Armed with his new abilities and a dark, twisted sense of humor, Deadpool hunts down the man who nearly destroyed his life.",40
Finding Dory,2016,"Animation, Adventure, Comedy","Dory is a wide-eyed, blue tang fish who suffers from memory loss every 10 seconds or so. The one thing she can remember is that she somehow became separated from her parents as a child. With help from her friends Nemo and Marlin, Dory embarks on an epic adventure to find them. Her journey brings her to the Marine Life Institute, a conservatory that houses diverse ocean species.",56
La La Land,2016,"Comedy, Drama, Music","Aspiring actress serves lattes to movie stars in between auditions and jazz musician Sebastian scrapes by playing cocktail-party gigs in dingy bars. But as success mounts, they are faced with decisions that fray the fragile fabric of their love affair, and the dreams they worked so hard to maintain in each other threaten to rip them apart.",89
Moana,2016,"Animation, Adventure, Comedy","Moana Waialiki is a sea voyaging enthusiast and the only daughter of a chief in a long line of navigators. When her island's fishermen can't catch any fish and the crops fail, she learns that the demigod Maui caused the blight by stealing the heart of the goddess, Te Fiti. The only way to heal the island is to persuade Maui to return Te Fiti's heart, so Moana sets off on an epic journey across the Pacific. The film is based on stories from Polynesian mythology.",106
RiffTrax: Star Wars: The Force Awakens,2016,Comedy,"Scavenger girl Rey leaves her junkyard home to fulfill her destiny of escorting a robot around the galaxy. Mike Nelson, Bill Corbett, and Kevin Murphy are here to see if there's more to the story in this humorous commentary.",125
Risen,2016,"Action, Drama, History","Follows the epic Biblical story of the Resurrection, as told through the eyes of a non-believer. Clavius, a powerful Roman Military Tribune, and his aide Lucius, are tasked with solving the mystery of what happened to Yahshua in the weeks following the crucifixion, in order to disprove the rumors of a risen Messiah and prevent an uprising in Jerusalem.",127
Rogue One: A Star Wars Story,2016,"Action, Adventure, Sci-Fi","All looks lost for the Rebellion against the Empire as they learn of the existence of a new super weapon, the Death Star. Once a possible weakness in its construction is uncovered, the Rebel Alliance must set out on a desperate mission to steal the plans for the Death Star. The future of the entire galaxy now rests upon its success.",129
Sing,2016,"Animation, Comedy, Family","In a world of anthropomorphic animals, koala Buster Moon owns a theater, having been interested in show business since his father took him to his first music show as a child. Following financial problems brought up by the bank representative Judith, he tells his wealthy friend Eddie that he will host a singing competition with a prize of $1,000. But Buster's assistant, Miss Crawly, accidentally appends two extra zeroes, and the promotional fliers showing $100,000 are blown out of Buster's office into the city streets.",140
The Secret Life of Pets,2016,"Animation, Adventure, Comedy","In a Manhattan apartment building, Max's life as a favorite pet is turned upside-down, when his owner brings home sloppy mongrel Duke. They must put their quarrels aside when they learn that adorable white bunny Snowball is building an army of lost pets determined to wreak revenge.",190
Zootopia,2016,"Animation, Action, Adventure","From the largest elephant to the smallest shrew, the city of Zootopia is a mammal metropolis where various animals live and thrive. When Judy Hopps becomes the first rabbit to join the police force, she quickly learns how tough it is to enforce the law. Determined to prove herself, Judy jumps at the opportunity to solve a mysterious case. Unfortunately, that means working with Nick Wilde, a wily fox who makes her job even harder.",218
Bridge of Spies,2015,"Drama, History, Thriller","In the cold war, a lawyer, James B. Donovan is recruited by the CIA and involved in an intense negotiation mission to release and exchange a CIA U-2 spy-plane pilot, Francis G. Powers. The pilot was arrested alive after his plane was shot down by the Soviet Union during a mission and stays in the company of a KGB intelligence officer, Rudolf Abel, who was arrested for espionage in the US.",29
Furious 7,2015,"Action, Thriller","Dominic and his crew thought they'd left the criminal mercenary life behind. They'd defeated international terrorist Owen Shaw and went their separate ways. But now, Shaw's brother, Deckard Shaw, is out killing the crew one by one for revenge. Worse, a Somalian terrorist called Jakarde and a shady government official called ""Mr. Nobody"" are both competing to steal a computer terrorism program called ""God's Eye,"" that can turn any technological device into a weapon. Torretto must reconvene with his team to stop Shaw and retrieve the God's Eye program while caught in a power struggle between the terrorist and the United States government.",61
Inside Out,2015,"Animation, Adventure, Comedy","Growing up can be a bumpy road, and it's no exception for Riley, who is uprooted from her Midwest life when her father starts a new job in San Francisco. Like all of us, Riley is guided by her emotions - Joy, Fear, Anger, Disgust and Sadness. The emotions live in Headquarters, the control center inside Riley's mind, where they help advise her through everyday life. As Riley and her emotions struggle to adjust to a new life in San Francisco, turmoil ensues in Headquarters. Although Joy, Riley's main and most important emotion, tries to keep things positive, the emotions conflict on how best to navigate a new city, house and school.",78
Jurassic World,2015,"Action, Adventure, Sci-Fi","Twenty-two years after the original Jurassic Park failed, the new park, also known as Jurassic World, is open for business. After years of studying genetics, the scientists on the park genetically engineer a new breed of dinosaur, the Indominus Rex. When everything goes horribly wrong, will our heroes make it off the island?",85
Mad Max: Fury Road,2015,"Action, Adventure, Sci-Fi","An apocalyptic story set in the furthest reaches of our planet, in a stark desert landscape where humanity is broken, and almost everyone is crazed fighting for the necessities of life. Within this world exist two rebels on the run who just might be able to restore order. There's Max, a man of action and a man of few words, who seeks peace of mind following the loss of his wife and child in the aftermath of the chaos. And Furiosa, a woman of action and a woman who believes her path to survival may be achieved if she can make it across the desert back to her childhood homeland.",94
Minions,2015,"Animation, Adventure, Comedy","Ever since the dawn of time, the Minions have lived to serve the most despicable of masters. From the T-Rex to Napoleon, the easily distracted tribe has helped the biggest and the baddest of villains. Now, join protective leader Kevin, teenage rebel Stuart, and lovable little Bob on a global road trip. They'll earn a shot to work for a new boss, the world's first female supervillain, and try to save all of Minionkind from annihilation.",102
The Revenant,2015,"Action, Adventure, Drama","While exploring uncharted wilderness in 1823, legendary frontiersman Hugh Glass sustains injuries from a brutal bear attack. When his hunting team leaves him for dead, Glass must utilize his survival skills to find a way back home while avoiding natives on their own hunt. Grief-stricken and fueled by vengeance, Glass treks through the wintry terrain to track down John Fitzgerald, the former confidant who betrayed and abandoned him.",188
13 Hours,2014,"Short, Horror",Jack and his sister Jill are on the run after a zombie apocalypse and they are trying desperately to get through to a United Nations camp. The problem is that Jack has already been injured.,2
American Sniper,2014,"Action, Biography, Drama","Chris Kyle (Bradley Cooper) was nothing more than a Texas man who dreamt of becoming a cowboy, but in his thirties he found out that maybe his life needed something different, something where he could express his real talent, something that could help America in its fight against terrorism. So he joined the S.E.A.L.s in order to become a sniper. After marrying Taya (Sienna Miller), Kyle and the other members of the team are called for their first tour of Iraq. Kyle's struggle isn't with his missions, but about his relationship with the reality of the war and, once returned at home, how he manages to handle it with his urban life, his wife, and kids.",11
Big Hero 6,2014,"Animation, Action, Adventure","When a devastating event befalls the city of San Fransokyo and catapults Hiro into the midst of danger, he turns to Baymax and his close friends adrenaline junkie Go Go Tomago, neatnik Wasabi, chemistry whiz Honey Lemon and fanboy Fred. Determined to uncover the mystery, Hiro transforms his friends into a band of high-tech heroes called ""Big Hero 6.""",24
Edge of Tomorrow,2014,"Action, Adventure, Sci-Fi","An alien race has hit the Earth in an unrelenting assault, unbeatable by any military unit in the world. Major William Cage (Cruise) is an officer who has never seen a day of combat when he is unceremoniously dropped into what amounts to a suicide mission. Killed within minutes, Cage now finds himself inexplicably thrown into a time loop-forcing him to live out the same brutal combat over and over, fighting and dying again...and again. But with each battle, Cage becomes able to engage the adversaries with increasing skill, alongside Special Forces warrior Rita Vrataski (Blunt). And, as Cage and Vrataski take the fight to the aliens, each repeated encounter gets them one step closer to defeating the enemy!",50
Fury,2014,"Action, Drama, War","April, 1945. As the Allies make their final push in the European Theatre, a battle-hardened Army sergeant named Wardaddy commands a Sherman tank and his five-man crew on a deadly mission behind enemy lines. Outnumbered, out-gunned, and with a rookie soldier thrust into their platoon, Wardaddy and his men face overwhelming odds in their heroic attempts to strike at the heart of Nazi Germany.",62
Interstellar,2014,"Adventure, Drama, Sci-Fi","Earth's future has been riddled by disasters, famines, and droughts. There is only one way to ensure mankind's survival: Interstellar travel. A newly discovered wormhole in the far reaches of our solar system allows a team of astronauts to go where no man has gone before, a planet that may have the right environment to sustain human life.",80
The Equalizer,2014,"Action, Crime, Thriller","Robert McCall is a former special service commando who faked his own death in hopes of living out a quiet life. Instead, he comes out of his self-imposed retirement to save a young girl, and finds his desire for justice reawakened after coming face-to-face with members of a brutal Russian gang. McCall becomes the go-to man when the helpless require the kind of vengeance they would never find without his skills.",162
The Imitation Game,2014,"Biography, Drama, Thriller","It is based on the real life story of legendary cryptanalyst Alan Turing. The film portrays the nail-biting race against time by Turing and his brilliant team of code-breakers at Britain's top-secret Government Code and Cypher School at Bletchley Park, during the darkest days of World War II.",167
The Theory of Everything,2014,"Biography, Drama, Romance","The Theory of Everything is the story of the most brilliant and celebrated physicist of our time, Stephen Hawking, and Jane Wilde, the arts student he fell in love with while studying at Cambridge in the 1960s. Little was expected from Hawking, a bright but shiftless student of cosmology, after he was given just two years to live following the diagnosis of a fatal illness (ALS) at 21 years of age. He became galvanized, however, by the love Jane Wilde, and went on to be called the ""successor to Einstein,"" as well as a husband and father to their three children. Over the course of their marriage, however, as Stephen's body collapsed and his academic renown soared, fault lines were exposed that tested the resolve of their relationship and dramatically altered the course of both of their lives.",196
Transformers: Age of Extinction,2014,"Action, Adventure, Sci-Fi","After the battle between the Autobots and Decepticons that leveled Chicago, humanity thinks that all alien robots are a threat. So Harold Attinger, a CIA agent, establishes a unit whose sole purpose is to hunt down all of them. But it turns out that they are aided by another alien robot who is searching for Optimus Prime. Cade Yeager, a ""robotics expert"", buys an old truck and upon examining it, he thinks it's a Transformer. When he powers it up, he discovers it's Optimus Prime. Later, men from the unit show up looking for Optimus. He helps Yeager and his daughter Tessa escape but are pursued by the hunter. They escape and Yeager learns from technology he took from the men that a technology magnate and defense contractor named Joshua Joyce is part of what's going on, so they go to find out what's going on.",206
12 Years a Slave,2013,"Biography, Drama, History","Based on an incredible true story of one man's fight for survival and freedom. In the pre-Civil War United States, Solomon Northup, a free black man from upstate New York, is abducted and sold into slavery. Facing cruelty personified by a malevolent slave owner, as well as unexpected kindnesses, Solomon struggles not only to stay alive, but to retain his dignity. In the twelfth year of his unforgettable odyssey, Solomon's chance meeting with a Canadian abolitionist will forever alter his life.",0
47 Ronin,2013,"Action, Drama, Fantasy","While hunting in the forest, Lord Asano of Ako and his samurai find a young half-breed and take him with them to live in the castle. Several years later, Lord Asano holds a tournament to welcome the Shogun to Ako. The night after the tournament, Lord Asano is bewitched into hurting Lord Kira of Nagato, and is punished into committing seppuku by the Shogun. Realizing that it was a Lord Kira's evil plot, the samurais and the half-breed sets out for revenge against the Shogun's order.",5
Frozen,2013,"Animation, Adventure, Comedy","Fearless optimist Anna teams up with rugged mountain man Kristoff and his loyal reindeer Sven and sets off on an epic journey to find her sister Elsa, whose icy powers have trapped the kingdom of Arendelle in eternal winter. Encountering Everest-like conditions, mystical trolls and a hilarious snowman named Olaf, Anna and Kristoff battle the elements in a race to save the kingdom. From the outside Elsa looks poised, regal and reserved, but in reality she lives in fear as she wrestles with a mighty secret: she was born with the power to create ice and snow. It's a beautiful ability, but also extremely dangerous. Haunted by the moment her magic nearly killed her younger sister Anna, Elsa has isolated herself, spending every waking minute trying to suppress her growing powers. Her mounting emotions trigger the magic, accidentally setting off an eternal winter that she can't stop. She fears she's becoming a monster and that no one, not even her sister, can help her.",60
Iron Man 3,2013,"Action, Adventure, Sci-Fi","Marvel's ""Iron Man 3"" pits brash-but-brilliant industrialist Tony Stark/Iron Man against an enemy whose reach knows no bounds. When Stark finds his personal world destroyed at his enemy's hands, he embarks on a harrowing quest to find those responsible. This journey, at every turn, will test his mettle. With his back against the wall, Stark is left to survive by his own devices, relying on his ingenuity and instincts to protect those closest to him. As he fights his way back, Stark discovers the answer to the question that has secretly haunted him: does the man make the suit or does the suit make the man?",81
Oblivion,2013,"Action, Adventure, Sci-Fi","One of the few remaining drone repairmen assigned to Earth, its surface devastated after decades of war with the alien Scavs, discovers a crashed spacecraft with contents that bring into question everything he believed about the war, and may even put the fate of mankind in his hands.",109
The Croods,2013,"Animation, Adventure, Comedy","""The Croods"" are an eccentric family of cavemen, who survive the harsh terrain by living accordingly to a strict set of rules. But when their home is destroyed in the wake of an impending disaster known as ""The End"", they are forced to leave their home of shelter and security, and into the wilderness of the unknown to find a new home.",156
The Wolf of Wall Street,2013,"Biography, Comedy, Crime","In the early 1990s, Jordan Belfort teamed with his partner Donny Azoff and started brokerage firm Stratton Oakmont. Their company quickly grows from a staff of 20 to a staff of more than 250 and their status in the trading community and Wall Street grows exponentially. So much that companies file their initial public offerings through them. As their status grows, so do the amount of substances they abuse, and so do their lies. They draw attention like no other, throwing lavish parties for their staff when they hit the jackpot on high trades. That ultimately leads to Belfort featured on the cover of Forbes Magazine, being called ""The Wolf Of Wall St."". With the FBI onto Belfort's trading schemes, he devises new ways to cover his tracks and watch his fortune grow. Belfort ultimately comes up with a scheme to stash their cash in a European bank. But with the FBI watching him like a hawk, how long will Belfort and Azoff be able to maintain their elaborate wealth and luxurious lifestyles?",200
The Wolverine,2013,"Action, Sci-Fi","In modern day Japan, Wolverine is out of his depth in an unknown world as he faces his ultimate nemesis in a life-or-death battle that will leave him forever changed. Vulnerable for the first time and pushed to his physical and emotional limits, he confronts not only lethal samurai steel but also his inner struggle against his own near-immortality, emerging more powerful than we have ever seen him before.",201
World War Z,2013,"Action, Adventure, Horror","Life for former United Nations investigator Gerry Lane and his family seems content. Suddenly, the world is plagued by a mysterious infection turning whole human populations into rampaging mindless zombies. After barely escaping the chaos, Lane is persuaded to go on a mission to investigate this disease. What follows is a perilous trek around the world where Lane must brave horrific dangers and long odds to find answers before human civilization falls.",215
Django Unchained,2012,"Comedy, Drama, Western","In 1858, a bounty-hunter named King Schultz seeks out a slave named Django and buys him because he needs him to find some men he is looking for. After finding them, Django wants to find his wife, Broomhilda, who along with him were sold separately by his former owner for trying to escape. Schultz offers to help him if he chooses to stay with him and be his partner. Eventually they learn that she was sold to a plantation in Mississippi. Knowing they can't just go in and say they want her, they come up with a plan so that the owner will welcome them into his home and they can find a way.",45
Dredd,2012,"Action, Crime, Sci-Fi","The future America is an irradiated waste land. On its East Coast, running from Boston to Washington DC, lies Mega City One - a vast, violent metropolis where criminals rule the chaotic streets. The only force of order lies with the urban cops called ""Judges"" who possess the combined powers of judge, jury and instant executioner. Known and feared throughout the city, Dredd is the ultimate Judge, challenged with ridding the city of its latest scourge - a dangerous drug epidemic that has users of ""Slo-Mo"" experiencing reality at a fraction of its normal speed. During a routine day on the job, Dredd is assigned to train and evaluate Cassandra Anderson, a rookie with powerful psychic abilities thanks to a genetic mutation. A heinous crime calls them to a neighborhood where fellow Judges rarely dare to venture - a 200 storey vertical slum controlled by prostitute turned drug lord Ma-Ma and her ruthless clan. When they capture one of the clan's inner circle, Ma-Ma overtakes the compound's control center and wages a dirty, vicious war against the Judges that proves she will stop at nothing to protect her empire. With the body count climbing and no way out, Dredd and Anderson must confront the odds and engage in the relentless battle for their survival.",47
Hotel Transylvania,2012,"Animation, Comedy, Family","In 1895, Dracula builds a resort in Transylvania, hidden from the humans, to raise his beloved daughter Mavis in a safe environment. In the present, the place is the Hotel Transylvania, where monsters bring their families to vacation far from the frightening humans. Dracula invites his friends - Frankenstein and his wife Eunice; Wayne and Wanda, the werewolves; Griffin, the invisible man; Murray, the mummy; Bigfoot, among others - to celebrate the 118th birthday of Mavis. When the party is ready to start, the 21-year-old Jonathan is walking through the forest and stumbles upon the hotel. Dracula sees Jonathan and disguises him as a monster to hide Jonathan from the guests. But Mavis also sees Jonathan and Dracula forces him to pose as a monster. Soon Mavis believes that Jonathan is the ""zing"" of her life despite the advice of her father about humans.",73
Lincoln,2012,"Biography, Drama, History","In 1865, as the American Civil War winds inexorably toward conclusion, U.S. president Abraham Lincoln endeavors to achieve passage of the landmark constitutional amendment which will forever ban slavery from the United States. However, his task is a race against time, for peace may come at any time, and if it comes before the amendment is passed, the returning southern states will stop it before it can become law. Lincoln must, by almost any means possible, obtain enough votes from a recalcitrant Congress before peace arrives and it is too late. Yet the president is torn, as an early peace would save thousands of lives. As the nation confronts its conscience over the freedom of its entire population, Lincoln faces his own crisis of conscience -- end slavery or end the war.",90
Resident Evil: Damnation,2012,"Animation, Action, Horror","United States Special Agent Leon S. Kennedy sneaks into a small Eastern European country to verify rumors that Bio Organic Weapons (B.O.W.s) are being used in war. Right after his infiltration, the U.S. government orders him to leave immediately. Determined to uncover the truth, Leon ignores the order and enters the battlefield to end the chain of tragedies caused by the B.O.W.s.",122
Skyfall,2012,"Action, Adventure, Thriller","When James Bond's (Daniel Craig's) latest assignment goes gravely wrong and Agents around the world are exposed, MI6 is attacked, forcing (M Dame Judi Dench) to relocate the agency. These events cause her authority and position to be challenged by Gareth Mallory (Ralph Fiennes), the new Chairman of the Intelligence and Security Committee. With MI6 now compromised from both inside and out, M is left with one ally she can trust: Bond. 007 takes to the shadows, aided only by field agent, Miss Eve Moneypenny (Naomie Harris), following a trail to the mysterious Tiago Rodriguez, a.k.a. Raoul Silva (Javier Bardem), whose lethal and hidden motives have yet to reveal themselves.",142
The Avengers,2012,"Action, Sci-Fi","Loki, the adopted brother of Thor, teams-up with the Chitauri Army and uses the Tesseract's power to travel from Asgard to Midgard to plot the invasion of Earth and become a king. The director of the agency S.H.I.E.L.D., Nick Fury, sets in motion project Avengers, joining Tony Stark a.k.a. the Iron Man; Steve Rogers, a.k.a. Captain America; Bruce Banner, a.k.a. The Hulk; Thor; Natasha Romanoff, a.k.a. Black Widow; and Clint Barton, a.k.a. Hawkeye, to save the world from the powerful Loki and the alien invasion.",153
The Hobbit: An Unexpected Journey,2012,"Adventure, Fantasy","Bilbo Baggins is swept into a quest to reclaim the lost Dwarf Kingdom of Erebor from the fearsome dragon Smaug. Approached out of the blue by the wizard Gandalf the Grey, Bilbo finds himself joining a company of thirteen dwarves led by the legendary warrior, Thorin Oakenshield. Their journey will take them into the Wild; through treacherous lands swarming with Goblins and Orcs, deadly Wargs and Giant Spiders, Shapeshifters and Sorcerers. Although their goal lies to the East and the wastelands of the Lonely Mountain first they must escape the goblin tunnels, where Bilbo meets the creature that will change his life forever ... Gollum. Here, alone with Gollum, on the shores of an underground lake, the unassuming Bilbo Baggins not only discovers depths of guile and courage that surprise even him, he also gains possession of Gollum's ""precious"" ring that holds unexpected and useful qualities ... A simple, gold ring that is tied to the fate of all Middle-earth in ways Bilbo cannot begin to know.",164
The Hunger Games,2012,"Action, Adventure, Sci-Fi","In a dystopian future, the totalitarian nation of Panem is divided into 12 districts and the Capitol. Each year two young representatives from each district are selected by lottery to participate in The Hunger Games. Part entertainment, part brutal retribution for a past rebellion, the televised games are broadcast throughout Panem. The 24 participants are forced to eliminate their competitors while the citizens of Panem are required to watch. When 16-year-old Katniss' young sister, Prim, is selected as District 12's female representative, Katniss volunteers to take her place. She and her male counterpart, Peeta, are pitted against bigger, stronger representatives, some of whom have trained for this their whole lives.",165
Final Destination 5,2011,"Horror, Thriller","While on a business retreat, Sam has a premonition that he, his co-workers, boss, and several other people will die in a horrific bridge collapse. When his premonition ends, he tries to make everyone get off the bus. Only some of his co-workers, along with his boss, leave. Shortly after, the bridge collapses. Everyone thinks that they are safe until the survivors start dying. It is now up to Sam to try to find a way to prevent anyone else from dying before it is too late.",55
Pirates of the Caribbean: On Stranger Tides,2011,"Action, Adventure, Fantasy","Captain Jack Sparrow (Johnny Depp) crosses paths with a woman from his past, Angelica (Penélope Cruz), and he's not sure if it's love, or if she's a ruthless con artist who's using him to find the fabled Fountain of Youth. When she forces him aboard the Queen Anne's Revenge, the ship of the formidable pirate Blackbeard (Ian McShane), Jack finds himself on an unexpected adventure in which he doesn't know who to fear more: Blackbeard or the woman from his past.",113
Puss in Boots,2011,"Animation, Action, Adventure","Years before meeting Shrek and Donkey, the adorable but tricky Puss in Boots must clear his name from all charges making him a wanted fugitive. While trying to steal magic beans from the infamous criminals Jack and Jill, the hero crosses paths with his female match, Kitty Softpaws, who leads Puss to his old friend, but now enemy, Humpty Dumpty. Memories of friendship and betrayal enlarges Puss' doubt, but he eventually agrees to help the egg get the magic beans. Together, the three plan to steal the beans, get to the Giant's castle, nab the golden goose, and clear Puss' name.",118
The Darkest Hour,2011,"Action, Adventure, Horror","The American software designers Sean and Ben travel to Moscow to sell their software to investors. However, their Swedish partner Skyler pulls a fast one on Sean and Ben, and they are out of the business. They go to a nightclub, where they meet American Natalie and Australian Anne and they flirt with the girls and see Skyler in the club. Out of the blue, the population is surprised by lights, which they mistake for natural phenomena. But soon, they learn that the lights are aliens invading Earth and using power supply to annihilate mankind. Sean, Ben, Natalie, Anne and Skyler hide in the kitchen and when they leave the place, they seek out survivors on the street. Are they the last people on Earth?",160
The Iron Lady,2011,"Biography, Drama","Elderly and a virtual prisoner in her own home due to her concerned staff and daughter Carol, Margaret Thatcher, Britain's first woman prime minister, looks back on her life as she clears out her late husband Denis's clothes for the Oxfam shop. Denis is seen as being her rock as she first enters parliament and then runs for the leadership of the Conservative Party, culminating in her eventual premiership. Now his ghost joins her to comment on her successes and failures, sometimes to her annoyance, generally to her comfort until ultimately, as the clothes are sent to the charity shop, Denis departs from Margaret's life forever.",168
The Raid: Redemption,2011,"Action, Crime, Thriller","In Jakarta, Indonesia, Lieutenant Wahyu organizes the invasion of an apartment building that is the safe house of the powerful and cruel drug lord Tama and his gang. The SWAT team breaks in the building but one lookout sees and warns the gangsters and the police force is trapped on the seventh floor. They learn that Lt. Wahyu has not informed his superiors about the operation. Now the police officers have to fight with limited ammunition against the armed and dangerous gangsters.",187
Transformers: Dark of the Moon,2011,"Action, Adventure, Sci-Fi","Autobots Bumblebee, Ratchet, Ironhide, Mirage (aka Dino), Wheeljack (aka Que) and Sideswipe led by Optimus Prime, are back in action taking on the evil Decepticons, who are eager to avenge their recent defeat. The Autobots and Decepticons become involved in a perilous space race between the United States and Russia to reach a hidden Cybertronian spacecraft on the moon and learn its secrets, and once again Sam Witwicky has to go to the aid of his robot friends. The new villain Shockwave is on the scene while the Autobots and Decepticons continue to battle it out on Earth.",207
War Horse,2011,"Adventure, Drama, War","On the outbreak of the First World War, Albert's beloved horse 'Joey' is sold to the Cavalry by his Father. After being sent to France, in a bid to survive, Joey has an unexpected journey across war torn Europe. Albert enlists in the British Army, and is wounded during the Battle of the Somme. Whilst recovering in Hospital, he learns of a Horse, found in no mans land.",213
13 Assassins,2010,"Action, Adventure, Drama","In 1844, the peace of Feudal Japan is threatened by cruel Lord Naritsugu Matsudaira, who is politically rising and getting closer to his half-brother, the shogun. After the harakiri of the Namiya clan leader, samurai Shinzaemon Shimada is summoned by the shogun's advisor Sir Doi of the Akashi Clan to listen to the tragedy of Makino Uneme, whose son and daughter-in-law have been murdered by Naritsugu. Then Sir Doi shows a woman with arms, legs and tongue severed by Naritsugu and she writes with her forearm a request to Shinza to slaughter Naritsugu and his samurai. Shinza promises to kill Naritsugu and he gathers eleven other samurais and plots a plan to attack Naritsugu in his trip back to the Akashi land. But the cunning samurai Hanbei Kitou that is responsible for the security of his master foresees Shinza's intent. Shinza decides to go with his samurai through the mountain, where they find the hunter Koyata that guides them off the mountain and joins the group. Now the thirteen men prepare an ambush to Naritsugu and his army of two hundred samurai in a suicide mission to stop evil.",1
Despicable Me,2010,"Animation, Adventure, Comedy","In a happy suburban neighborhood surrounded by white picket fences with flowering rose bushes, sits a black house with a dead lawn. Unbeknownst to the neighbors, hidden beneath this house is a vast secret hideout. Surrounded by a small army of minions, we discover Gru (Steve Carell), planning the biggest heist in the history of the world. He is going to steal the moon. Gru delights in all things wicked. Armed with his arsenal of shrink rays, freeze rays, and battle-ready vehicles for land and air, he vanquishes all who stand in his way. Until the day he encounters the immense will of three little orphaned girls who look at him and see something that no one else has ever seen: a potential Dad. The world's greatest villain has just met his greatest challenge: three little girls named Margo (Miranda Cosgrove), Edith (Dana Gaier), and Agnes (Elsie Fisher).",43
How to Train Your Dragon,2010,"Animation, Action, Adventure","Long ago up North on the Island of Berk, the young Viking, Hiccup, wants to join his town's fight against the dragons that continually raid their town. However, his macho father and village leader, Stoik the Vast, will not allow his small, clumsy, but inventive son to do so. Regardless, Hiccup ventures out into battle and downs a mysterious Night Fury dragon with his invention, but can't bring himself to kill it. Instead, Hiccup and the dragon, whom he dubs Toothless, begin a friendship that would open up both their worlds as the observant boy learns that his people have misjudged the species. But even as the two each take flight in their own way, they find that they must fight the destructive ignorance plaguing their world.",74
Inception,2010,"Action, Adventure, Sci-Fi","Dom Cobb is a skilled thief, the absolute best in the dangerous art of extraction, stealing valuable secrets from deep within the subconscious during the dream state, when the mind is at its most vulnerable. Cobb's rare ability has made him a coveted player in this treacherous new world of corporate espionage, but it has also made him an international fugitive and cost him everything he has ever loved. Now Cobb is being offered a chance at redemption. One last job could give him his life back but only if he can accomplish the impossible, inception. Instead of the perfect heist, Cobb and his team of specialists have to pull off the reverse: their task is not to steal an idea, but to plant one. If they succeed, it could be the perfect crime. But no amount of careful planning or expertise can prepare the team for the dangerous enemy that seems to predict their every move. An enemy that only Cobb could have seen coming.",75
Megamind,2010,"Animation, Action, Adventure","After super-villain Megamind (Ferrell) kills his good-guy nemesis, Metro Man (Pitt), he becomes bored since there is no one left to fight. He creates a new foe, Titan (Hill), who, instead of using his powers for good, sets out to destroy the world, positioning Megamind to save the day for the first time in his life.",98
Shrek Forever After,2010,"Animation, Adventure, Comedy","The once hideous ogre Shrek (Mike Myers) is now living a good life with wife Fiona (Cameron Diaz) and his three children. But he soon has a meltdown in front of them and his friends during his kids' birthday party. He suddenly wants to be a real ogre like he was before he ever met Fiona. So he turns to devious dealmaker Rumpelstiltskin (Walt Dohrn) for help. At first, Shrek lives the life he once lost and everything is good. But he soon finds out that he has been set up by Rumpelstiltskin, who now rules the land with an iron fist. Teaming with friends Donkey (Eddie Murphy), Fiona, and Puss in Boots (Antonio Banderas), Shrek is in for the fight of his life as he tries to get his life back before time runs out.",136
Shutter Island,2010,"Drama, Mystery, Thriller","In 1954, up-and-coming U.S. marshal Teddy Daniels is assigned to investigate the disappearance of a patient from Boston's Shutter Island Ashecliffe Hospital. He's been pushing for an assignment on the island for personal reasons, but before long he thinks he's been brought there as part of a twisted plot by hospital doctors whose radical treatments range from unethical to illegal to downright sinister. Teddy's shrewd investigating skills soon provide a promising lead, but the hospital refuses him access to records he suspects would break the case wide open. As a hurricane cuts off communication with the mainland, more dangerous criminals ""escape"" in the confusion, and the puzzling, improbable clues multiply, Teddy begins to doubt everything - his memory, his partner, even his own sanity.",138
Tangled,2010,"Animation, Adventure, Comedy","After receiving the healing powers from a magical flower, the baby Princess Rapunzel is kidnapped from the palace in the middle of the night by Mother Gothel. Mother Gothel knows that the flower's magical powers are now growing within the golden hair of Rapunzel, and to stay young, she must lock Rapunzel in her hidden tower. Rapunzel is now a teenager and her hair has grown to a length of 70-feet. The beautiful Rapunzel has been in the tower her entire life, and she is curious of the outside world. One day, the bandit Flynn Ryder scales the tower and is taken captive by Rapunzel. Rapunzel strikes a deal with the charming thief to act as her guide to travel to the place where the floating lights come from that she has seen every year on her birthday. Rapunzel is about to have the most exciting and magnificent journey of her life.",148
The A-Team,2010,"Action, Adventure, Crime","Four American soldiers who are in Iraq are sent on a mission to recover plates for printing 100 dollar bills that were used to print a billion dollars. After doing the job and returning to the base their commanding officer is killed in an explosion and the plates are stolen by another operative. They would be court martialed and sent to different prisons. 6 months later, the leader, Hannibal Smith is visited by a CIA spook who tells him he knows where the man who took the plates is and wants him and his men to recover it. So he helps him escape and he breaks out the others and they go after the plates. But after doing it, they discover that the spook might not be ok. And a military intelligence officer who was involved with one of them is pursuing them.",152
The King's Speech,2010,"Biography, Drama, History","Britain's Prince Albert (Colin Firth) must ascend the throne as King George VI, but he has a speech impediment. Knowing that the country needs her husband to be able to communicate effectively, Elizabeth (Helena Bonham Carter) hires Lionel Logue (Geoffrey Rush), an Australian actor and speech therapist, to help him overcome his stammer. An extraordinary friendship develops between the two men, as Logue uses unconventional means to teach the monarch how to speak with confidence.",169
The Social Network,2010,"Biography, Drama","On a fall night in 2003, Harvard undergrad and computer programming genius Mark Zuckerberg sits down at his computer and heatedly begins working on a new idea. In a fury of blogging and programming, what begins in his dorm room soon becomes a global social network and a revolution in communication. A mere six years and 500 million friends later, Mark Zuckerberg is the youngest billionaire in history... but for this entrepreneur, success leads to both personal and legal complications.",193
Angels & Demons,2009,"Mystery, Thriller","Following the murder of a physicist, Father Silvano Bentivoglio, a symbolist, Robert Langdon, and a scientist, Vittoria Vetra, are on an adventure involving a secret brotherhood, the Illuminati. Clues lead them all around the Vatican, including the four altars of science, Earth, Air, Fire and Water. An assassin, working for the Illuminati, has captured four cardinals, and murders each, painfully. Robert and Vittoria also are searching for a new very destructive weapon that could kill millions.",12
Avatar,2009,"Action, Adventure, Fantasy","When his brother is killed in a robbery, paraplegic Marine Jake Sully decides to take his place in a mission on the distant world of Pandora. There he learns of greedy corporate figurehead Parker Selfridge's intentions of driving off the native humanoid ""Na'vi"" in order to mine for the precious material scattered throughout their rich woodland. In exchange for the spinal surgery that will fix his legs, Jake gathers knowledge, of the Indigenous Race and their Culture, for the cooperating military unit spearheaded by gung-ho Colonel Quaritch, while simultaneously attempting to infiltrate the Na'vi people with the use of an ""avatar"" identity. While Jake begins to bond with the native tribe and quickly falls in love with the beautiful alien Neytiri, the restless Colonel moves forward with his ruthless extermination tactics, forcing the soldier to take a stand - and fight back in an epic battle for the fate of Pandora.",16
Cloudy with a Chance of Meatballs,2009,"Animation, Adventure, Comedy","Flint Lockwood thinks he's a genius. But none of the things he invented are things that make sense or are useful. However, he has the support of his mother but when she dies, he's left alone with his father who thinks he should give it up. When the community that he lives in is in an economic crisis because their primary source of income, a sardine cannery, was shut down, Flint decides to try his latest invention, a machine that can turn water into food. But something goes wrong and the machine ends up in the atmosphere. Later it starts raining food. The shifty mayor tries to use this as a way to help their community, but when Flint senses something wrong with the machine, the mayor convinces him to ignore it. However, as Flint predicts, chaos ensues.",32
Daybreakers,2009,"Action, Horror, Sci-Fi","10 years from now, vampires make up the vast majority of the population with only 5% of the human race remaining. This presents particular challenges as the vampires' food supply - human blood - is dwindling and rationing is now the norm. There is growing evidence that vampires deprived of an adequate blood supply are themselves evolving into wild, vile creatures that attack anyone and anything in order to survive. Dr. Edward Dalton, a vampire and hematologist who works for a pharmaceutical firm, has been working on finding an artificial blood supply that will meet the vampire society's needs. He is sympathetic to humans and sees his work as a way of alleviating their suffering but his views on finding a solution change considerably when he meets someone who found a way to transform himself from being a vampire to again take human form.",38
Inglourious Basterds,2009,"Adventure, Drama, War","In German-occupied France, young Jewish refugee Shosanna Dreyfus witnesses the slaughter of her family by Colonel Hans Landa. Narrowly escaping with her life, she plots her revenge several years later when German war hero Fredrick Zoller takes a rapid interest in her and arranges an illustrious movie premiere at the theater she now runs. With the promise of every major Nazi officer in attendance, the event catches the attention of the ""Basterds"", a group of Jewish-American guerrilla soldiers led by the ruthless Lt. Aldo Raine. As the relentless executioners advance and the conspiring young girl's plans are set in motion, their paths will cross for a fateful evening that will shake the very annals of history.",77
Up,2009,"Animation, Adventure, Comedy","As a boy, Carl Fredricksen wanted to explore South America and find the forbidden Paradise Falls. About 64 years later he gets to begin his journey along with Boy Scout Russell by lifting his house with thousands of balloons. On their journey, they make many new friends including a talking dog, and figure out that someone has evil plans. Carl soon realizes that this evildoer is his childhood idol.",210
X-Men Origins: Wolverine,2009,"Action, Sci-Fi","Two mutant brothers, Logan and Victor, born two hundred years ago, suffer childhood trauma and have only each other to depend on. Basically, they're fighters and killers, living from war to war throughout U.S. history. In modern times, a U.S. Colonel, Stryker, recruits them and other mutants as commandos. Logan quits and becomes a logger, falling in love with a local teacher. When Logan refuses to rejoin Stryker's crew, the Colonel sends the murderous Victor. Logan now wants revenge.",217
Kung Fu Panda,2008,"Animation, Action, Adventure","It's the story about a lazy, irreverent slacker panda, named Po, who is the biggest fan of Kung Fu around...which doesn't exactly come in handy while working every day in his family's noodle shop. Unexpectedly chosen to fulfill an ancient prophecy, Po's dreams become reality when he joins the world of Kung Fu and studies alongside his idols, the legendary Furious Five -- Tigress, Crane, Mantis, Viper and Monkey -- under the leadership of their guru, Master Shifu. But before they know it, the vengeful and treacherous snow leopard Tai Lung is headed their way, and it's up to Po to defend everyone from the oncoming threat. Can he turn his dreams of becoming a Kung Fu master into reality? Po puts his heart - and his girth - into the task, and the unlikely hero ultimately finds that his greatest weaknesses turn out to be his greatest strengths.",88
Max Payne,2008,"Action, Crime, Drama","Three years ago, NYPD detective Max Payne's wife and baby were murdered. Max gets himself transferred to the cold case office where he can continue searching for the killer who got away. He's a loner, but two people reach out to him during a fateful week: Alex, his ex-partner who may have found a clue, and BB, the security chief at the pharmaceutical company where Max's wife worked. Meanwhile, bodies are piling up, some as a result of a drug on the street that is highly addictive and, for many who take it, brings hideous hallucinations. When one of the bodies is a woman Payne was the last to see alive, her sister comes looking for him armed to the teeth; Max must move fast.",96
Resident Evil: Degeneration,2008,"Animation, Action, Horror","Seven years after the Raccoon City incident, a man heartbroken from losing loved ones in the destroyed city unleashes a remnant T-Virus in an airport, forcing special agent Leon S. Kennedy and Claire Redfield, close allies and hardened survivors of the Raccoon City incident, to quell the outbreak and discover the truth behind it all.",123
The Curious Case of Benjamin Button,2008,"Drama, Fantasy, Romance","On the day that Hurricane Katrina hits New Orleans, elderly Daisy Williams (nee Fuller) is on her deathbed in a New Orleans hospital. At her side is her adult daughter, Caroline. Daisy asks Caroline to read to her aloud the diary of Daisy's lifelong friend, Benjamin Button. Benjamin's diary recounts his entire extraordinary life, the primary unusual aspect of which was his aging backwards, being diagnosed with several aging diseases at birth and thus given little chance of survival, but who does survive and gets younger with time. Abandoned by his biological father, Thomas Button, after Benjamin's biological mother died in childbirth, Benjamin was raised by Queenie, a black woman and caregiver at a seniors home. Daisy's grandmother was a resident at that home, which is where she first met Benjamin. Although separated through the years, Daisy and Benjamin remain in contact throughout their lives, reconnecting in their forties when in age they finally match up. Some of the revelations in Benjamin's diary are difficult for Caroline to read, especially as it relates to the time past this reconnection between Benjamin and Daisy, when Daisy gets older and Benjamin grows younger into his childhood years.",157
The Dark Knight,2008,"Action, Crime, Drama","Set within a year after the events of Batman Begins (2005), Batman, Lieutenant James Gordon, and new District Attorney Harvey Dent successfully begin to round up the criminals that plague Gotham City, until a mysterious and sadistic criminal mastermind known only as ""The Joker"" appears in Gotham, creating a new wave of chaos. Batman's struggle against The Joker becomes deeply personal, forcing him to ""confront everything he believes"" and improve his technology to stop him. A love triangle develops between Bruce Wayne, Dent, and Rachel Dawes.",159
The Hurt Locker,2008,"Drama, Thriller, War","An intense portrayal of elite soldiers who have one of the most dangerous jobs in the world: disarming bombs in the heat of combat. When a new sergeant, James, takes over a highly trained bomb disposal team amidst violent conflict, he surprises his two subordinates, Sanborn and Eldridge, by recklessly plunging them into a deadly game of urban combat, behaving as if he's indifferent to death. As the men struggle to control their wild new leader, the city explodes into chaos, and James' true character reveals itself in a way that will change each man forever.",166
Valkyrie,2008,"Drama, History, Thriller","In Nazi Germany during World War II, as the tide turned in favor of the Allies, a cadre of senior German officers and politicians desperately plot to topple the Nazi regime before the nation is crushed in a nearly inevitable defeat. To this end, Colonel Claus von Stauffenberg, an Army officer convinced he must save Germany from Adolf Hitler, is recruited to mastermind a real plan. To do so, he arranges for the internal emergency measure, Operation: Valkyrie, to be changed to enable his fellows to seize control of Berlin after the assassination of Der Führer. However, even as the plan is put into action, a combination of bad luck and human failings conspire on their own to create a tragedy that would prolong the greater one gripping Europe.",212
Atonement,2007,"Drama, Mystery, Romance","When Briony Tallis (Saoirse Ronan), thirteen-years-old and an aspiring writer, sees her older sister Cecilia (Keira Knightley) and Robbie Turner (James McAvoy) at the fountain in front of the family estate, she misinterprets what is happening, thus setting into motion a series of misunderstandings and a childish pique that will have lasting repercussions for all of them. Robbie is the son of a family servant toward whom the family has always been kind. They paid for his time at Cambridge and now he plans on going to medical school. After the fountain incident, Briony reads a letter intended for Cecilia and concludes that Robbie is a deviant. When her cousin Lola (Juno Temple) is raped, she tells the Police that it was Robbie she saw committing the deed.",15
Dead Silence,2007,"Horror, Mystery, Thriller","Every town has its own ghost story, and a local folktale around Ravens Fair is about a ventriloquist named Mary Shaw. After she went mad in the 1940s, she was accused of kidnapping a young boy who yelled out in one of her performances that she was a fraud. Because of this she was hunted down by townspeople who in the ultimate act of revenge, cut out her tongue and then killed her. They buried her along with her ""children,"" a handmade collection of vaudeville dolls, and assumed they had silenced her forever. However, Ravens Fair has been plagued by mysterious deaths around them after Mary Shaws collection has returned from their graves and have come to seek revenge on people that killed her and their families. Far from the pall of their cursed hometown, newlyweds Jamie and Lisa Ashen thought they had established a fresh start, until Jamie's wife is grotesquely killed in their apartment. Jamie returns to Ravens Fair for the funeral, intent on unraveling the mystery of Lisa's death. Once reunited with his ill father, Edward, and his father's new young bride, Ella, Jamie must dig into the town's bloody past to find out who killed his wife and why. All the while, he is doggedly pursued by a detective who doesn't believe a word he says. As he uncovers the legend of Mary Shaw, he will unlock the story of her curse and the truth behind the threat from a rhyme in his childhood: if you see Mary Shaw and scream, she'll take your tongue. And the last thing you will hear before you die...is your own voice speaking back to you.",39
Shrek the Third,2007,"Animation, Adventure, Comedy","When King Harold (John Cleese) of Far, Far Away dies, the clumsy Shrek (Mike Myers) becomes the immediate successor of the throne. However, Shrek decides to find the legitimate heir Artie (Justin Timberlake) in a distant kingdom with his friends Donkey (Eddie Murphy) and Puss in Boots (Antonio Banderas) to be able return to his beloved house in the swamp with the pregnant Fiona (Cameron Diaz). Meanwhile, the envious and ambitious Prince Charming (Rupert Everett) joins the villains of the fairytales plotting a coup d'état to become the new King.",137
300,2006,"Action, Drama","In the Battle of Thermopylae of 480 BC an alliance of Greek city-states fought the invading Persian army in the mountain pass of Thermopylae. Vastly outnumbered, the Greeks held back the enemy in one of the most famous last stands of history. Persian King Xerxes led a Army of well over 100,000 (Persian king Xerxes before war has about 170,000 army) men to Greece and was confronted by 300 Spartans, 700 Thespians, and 400 Thebans. Xerxes waited for 10 days for King Leonidas to surrender or withdraw but left with no options he pushed forward. After 3 days of battle all the Greeks were killed. The Spartan defeat was not the one expected, as a local shepherd, named Ephialtes, defected to the Persians and informed Xerxes that the separate path through Thermopylae, which the Persians could use to outflank the Greeks, was not as heavily guarded as they thought.",4
Apocalypto,2006,"Action, Adventure, Drama","In the Maya civilization, a peaceful tribe is brutally attacked by warriors seeking slaves and human beings for sacrifice for their gods. Jaguar Paw hides his pregnant wife and his son in a deep hole nearby their tribe and is captured while fighting with his people. An eclipse spares his life from the sacrifice and later he has to fight to survive and save his beloved family.",13
Blood Diamond,2006,"Adventure, Drama, Thriller","A story following Archer, a man tortured by his roots. With a strong survival instinct, he has made himself a key player in the business of conflict diamonds. Political unrest is rampant in Sierra Leone as people fight tooth for tooth. Upon meeting Solomon, and the beautiful Maddy, Archer's life changes forever as he is given a chance to make peace with the war around him.",27
Pirates of the Caribbean: Dead Man's Chest,2006,"Action, Adventure, Fantasy","Once again we're plunged into the world of sword fights and ""savvy"" pirates. Captain Jack Sparrow is reminded he owes a debt to Davy Jones, who captains the flying Dutchman, a ghostly ship, with a crew from hell. Facing the ""locker"" Jack must find the heart of Davy Jones but to save himself he must get the help of quick-witted Will Turner and Elizabeth Swan. If that's not complicated enough, Will and Elizabeth are sentenced to hang, unless Will can get Lord Cutler Beckett Jack's compass. Will is forced to join another crazy adventure with Jack.",112
The Da Vinci Code,2006,"Mystery, Thriller","Dan Brown's controversial best-selling novel about a powerful secret that's been kept under wraps for thousands of years comes to the screen in this suspense thriller from Director Ron Howard. The stately silence of Paris' Louvre museum is broken when one of the gallery's leading curators is found dead on the grounds, with strange symbols carved into his body and left around the spot where he died. Hoping to learn the significance of the symbols, police bring in Sophie Neveu (Audrey Tautou), a gifted cryptographer who is also the victim's granddaughter. Needing help, Sophie calls on Robert Langdon (Tom Hanks), a leading symbologist from the United States. As Sophie and Robert dig deeper into the case, they discover the victim's involvement in the Priory of Sion, a secret society whose members have been privy to forbidden knowledge dating back to the birth of Christianity. In their search, Sophie and Robert happen upon evidence that could lead to the final resting place of the Holy Grail, while members of the priory and an underground Catholic society known as Opus Dei give chase, determined to prevent them from sharing their greatest secrets with the world.",158
The Prestige,2006,"Drama, Mystery, Sci-Fi","In the end of the nineteenth century, in London, Robert Angier, his beloved wife Julia McCullough, and Alfred Borden are friends and assistants of a magician. When Julia accidentally dies during a performance, Robert blames Alfred for her death, and they become enemies. Both become famous and rival magicians, sabotaging the performance of the other on the stage. When Alfred performs a successful trick, Robert becomes obsessed trying to disclose the secret of his competitor with tragic consequences.",185
The Queen,2006,"Biography, Drama","Diana, the ""People's Princess"" has died in a car accident in Paris. The Queen (Dame Helen Mirren) and her family decide that for the best, they should remain hidden behind the closed doors of Balmoral Castle. The heartbroken public do not understand and request that the Queen comforts her people. This also puts pressure on newly elected Tony Blair (Michael Sheen), who constantly tries to convince the monarchy to address the public.",186
Batman Begins,2005,"Action, Crime, Drama","When his parents are killed, billionaire playboy Bruce Wayne relocates to Asia, where he is mentored by Henri Ducard and Ra's Al Ghul in how to fight evil. When learning about the plan to wipe out evil in Gotham City by Ducard, Bruce prevents this plan from getting any further and heads back to his home. Back in his original surroundings, Bruce adopts the image of a bat to strike fear into the criminals and the corrupt as the icon known as ""Batman"". But it doesn't stay quiet for long.",21
Kingdom of Heaven,2005,"Action, Adventure, Drama","It is the time of the Crusades during the Middle Ages -- the world-shaping 200-year collision between Europe and the East. A blacksmith named Balian has lost his family and nearly his faith. The religious wars raging in the far-off Holy Land seem remote to him, yet he is pulled into that immense drama. Amid the pageantry and intrigues of medieval Jerusalem, he falls in love, grows into a leader, and ultimately uses all his courage and skill to defend the city against staggering odds. Destiny comes seeking Balian in the form of a great knight, Godfrey of Ibelin, a Crusader briefly home to France from fighting in the East. Revealing himself as Balian's father, Godfrey shows him the true meaning of knighthood and takes him on a journey across continents to the fabled Holy City. In Jerusalem at that moment--between the Second and Third Crusades--a fragile peace prevails, through the efforts of its enlightened Christian king, Baldwin IV, aided by his advisor Tiberias, and the military restraint of the legendary Muslim leader Saladin Ayubi. But Baldwin's days are numbered, and strains of fanaticism, greed, and jealousy among the Crusaders threaten to shatter the truce. King Baldwin's vision of peace--a kingdom of heaven--is shared by a handful of knights, including Godfrey of Ibelin, who swear to uphold it with their lives and honor. As Godfrey passes his sword to his son, he also passes on that sacred oath: to protect the helpless, safeguard the peace, and work toward harmony between religions and cultures, so that a kingdom of heaven can flourish on earth. Balian takes the sword and steps into history.",87
Madagascar,2005,"Animation, Adventure, Comedy","Longing to roam free in the vast landscapes of Mother Africa, Marty, the bored and dejected zebra of the famous Central Park Zoo, escapes his prison on the night of his tenth birthday celebration. However, after a botched rescue attempt by Marty's companions--Alex, the content lion; Melman, the skittish giraffe, and Gloria, the resolute hippo--the friends will find themselves crated up and shipped off to a remote wildlife preserve, only to end up on the sandy shores of exotic Madagascar. At last, Marty's dream will come true; nevertheless, what does it really mean to be a truly wild animal?",95
Memoirs of a Geisha,2005,"Drama, Romance","In the 1920s, 9-year-old Chiyo gets sold to a geisha house. There, she is forced into servitude, receiving nothing in return until the house's ruling hierarchy determines if she is of high enough quality to service the clientele -- men who visit and pay for conversation, dance and song. After rigorous years of training, Chiyo becomes Sayuri, a geisha of incredible beauty and influence. Life is good for Sayuri, but World War II is about to disrupt the peace.",100
Sin City,2005,"Crime, Thriller","Four tales of crime adapted from Frank Miller's popular comics, focusing around a muscular brute who's looking for the person responsible for the death of his beloved Goldie (Jaime King), a man fed up with Sin City's corrupt law enforcement who takes the law into his own hands after a horrible mistake, a cop who risks his life to protect a girl from a deformed pedophile and a hitman looking to make a little cash.",139
V for Vendetta,2005,"Action, Drama, Sci-Fi","In the distant future, Evey Hammond is an average citizen of the United Kingdom, which is under the rule of the fascist and tyrannical Norsefire Party. She is an employee of the state-run British Television Network, but soon, she becomes the number one enemy of the state together with an enigmatic and larger-than-life freedom fighter known only by the letter ""V"". V informs Evey that she must hide in his underground lair for at least one year, and while she is reluctant to the idea at first, a bond soon forms between the two individuals. In the meanwhile, the mysterious past of V is gradually revealed to the police inspector tasked with capturing him, Eric Finch, and it is not long until he starts questioning everything his government stands for.",211
War of the Worlds,2005,"Action, Adventure, Sci-Fi","An ordinary man has to protect his children against alien invaders in this science fiction action film freely adapted from the classic story by H.G. Wells. Ray Ferrier (Tom Cruise) is a dockworker living in New Jersey, divorced from his first wife Mary Ann (Miranda Otto) and estranged from his two children Rachel and Robbie (Dakota Fanning and Justin Chatwin), of whom he has custody on weekends. On one such visitation, looking after the kids becomes a little more difficult when, after a series of strange lighting storms hit his neighborhood, Ray discovers that a fleet of death-ray robotic spaceships have emerged nearby, part of the first wave of an all-out alien invasion of the Earth. Transporting his children from New York to Boston in an attempt to find safety at Mary Ann's parents' house, Ray must learn to become the protector and provider he never was in marriage.",214
Alien vs. Predator,2004,"Action, Adventure, Horror","When a private satellite encounters an unidentified source of heat in Antarctica and it is found to be a pyramid buried deep underground , a search team comprising of top-of-the-line archaeologists and engineers is sent to Antarctica to find out more . Once there , the team comes across signs which indicate that the place is inhabited by an unknown alien species . It is not long before the aliens begin to hunt the team members . At the same time , a trio of coming-of-age Predators have arrived to collect the skulls of the aliens as trophies , and the humans are caught between a deadly battle between the two warring species .",8
Collateral,2004,"Action, Crime, Drama","This action thriller follows LA cabbie Max Durocher, the type of person who can wax poetic about other people's lives, which impresses U.S. Justice Department prosecutor Annie Farrell, one of his fares, so much that she gives him her telephone number at the end of her ride. Although a dedicated man as seen through the efficiency in which he does his work, he can't or won't translate that eloquence into a better life for himself. He deludes himself into believing that his now twelve year cabbie job is temporary and that someday he will own his own limousine service. He even lies to his hospitalized mother that he already owns one, with a further lie that he tells her as such primarily to make her happy, rather than the truth which is that he won't do anything to achieve that dream. One night, Max picks up a well dressed man named Vincent, who asks Max to be his only fare for the evening. For a flat fee of $600, plus an extra $100 if he gets to the airport on time - Vincent wants Max to drive him to five stops that evening. Max somewhat reluctantly agrees. Max learns the hard way at their first stop when a body falls from a third story apartment window and lands dead on top of his cab that Vincent is a contract hit man. Vincent's main goal, as per his current contract, is to kill five people, one at each of the stops, but he will not let others get in the way of that goal, even if it means killing them, including Max. As Vincent forces Max to continue driving him for the evening, Max tries slyly at every turn to take back control of his life from Vincent, especially when Max learns of one of the names on Vincent's hit list. Meanwhile, LAPD narcotics detective, Ray Fanning, and ultimately the FBI get involved when Vincent's first victim is associated with a case in which Ray is working undercover. Ray is able to piece together information which makes him hot on Max and Vincent's tail.",35
Hotel Rwanda,2004,"Biography, Drama, History","1994. In Rwanda, the classification of the native population into Hutus and Tutsis, arbitrarily done by the colonial Belgians, is now ingrained within Rwandan mentality despite the Rwandan independence. Despite the Belgians having placed the Tutsis in a higher position during the Belgian rule, they have placed the majority Hutus in power after independence. Paul Rusesabagina, a Hutu married to a Tutsi, Tatiana Rusesabagina, is the House Manager of the Hotel Des Milles Collines in Kigali. The Milles Collines, owned by Sabena (the national airline of Belgium), is a four-star hotel catering primarily to wealthy white westerners. Paul, who knows how to work the system to run the hotel effectively for its guests and for Sabena, is proud that most of the Caucasians who he meets in this professional capacity treat him with respect. After a specific incident, the relative calm between the Tutsi guerrillas and government-backed Hutu militia takes a turn. Paul's thought that the native population as a whole who are not directly involved in the conflict will be protected as the UN peacekeeping forces and thus the world is watching doesn't happen as the western world largely evacuates from Rwanda and abandons the natives. Such begins what will become a genocide of the Tutsi population. Paul, who is able to get his immediate family to the hotel which is still largely seen as a place of sanctuary, will have to use the considerable skills he has used to run the hotel as well as he has instead to keep himself, his family and any others taking refuge at the hotel alive, whether they be Hutu or Tutsi. Meanwhile, Colonel Oliver, a Canadian heading the UN peacekeeping forces, and Pat Archer with the Red Cross do what they can to assist Paul and to get people to safety first to the hotel then out of the country, while field journalists, like photographer Jack Daglish, try to bring the genocide back into the global media to have the world once again care about what is going on.",72
Mean Girls,2004,Comedy,"Lindsay Lohan stars as Cady Heron, a 16 year old homeschooled girl who not only makes the mistake of falling for Aaron Samuels (Jonathan Bennett), the ex-boyfriend of queenbee Regina George (Rachel McAdams), but also unintentionally joins The Plastics, led by Regina herself. Join Cady as she learns that high school life can and will be really tough.",97
Saw,2004,"Horror, Mystery, Thriller","Waking up in a bathroom, two men, Adam and Dr. Lawrence Gordon, discover they have been captured by the infamous Jigsaw Killer. The men must escape before time runs out, otherwise, they will face the deadly consequences.",132
Shrek 2,2004,"Animation, Adventure, Comedy","Shrek (Mike Myers) has rescued Princess Fiona (Cameron Diaz), got married, and now is time to meet the parents. Shrek, Fiona, and Donkey (Eddie Murphy) set off to Far, Far Away to meet Fiona's mother and father. But not everyone is happy. Shrek and King Harold (John Cleese) find it hard to get along, and there's tension in the marriage. It's not just the family who are unhappy. Prince Charming (Rupert Everett) returns from a failed attempt at rescuing Fiona, and works alongside his mother, the Fairy Godmother (Jennifer Saunders), to try and find a way to get Shrek away from Fiona.",135
The Aviator,2004,"Biography, Drama","Biopic of billionaire Howard Hughes, starting with his early filmmaking years as owner of R.K.O. Pictures, but mostly focusing on his role in designing and promoting new aircraft. Hughes was a risk-taker spending several fortunes on designing experimental aircraft and eventually founding TWA as a rival to Pan Am airlines owned by his great rival Juan Trippe. When Trippe's politico Senator Ralph Owen Brewster accuses Hughes of being a war profiteer, it's Hughes who gains the upper hand. Hughes also had many women in his life including a long relationship with Katharine Hepburn. From an early age, however, Hughes was also germophobic and would have severe bouts of mental illness.",154
The Notebook,2004,"Drama, Romance","In a nursing home, resident Duke reads a romance story to an old woman who has senile dementia with memory loss. In the late 1930s, wealthy seventeen year-old Allie Hamilton is spending summer vacation in Seabrook. Local worker Noah Calhoun meets Allie at a carnival and they soon fall in love with each other. One day, Noah brings Allie to an ancient house that he dreams of buying and restoring and they attempt to make love but get interrupted by their friend. Allie's parents do not approve of their romance since Noah belongs to another social class, and they move to New York with her. Noah writes 365 letters (A Year) to Allie, but her mother Anne Hamilton does not deliver them to her daughter. Three years later, the United States joins the World War II and Noah and his best friend Fin enlist in the army, and Allie works as an army nurse. She meets injured soldier Lon Hammond in the hospital. After the war, they meet each other again going on dates and then, Lon, who is wealthy and handsome, proposes. Meanwhile Noah buys and restores the old house and many people want to buy it. When Allie accidentally sees the photo of Noah and his house in a newspaper, she feels divided between her first love and her commitment with Lon. Meanwhile Duke stops reading to the old lady since his children are visiting him in the nursing home.",181
The Passion of the Christ,2004,Drama,"A depiction of the last twelve hours in the life of Jesus of Nazareth, on the day of his crucifixion in Jerusalem. The story opens in the Garden of Olives where Jesus has gone to pray after the Last Supper. Betrayed by Judas Iscariot, the controversial Jesus--who has performed 'miracles' and has publicly announced that he is 'the Son of God'--is arrested and taken back within the city walls of Jerusalem. There, the leaders of the Pharisees confront him with accusations of blasphemy; subsequently, his trial results with the leaders condemning him to his death. Jesus is brought before Pontius Pilate, the prefect of the Roman province of Judaea, for his sentencing. Pilate listens to the accusations leveled at Jesus by the Pharisees. Realizing that his own decision will cause him to become embroiled in a political conflict, Pilate defers to King Herod in deciding the matter of how to persecute Jesus. However, Herod returns Jesus to Pilate who, in turn, gives the crowd a choice between which prisoner they would rather to see set free--Jesus, or Barrabas. The crowd chooses to have Barrabas set free. Thus, Jesus is handed over to the Roman soldiers and is brutally flagellated. Bloody and unrecognizable, he is brought back before Pilate who, once again, presents him to the thirsty crowd--assuming they will see that Jesus has been punished enough. The crowd, however, is not satisfied. Thus, Pilate washes his hands of the entire dilemma, ordering his men to do as the crowd wishes. Whipped and weakened, Jesus is presented with the cross and is ordered to carry it through the streets of Jerusalem, all the way up to Golgotha. There, more corporal cruelty takes place as Jesus is nailed to the cross--suffering, he hangs there, left to die. Initially, in his dazed suffering, Jesus is alarmed that he has been abandoned by God his father. He then beseeches God. At the moment of his death, nature itself over-turns.",182
Troy,2004,"Adventure, Drama","It is the year 1250 B.C. during the late Bronze age. Two emerging nations begin to clash after Paris, the Trojan prince, convinces Helen, Queen of Sparta, to leave her husband, Menelaus, and sail with him back to Troy. After Menelaus finds out that his wife was taken by the Trojans, he asks his brother Agamemnon to help him get her back. Agamemnon sees this as an opportunity for power. So they set off with 1,000 ships holding 50,000 Greeks to Troy. With the help of Achilles, the Greeks are able to fight the never before defeated Trojans. But they come to a stop by Hector, Prince of Troy. The whole movie shows their battle struggles and the foreshadowing of fate in this adaptation of Homer's classic ""The Iliad.""",208
Cold Mountain,2003,"Adventure, Drama, Romance","This Civil War saga addresses romance, friendship, and the ravages of war - both in the field and on the home front. Captures the horrors of war for both those fighting it, and for those left behind. This is a tale of hope, longing, redemption, second chances, and faith.",34
Finding Nemo,2003,"Animation, Adventure, Comedy","A clown fish named Marlin lives in the Great Barrier Reef and loses his son, Nemo, after he ventures into the open sea, despite his father's constant warnings about many of the ocean's dangers. Nemo is abducted by a boat and netted up and sent to a dentist's office in Sydney. While Marlin ventures off to try to retrieve Nemo, Marlin meets a fish named Dory, a blue tang suffering from short-term memory loss. The companions travel a great distance, encountering various dangerous sea creatures such as sharks, anglerfish and jellyfish, in order to rescue Nemo from the dentist's office, which is situated by Sydney Harbour. While the two are searching the ocean far and wide, Nemo and the other sea animals in the dentist's fish tank plot a way to return to the sea to live their lives free again.",57
Pirates of the Caribbean: The Curse of the Black Pearl,2003,"Action, Adventure, Fantasy","This swash-buckling tale follows the quest of Captain Jack Sparrow, a savvy pirate, and Will Turner, a resourceful blacksmith, as they search for Elizabeth Swann. Elizabeth, the daughter of the governor and the love of Will's life, has been kidnapped by the feared Captain Barbossa. Little do they know, but the fierce and clever Barbossa has been cursed. He, along with his large crew, are under an ancient curse, doomed for eternity to neither live, nor die. That is, unless a blood sacrifice is made.",114
The Last Samurai,2003,"Action, Drama","In the 1870s, Captain Nathan Algren (Tom Cruise), a cynical veteran of the American Civil War, who will work for anyone, is hired by Americans who want lucrative contracts with the Emperor of Japan to train the peasant conscripts for the first standing Imperial Army in modern warfare using firearms. The Imperial Omura (Masato Harada) cabinet's first priority is to repress a rebellion of traditionalist Samurai, hereditary warriors, who remain devoted to the sacred dynasty, but reject the Westernizing policy, and even refuse firearms. Yet, when his ill-prepared superior force sets out too soon, their panic allows the sword-wielding samurai to crush them. Badly wounded, Algren's courageous stand makes the samurai leader Katsumoto (Ken Watanabe) spare his life. Once nursed to health, he learns to know and respect the old Japanese way, and participates as advisor in Katsumoto's failed attempt to save the Bushido tradition, but Omura gets repressive laws enacted. He must now choose to honor his loyalty to one of the embittered sides when the conflict returns to the battlefield.",171
Catch Me If You Can,2002,"Biography, Crime, Drama","A true story about Frank Abagnale Jr. who, before his 19th birthday, successfully conned millions of dollars worth of checks as a Pan Am pilot, doctor, and legal prosecutor. An FBI agent makes it his mission to put him behind bars. But Frank not only eludes capture, he revels in the pursuit.",31
Gangs of New York,2002,"Crime, Drama","In the god-forsaken district of early-1860s Lower Manhattan known as the Five Points, the vicious Nativist, Bill ""The Butcher"" Cutting, is the supreme overlord of an area riddled with crime, prostitution, theft and murder, as the American Civil War still rages on. Sixteen whole years after the brutal murder of his father from Bill's blood-stained hands, an orphaned Irish-American, Amsterdam Vallon, returns to this melting pot of corruption to avenge his untimely death; however, a lot has changed since then. Who can remember the once-innocent boy and now a young man bent on revenge, who works his way up to the hierarchy of Five Points? Will Amsterdam ever taste the dangerous but sweet fruit of retribution?",63
Harry Potter and the Chamber of Secrets,2002,"Adventure, Family, Fantasy","Forced to spend his summer holidays with his muggle relations, Harry Potter (Daniel Radcliffe) gets a real shock when he gets a surprise visitor: Dobby (Toby Jones) the house-elf, who warns Harry against returning to Hogwarts, for terrible things are going to happen. Harry decides to ignore Dobby's warning and continues with his pre-arranged schedule. But at Hogwarts, strange and terrible things are indeed happening. Harry is suddenly hearing mysterious voices from inside the walls, muggle-born students are being attacked, and a message scrawled on the wall in blood puts everyone on his or her guard, ""The Chamber Of Secrets Has Been Opened. Enemies Of The Heir, Beware"".",70
Minority Report,2002,"Action, Crime, Mystery","In the year 2054 A.D. crime is virtually eliminated from Washington D.C. thanks to an elite law enforcing squad ""Precrime"". They use three gifted humans (called ""Pre-Cogs"") with special powers to see into the future and predict crimes beforehand. John Anderton heads Precrime and believes the system's flawlessness steadfastly. However one day the Pre-Cogs predict that Anderton will commit a murder himself in the next 36 hours. Worse, Anderton doesn't even know the victim. He decides to get to the mystery's core by finding out the 'minority report' which means the prediction of the female Pre-Cog Agatha that ""might"" tell a different story and prove Anderton innocent.",104
Spider-Man,2002,"Action, Adventure, Sci-Fi","Based on Marvel Comics' superhero character, this is a story of Peter Parker who is a nerdy high-schooler. He was orphaned as a child, bullied by jocks, and can't confess his crush for his stunning neighborhood girl Mary Jane Watson. To say his life is ""miserable"" is an understatement. But one day while on an excursion to a laboratory a runaway radioactive spider bites him... and his life changes in a way no one could have imagined. Peter acquires a muscle-bound physique, clear vision, ability to cling to surfaces and crawl over walls, shooting webs from his wrist ... but the fun isn't going to last. An eccentric millionaire Norman Osborn administers a performance enhancing drug on himself and his maniacal alter ego Green Goblin emerges. Now Peter Parker has to become Spider-Man and take Green Goblin to the task... or else Goblin will kill him. They come face to face and the war begins in which only one of them will survive at the end.",145
The Lord of the Rings: The Two Towers,2002,"Adventure, Drama, Fantasy","The continuing quest of Frodo and the Fellowship to destroy the One Ring. Frodo and Sam discover they are being followed by the mysterious Gollum. Aragorn, the Elf archer Legolas, and Gimli the Dwarf encounter the besieged Rohan kingdom, whose once great King Theoden has fallen under Saruman's deadly spell.",176
The Pianist,2002,"Biography, Drama, Music","In this adaptation of the autobiography ""The Pianist: The Extraordinary True Story of One Man's Survival in Warsaw, 1939-1945,"" Wladyslaw Szpilman, a Polish Jewish radio station pianist, sees Warsaw change gradually as World War II begins. Szpilman is forced into the Warsaw Ghetto, but is later separated from his family during Operation Reinhard. From this time until the concentration camp prisoners are released, Szpilman hides in various locations among the ruins of Warsaw.",184
A Beautiful Mind,2001,"Biography, Drama, Mystery","From the heights of notoriety to the depths of depravity, John Forbes Nash, Jr. experienced it all. A mathematical genius, he made an astonishing discovery early in his career and stood on the brink of international acclaim. But the handsome and arrogant Nash soon found himself on a painful and harrowing journey of self-discovery. After many years of struggle, he eventually triumphed over his tragedy, and finally - late in life - received the Nobel Prize.",6
Shrek,2001,"Animation, Adventure, Comedy","When a green ogre named Shrek discovers his swamp has been 'swamped' with all sorts of fairytale creatures by the scheming Lord Farquaad, Shrek sets out with a very loud donkey by his side to 'persuade' Farquaad to give Shrek his swamp back. Instead, a deal is made. Farquaad, who wants to become the King, sends Shrek to rescue Princess Fiona, who is awaiting her true love in a tower guarded by a fire-breathing dragon. But once they head back with Fiona, it starts to become apparent that not only does Shrek, an ugly ogre, begin to fall in love with the lovely princess, but Fiona is also hiding a huge secret.",134
The Lord of the Rings: The Fellowship of the Ring,2001,"Adventure, Drama, Fantasy","An ancient Ring thought lost for centuries has been found, and through a strange twist of fate has been given to a small Hobbit named Frodo. When Gandalf discovers the Ring is in fact the One Ring of the Dark Lord Sauron, Frodo must make an epic quest to the Cracks of Doom in order to destroy it. However, he does not go alone. He is joined by Gandalf, Legolas the elf, Gimli the Dwarf, Aragorn, Boromir, and his three Hobbit friends Merry, Pippin, and Samwise. Through mountains, snow, darkness, forests, rivers and plains, facing evil and danger at every corner the Fellowship of the Ring must go. Their quest to destroy the One Ring is the only hope for the end of the Dark Lords reign.",175
American Psycho,2000,"Crime, Drama, Horror","It's the late 1980s. Twenty-seven year old Wall Streeter Patrick Bateman travels among a closed network of the proverbial beautiful people, that closed network in only they able to allow others like themselves in in a feeling of superiority. Patrick has a routinized morning regimen to maintain his appearance of attractiveness and fitness. He, like those in his network, are vain, narcissistic, egomaniacal and competitive, always having to one up everyone else in that presentation of oneself, but he, unlike the others, realizes that, for himself, all of these are masks to hide what is truly underneath, someone/something inhuman in nature. In other words, he is comprised of a shell resembling a human that contains only greed and disgust, greed in wanting what others may have, and disgust for those who do not meet his expectations and for himself in not being the first or the best. That disgust ends up manifesting itself in wanting to rid the world of those people, he not seeing them as people but only of those characteristics he wants to rid.",10
Gladiator,2000,"Action, Adventure, Drama","Maximus is a powerful Roman general, loved by the people and the aging Emperor, Marcus Aurelius. Before his death, the Emperor chooses Maximus to be his heir over his own son, Commodus, and a power struggle leaves Maximus and his family condemned to death. The powerful general is unable to save his family, and his loss of will allows him to get captured and put into the Gladiator games until he dies. The only desire that fuels him now is the chance to rise to the top so that he will be able to look into the eyes of the man who will feel his revenge.",65
Memento,2000,"Mystery, Thriller","Memento chronicles two separate stories of Leonard, an ex-insurance investigator who can no longer build new memories, as he attempts to find the murderer of his wife, which is the last thing he remembers. One story line moves forward in time while the other tells the story backwards revealing more each time.",99
Requiem for a Dream,2000,Drama,"Sara Goldfarb (Ellen Burstyn) is a retired widow, living in a small apartment. She spends most of her time watching TV, especially a particular self-help show. She has delusions of rising above her current dull existence by being a guest on that show. Her son, Harry (Jared Leto) is a junkie but along with his friend Tyrone (Marlon Wayans) has visions of making it big by becoming a drug dealer. Harry's girlfriend Marion (Jennifer Connelly) could be fashion designer or artist but is swept along in Harry's drug-centric world. Meanwhile Sara has developed an addiction of her own. She desperately wants to lose weight and so goes on a crash course involving popping pills, pills which turn out to be very addictive and harmful to her mental state.",121
The Patriot,2000,"Action, Drama, History","It is 1776 in colonial South Carolina. Benjamin Martin, a French-Indian war hero who is haunted by his past, now wants nothing more than to live peacefully on his small plantation, and wants no part of a war with the most powerful nation in the world, Great Britain. Meanwhile, his two eldest sons, Gabriel and Thomas, can't wait to enlist in the newly formed ""Continental Army."" When South Carolina decides to join the rebellion against England, Gabriel immediately signs up to fight...without his father's permission. But when Colonel William Tavington, British dragoon, infamous for his brutal tactics, comes and burns the Martin Plantation to the ground, tragedy strikes. Benjamin quickly finds himself torn between protecting his family, and seeking revenge along with being a part of the birth of a new, young, and ambitious nation.",183
X-Men,2000,"Action, Adventure, Sci-Fi","In a world where both Mutants and Humans fear each other, Marie, better known as Rogue, runs away from home and hitches a ride with another mutant, known as Logan, a.k.a. Wolverine. Professor Charles Xavier, who owns a school for young mutants, sends Storm and Cyclops to bring them back before it is too late. Magneto, who believes a war is approaching, has an evil plan in mind, and needs young Rogue to help him.",216
Fight Club,1999,"Crime, Drama, Thriller","A nameless first person narrator (Edward Norton) attends support groups in attempt to subdue his emotional state and relieve his insomniac state. When he meets Marla (Helena Bonham Carter), another fake attendee of support groups, his life seems to become a little more bearable. However when he associates himself with Tyler (Brad Pitt) he is dragged into an underground fight club and soap making scheme. Together the two men spiral out of control and engage in competitive rivalry for love and power.",54
The Matrix,1999,"Action, Sci-Fi","Thomas A. Anderson is a man living two lives. By day he is an average computer programmer and by night a hacker known as Neo. Neo has always questioned his reality, but the truth is far beyond his imagination. Neo finds himself targeted by the police when he is contacted by Morpheus, a legendary computer hacker branded a terrorist by the government. As a rebel against the machines, Neo must confront the agents: super-powerful computer programs devoted to stopping Neo and the entire human rebellion.",177
The Messenger: The Story of Joan of Arc,1999,"Adventure, Biography, Drama","1429. While the war between France and England (the Hundred Years War) appeared settled in 1420, in England's favour, the death of King Henry V of England reignites it. England occupies large areas of France and appears set to take the whole of it. Into this moment of crisis rides legendary Joan of Arc, a teenage girl who claims to be lead by divine visions.",178
The Sixth Sense,1999,"Drama, Mystery, Thriller","Malcom Crowe (Bruce Willis) is a child psychologist who receives an award on the same night that he is visited by a very unhappy ex-patient. After this encounter, Crowe takes on the task of curing a young boy with the same ills as the ex-patient (Donnie Wahlberg) . This boy ""sees dead people"". Crowe spends a lot of time with the boy much to the dismay of his wife (Olivia Williams). Cole's mom (Toni Collette) is at her wit's end with what to do about her son's increasing problems. Crowe is the boy's only hope.",192
Elizabeth,1998,"Biography, Drama, History","This film details the ascension to the throne and the early reign of Queen Elizabeth the First, as played by Cate Blanchett. The main focus is the endless attempts by her council to marry her off, the Catholic hatred of her and her romance with Lord Robert Dudley.",52
Rush Hour,1998,"Action, Comedy, Crime","Cultures clash and tempers flares as the two cops named Detective Inspector Lee a Hong Kong Detective and Detective James Carter FBI, a big-mouthed work-alone Los Angeles cop who are from different worlds discovers one thing in common: they can't stand each other. With time running out, they must join forces to catch the criminals and save the eleven-year-old Chinese girl of the Chinese consul named Soo Yung.",130
Saving Private Ryan,1998,"Drama, War","Opening with the Allied invasion of Normandy on 6 June 1944, members of the 2nd Ranger Battalion under Cpt. Miller fight ashore to secure a beachhead. Amidst the fighting, two brothers are killed in action. Earlier in New Guinea, a third brother is KIA. Their mother, Mrs. Ryan, is to receive all three of the grave telegrams on the same day. The United States Army Chief of Staff, George C. Marshall, is given an opportunity to alleviate some of her grief when he learns of a fourth brother, Private James Ryan, and decides to send out 8 men (Cpt. Miller and select members from 2nd Rangers) to find him and bring him back home to his mother...",131
Titanic,1997,"Drama, Romance","84 years later, a 100 year-old woman named Rose DeWitt Bukater tells the story to her granddaughter Lizzy Calvert, Brock Lovett, Lewis Bodine, Bobby Buell and Anatoly Mikailavich on the Keldysh about her life set in April 10th 1912, on a ship called Titanic when young Rose boards the departing ship with the upper-class passengers and her mother, Ruth DeWitt Bukater, and her fiancé, Caledon Hockley. Meanwhile, a drifter and artist named Jack Dawson and his best friend Fabrizio De Rossi win third-class tickets to the ship in a game. And she explains the whole story from departure until the death of Titanic on its first and last voyage April 15th, 1912 at 2:20 in the morning.",202
The English Patient,1996,"Drama, Romance, War","October 1944 in war torn Italy. Hana (Juliette Binoche), a French-Canadian nurse working in a mobile army medical unit, feels like everything she loves in life dies on her. Because of the difficulty traveling and the dangers, especially as the landscape is still heavily booby-trapped with mines, Hana volunteers to stay behind at a church to care solely for a dying semi-amnesiac patient, who is badly burned and disfigured. She agrees to catch up to the rest of the unit after he dies. All the patient remembers is that he is English, and that he is married. Their solitude is disrupted with the arrival at the church of fellow Canadian David Caravaggio (Willem Dafoe), part of the Intelligence Service, who is certain that he knows the patient as a man who cooperated with the Germans. Caravaggio believes that the patient's memory is largely intact, and that he is running away from his past, in part, or in its entirety. The patient does open up about his past, all surrounding his work as a cartographer in North Africa, which was interrupted by the war. He may not be running from his work as a spy for the Germans as Caravaggio believes, but rather the memory of an affair he had with married Katharine Clifton (Dame Kristin Scott Thomas), the love of his life, and the memory of a promise not totally fulfilled. Hana may also test her theory of her fates with love and death as she embarks on a relationship of her own with Kip Singh (Naveen Andrews), a Sikh from India, whose unit has camped on the now overgrown lawn of the church. Their work entails sweeping for and diffusing mines, the discovery of one such mine which had earlier saved her life.",161
The Rock,1996,"Action, Adventure, Thriller","Stanley Goodspeed, who lives in Washington, D.C., is a biochemist who works for the F.B.I. Soon after his fiancée Carla Pestalozzi announces that she is pregnant, Stanley gets a call from F.B.I. Director James Womack. Womack tells Stanley that San Francisco's Alcatraz Island has been taken hostage, along with eighty-one tourists, by Marine General Francis Xavier Hummel who, for years, has been protesting the government's refusal to pay benefits to families of war veterans who died during covert military operations. The death of his wife Barbara on March 9, 1995 drove General Hummel over the edge, and now he's holding hostages in order to get his point across. Stanley is needed because General Hummel has stolen some VX gas warheads and has announced that he will launch them onto San Francisco unless his demands are met. Stanley knows how to disarm the bombs, but he needs someone who knows Alcatraz well enough to get him inside. That man is former British Intelligence Agent John Patrick Mason, who has been in prison for the past thirty years without a trial because he was accused of stealing the private files of J. Edgar Hoover. In 1962, John became the only inmate ever to escape from Alcatraz, and he stayed out of Alcatraz long enough to father a daughter named Jade Angelou. Despite his extreme hatred of the F.B.I., John agrees to help Stanley. When John and Stanley are sent into Alcatraz with a Navy S.E.A.L. team, General Hummel's men kill the entire S.E.A.L. team, leaving Stanley and John to work on their own to rescue the hostages.",189
Braveheart,1995,"Biography, Drama, War","William Wallace is a Scottish rebel who leads an uprising against the cruel English ruler Edward the Longshanks, who wishes to inherit the crown of Scotland for himself. When he was a young boy, William Wallace's father and brother, along with many others, lost their lives trying to free Scotland. Once he loses another of his loved ones, William Wallace begins his long quest to make Scotland free once and for all, along with the assistance of Robert the Bruce.",28
Toy Story,1995,"Animation, Adventure, Comedy","A little boy named Andy loves to be in his room, playing with his toys, especially his doll named ""Woody"". But, what do the toys do when Andy is not with them, they come to life. Woody believes that his life (as a toy) is good. However, he must worry about Andy's family moving, and what Woody does not know is about Andy's birthday party. Woody does not realize that Andy's mother gave him an action figure known as Buzz Lightyear, who does not believe that he is a toy, and quickly becomes Andy's new favorite toy. Woody, who is now consumed with jealousy, tries to get rid of Buzz. Then, both Woody and Buzz are now lost. They must find a way to get back to Andy before he moves without them, but they will have to pass through a ruthless toy killer, Sid Phillips.",205
Forrest Gump,1994,"Drama, Romance","Forrest Gump is a simple man with a low I.Q. but good intentions. He is running through childhood with his best and only friend Jenny. His 'mama' teaches him the ways of life and leaves him to choose his destiny. Forrest joins the army for service in Vietnam, finding new friends called Dan and Bubba, he wins medals, creates a famous shrimp fishing fleet, inspires people to jog, starts a ping-pong craze, creates the smiley, writes bumper stickers and songs, donates to people and meets the president several times. However, this is all irrelevant to Forrest who can only think of his childhood sweetheart Jenny Curran, who has messed up her life. Although in the end all he wants to prove is that anyone can love anyone.",59
Léon: The Professional,1994,"Action, Crime, Drama","After her father, step-mother, step-sister and little brother are killed by her father's employers, the 12-year-old daughter of an abject drug dealer manages to take refuge in the apartment of a professional hitman who at her request teaches her the methods of his job so she can take her revenge on the corrupt DEA agent who ruined her life by killing her beloved brother.",93
Pulp Fiction,1994,"Crime, Drama","Jules Winnfield (Samuel L. Jackson) and Vincent Vega (John Travolta) are two hit men who are out to retrieve a suitcase stolen from their employer, mob boss Marsellus Wallace (Ving Rhames). Wallace has also asked Vincent to take his wife Mia (Uma Thurman) out a few days later when Wallace himself will be out of town. Butch Coolidge (Bruce Willis) is an aging boxer who is paid by Wallace to lose his fight. The lives of these seemingly unrelated people are woven together comprising of a series of funny, bizarre and uncalled-for incidents.",117
The Lion King,1994,"Animation, Adventure, Drama","A young lion prince is cast out of his pride by his cruel uncle, who claims he killed his father. While the uncle rules with an iron paw, the prince grows up beyond the Savannah, living by a philosophy: No worries for the rest of your days. But when his past comes to haunt him, the young prince must decide his fate: Will he remain an outcast or face his demons and become what he needs to be?",173
Jurassic Park,1993,"Action, Adventure, Sci-Fi","Huge advancements in scientific technology have enabled a mogul to create an island full of living dinosaurs. John Hammond has invited four individuals, along with his two grandchildren, to join him at Jurassic Park. But will everything go according to plan? A park employee attempts to steal dinosaur embryos, critical security systems are shut down and it now becomes a race for survival with dinosaurs roaming freely over the island.",84
Schindler's List,1993,"Biography, Drama, History","Oskar Schindler is a vain and greedy German businessman who becomes an unlikely humanitarian amid the barbaric German Nazi reign when he feels compelled to turn his factory into a refuge for Jews. Based on the true story of Oskar Schindler who managed to save about 1100 Jews from being gassed at the Auschwitz concentration camp, it is a testament to the good in all of us.",133
Aladdin,1992,"Animation, Adventure, Comedy","Aladdin is a poor street urchin who spends his time stealing food from the marketplace in the city of Agrabah. His adventures begin when he meets a young girl who happens to be Princess Jasmine, who is forced to be married by her wacky yet estranged father. Aladdin's luck suddenly changes when he retrieves a magical lamp from the Cave of Wonders. What he unwittingly gets is a fun-loving genie who only wishes to have his freedom. Little do they know is that the Sultan's sinister advisor Jafar has his own plans for both Aladdin and the lamp.",7
The Last of the Mohicans,1992,"Action, Adventure, Drama","The last members of a dying Native American tribe, the Mohicans -- Uncas, his father Chingachgook, and his adopted half-white brother Hawkeye -- live in peace alongside British colonists. But when the daughters of a British colonel are kidnapped by a traitorous scout, Hawkeye and Uncas must rescue them in the crossfire of a gruesome military conflict of which they wanted no part: the French and Indian War.",172
Beauty and the Beast,1991,"Animation, Family, Fantasy","Having lived a life in selfishness, young Prince Adam is cursed by a mysterious enchantress to having the appearance of a monstrous beast. His only hope is to learn to love a young woman and earn her love in return in order to redeem himself. Ten years later, his chance shows itself when a young maiden named Belle (Paige O'Hara) offers to take her ill father Maurice's (Rex Everhart's) place as his prisoner. With help from the castle's enchanted staff, Belle learns to appreciate her captor and immediately falls in love with him. Back in the village however, unscrupulous hunter Gaston (Richard White) has his own plans for Belle.",23
Terminator,1991,"Short, Action, Sci-Fi","A cyborg comes from the future, to kill a girl named Sarah Lee.",150
Terminator 2: Judgment Day,1991,"Action, Adventure, Sci-Fi","Over 10 years have passed since the first machine called The Terminator tried to kill Sarah Connor and her unborn son, John. The man who will become the future leader of the human resistance against the Machines is now a healthy young boy. However, another Terminator, called the T-1000, is sent back through time by the supercomputer Skynet. This new Terminator is more advanced and more powerful than its predecessor and its mission is to kill John Connor when he's still a child. However, Sarah and John do not have to face the threat of the T-1000 alone. Another Terminator (identical to the same model that tried and failed to kill Sarah Connor in 1984) is also sent back through time to protect them. Now, the battle for tomorrow has begun.",151
Goodfellas,1990,"Biography, Crime, Drama","Henry Hill might be a small time gangster, who may have taken part in a robbery with Jimmy Conway and Tommy De Vito, two other gangsters who might have set their sights a bit higher. His two partners could kill off everyone else involved in the robbery, and slowly start to think about climbing up through the hierarchy of the Mob. Henry, however, might be badly affected by his partners' success, but will he consider stooping low enough to bring about the downfall of Jimmy and Tommy?",68
Glory,1989,"Biography, Drama, History","Shaw was an officer in the Federal Army during the American Civil War who volunteered to lead the first company of black soldiers. Shaw was forced to deal with the prejudices of both the enemy (who had orders to kill commanding officers of blacks), and of his own fellow officers.",66
Die Hard,1988,"Action, Thriller","NYPD cop John McClane goes on a Christmas vacation to visit his wife Holly in Los Angeles where she works for the Nakatomi Corporation. While they are at the Nakatomi headquarters for a Christmas party, a group of robbers led by Hans Gruber take control of the building and hold everyone hostage, with the exception of John, while they plan to perform a lucrative heist. Unable to escape and with no immediate police response, John is forced to take matters into his own hands.",44
Predator,1987,"Action, Adventure, Horror","A team of special force ops, led by a tough but fair soldier, Major ""Dutch"" Schaefer, are ordered to assist CIA man, Colonel Al Dillon, on a rescue mission for potential survivors of a Helicopter downed over remote South American jungle. Not long after they land, Dutch and his team discover that they have been sent in under false pretenses. This deception turns out to be the least of their worries though, when they find themselves being methodically hunted by something not of this world.",116
RoboCop,1987,"Action, Crime, Sci-Fi","In a violent, near-apocalyptic Detroit, evil corporation Omni Consumer Products wins a contract from the city government to privatize the police force. To test their crime-eradicating cyborgs, the company leads street cop Alex Murphy into an armed confrontation with crime lord Boddicker so they can use his body to support their untested RoboCop prototype. But when RoboCop learns of the company's nefarious plans, he turns on his masters.",128
The Last Emperor,1987,"Biography, Drama, History","This sweeping account of the life of Pu-Yi, the last emperor of China, follows the leader's tumultuous reign. After being captured by the Red Army as a war criminal in 1950, Pu-Yi recalls his childhood from prison. He remembers his lavish youth in the Forbidden City, where he was afforded every luxury but unfortunately sheltered from the outside world and complex political situation surrounding him. As revolution sweeps through China, the world Pu-Yi knew is dramatically upended.",170
The Untouchables,1987,"Crime, Drama, Thriller","After building an empire with bootleg alcohol, legendary crime boss Al Capone rules Chicago with an iron fist. Though Prohibition Agent Eliot Ness attempts to take Capone down, even his best efforts fail due to widespread corruption within the Windy City's police force. Recruiting an elite group of lawmen who won't be swayed by bribes or fear, including Irish-American cop Jimmy Malone, Ness renews his determination to bring Capone to justice.",199
The Mission,1986,"Adventure, Drama, History","Jeremy Irons plays a Spanish Jesuit who goes into the South American wilderness to build a mission in the hope of converting the Indians of the region. Robert De Niro plays a slave hunter who is converted and joins the Jesuit in his mission. When Spain sells the colony to Portugal, they are forced to defend all they have built against the Portuguese aggressors.",179
Top Gun,1986,"Action, Drama","Call-sign ""Maverick"", LT Pete Mitchell, the impetuous daredevil Navy-pilot ace, is accepted into Miramar's elite Fighter School, also known as ""Top Gun"". There, as the impulsive pilot competes with the best of the best, not only will he meet Charlie, the flying school's curvaceous astrophysics instructor, but also the brilliant and highly competitive fellow student, ""Iceman"", with whom right from the start, he will engage in a reckless contest. As Maverick is haunted by his father's mysterious death, will he be able to suppress his wild nature to win the prestigious Top Gun Trophy?",203
Back to the Future,1985,"Adventure, Comedy, Sci-Fi","Marty McFly, a typical American teenager of the Eighties, is accidentally sent back to 1955 in a plutonium-powered DeLorean ""time machine"" invented by a slightly mad scientist. During his often hysterical, always amazing trip back in time, Marty must make certain his teenage parents-to-be meet and fall in love - so he can get back to the future.",19
Commando,1985,"Action, Adventure, Thriller","A retired special agent named John Matrix led an elite unit and has left the armed forces to live in a secluded mountain home with his daughter Jenny. But now he is forced out of retirement when his daughter is kidnapped by a band of thugs intent on revenge! Unbeknownst to Matrix, the members of his former unit are being killed one by one. Even though Matrix' friend General Franklin Kirby gives Matrix armed guards, attackers manage to kidnap Matrix and Jenny. Matrix learns that Bennett, a former member of his Matrix' unit who was presumed dead has kidnapped him to try to force Matrix to do a political assassination for a man called Arius (who calls himself El Presidente), a warlord formerly bested by Matrix who wishes to lead a military coup in his home country. Since Arius will have Jenny killed if Matrix refuses, Matrix reluctantly accepts the demand.",36
Police Story,1985,"Action, Comedy, Crime","Kevin Chan (aka Jackie) is a Hong-Kong cop, who scores his first big hit by virtually single-handedly capturing and arresting a big drug- lord. Of course, the drug-lord isn't too happy about this, and frames Kevin with the murder of another cop (who happened to be on the take). Kevin has to clear his name, whilst keeping himself from getting killed or arrested, and keeping his girlfriend from leaving him.",115
Dune,1984,"Action, Adventure, Sci-Fi","In the distant year of 10191, all the planets of the known Universe are under the control of Padishah Emperor Shaddam IV and the most important commodity in the Universe is a substance called the spice ""MELANGE"" which is said to have the power of extending life, expanding the consciousness and even to ""fold space"" ; being able to travel to any distance without physically moving. This spice ""MELANGE"" is said to only be produced in the desert planet of Arrakis, where the FREMEN people have the prophecy of a man who will lead them to true freedom. This ""desert planet""of Arrakis is also known as DUNE. A secret report of the space ""GUILD"" talks about some circumstances and plans that could jeopardize the production of ""SPICE"" with four planets involved: ARRAKIS, CALADAN, GIEDI PRIME and KAITAIN, a world at least visually very alike to Earth and house of the Emperor of the known Universe. The ""GUILD"" sends a third stage navigator to KAITAIN to ask details from the Emperor and to demand him the killing of young Paul Atreides, son of the Duke Leto Atreides of CALADAN.",48
The Terminator,1984,"Action, Adventure, Sci-Fi","Sent back from a dystopian 2029--where the cold machines have conquered the entire world--to 1984 Los Angeles, the indestructible cyborg-assassin known as the ""Terminator"" commences his deadly mission to kill humankind's most important woman: the unsuspecting Sarah Connor. However, from the same war-torn post-apocalyptic future comes a battle-scarred defender--Kyle Reese, a brave soldier of the human Resistance Army--bent on stopping the cybernetic killer from eliminating the world's last hope. But, the Terminator has no feelings, he doesn't sleep, and above all, he won't stop until he carries out his grim task. Does our future lie in our past?",195
Blade Runner,1982,"Action, Drama, Sci-Fi","In the early twenty-first century, the Tyrell Corporation, during what was called the Nexus phase, developed robots, called ""replicants"", that were supposed to aid society, the replicants which looked and acted like humans. When the superhuman generation Nexus 6 replicants, used for dangerous off-Earth endeavors, began a mutiny on an off-Earth colony, replicants became illegal on Earth. Police units, called ""blade runners"", have the job of destroying - or in their parlance ""retiring"" - any replicant that makes its way back to or created on Earth, with anyone convicted of aiding or assisting a replicant being sentenced to death. It's now November, 2019 in Los Angeles, California. Rick Deckard, a former blade runner, is called out of retirement when four known replicants, most combat models, have made their way back to Earth, with their leader being Roy Batty. One, Leon Kowalski, tried to infiltrate his way into the Tyrell Corporation as an employee, but has since been able to escape. Beyond following Leon's trail in hopes of finding and retiring them all, Deckard believes part of what will help him is figuring out what the replicants wanted with the Tyrell Corporation in trying to infiltrate it. The answer may lie with Tyrell's fail-safe backup mechanism. Beyond tracking the four, Deckard faces a possible dilemma in encountering a fifth replicant: Rachael, who works as Tyrell's assistant. The issue is that Dr. Elden Tyrell is experimenting with her, to provide her with fake memories so as to be able to better control her. With those memories, Rachael has no idea that she is not human. The problem is not only Rachael's assistance to Deckard, but that he is beginning to develop feelings for her.",26
First Blood,1982,"Action, Adventure, Thriller","John J. Rambo is a former United States Special Forces soldier who fought in Vietnam and won the Congressional Medal of Honor, but his time in Vietnam still haunts him. As he came to Hope, Washington to visit a friend, he was guided out of town by the Sheriff William Teasel who insults Rambo, but what Teasel does not know that his insult angered Rambo to the point where Rambo became violent and was arrested. As he was at the county jail being cleaned, he escapes and goes on a rampage through the forest to try to escape from the sheriffs who want to kill him. Then, as Rambo's commanding officer, Colonel Samuel Trautman tries to save both the Sheriff's department and Rambo before the situation gets out of hand.",58
The Big Red One,1980,"Drama, War","The story of a hardened army sergeant and four of his men, from their first fight at the Kasserine Pass after the invasion of North Africa through to the invasion of Sicily, D-Day, the Ardennes forest and the liberation of a concentration camp at the end of the war. As the five of them fight - and survive to fight yet again in the next battle - new recruits joining the squad are swatted down by the enemy on a regular basis. The four privates are naturally reluctant to get to know any of the new recruits joining the squad, who become just a series of nameless faces.",155
