Title,Year,Genre,Description
Snow White,2025,"Adventure, Family, Fantasy","A live-action re-imaging of Walt Disney's 1937 animated classic about a beautiful young princess who, while being stalked by a jealous queen, seeks shelter in a cabin in a forest inhabited by seven dwarfs with entirely different personalities and must come face-to-face with bravery to the truth to her past of her mother's death since her childbirth."
Conclave,2024,"Drama, Thriller","When Cardinal Lawrence is tasked with leading one of the world's most secretive and ancient events, selecting a new Pope, he finds himself at the center of a web of conspiracies and intrigue that could shake the very foundation of..."
Deadpool & Wolverine,2024,"Action, Adventure, Comedy","Deadpool is offered a place in the Marvel Cinematic Universe by the Time Variance Authority, but instead recruits a variant of Wolverine to save his universe from extinction."
Inside Out 2,2024,"Animation, Adventure, Comedy","A sequel that features Riley entering puberty and experiencing brand new, more complex emotions as a result. As Riley tries to adapt to her teenage years, her old emotions try to adapt to the possibility of being replaced."
Moana 2,2024,"Animation, Adventure, Comedy","After receiving an unexpected call from her wayfinding ancestors, Moana must journey to the far seas of Oceania and into dangerous, long-lost waters for an adventure unlike anything she's ever faced."
Barbie,2023,"Adventure, Comedy, Fantasy","Barbie and Ken are having the time of their lives in the seemingly perfect world of Barbie Land. However, when they get a chance to go to the outside world, they soon discover the joys and perils of living among regular humans."
Elemental,2023,"Animation, Adventure, Comedy","Follows Ember and Wade, in a city where fire-, water-, earth- and air-residents live together."
Napoleon,2023,"Action, Adventure, Biography","An epic that details the chequered rise and fall of French Emperor Napoleon Bonaparte and his relentless journey to power through the prism of his addictive, volatile relationship with his wife, Josephine."
Oppenheimer,2023,"Biography, Drama, History","A dramatization of the life story of J. Robert Oppenheimer, the physicist who had a large hand in the development of the atomic bombs that brought an end to World War II."
Spider-Man: Across the Spider-Verse,2023,"Animation, Action, Adventure","Miles Morales returns for the next chapter of the Oscar®-winning Spider-Verse saga, an epic adventure that will transport Brooklyn's full-time, friendly neighborhood Spider-Man across the Multiverse to join forces with Gwen Stacy and a new team of Spider-People to face off with a villain more powerful than anything they have ever encountered."
The Super Mario Bros. Movie,2023,"Animation, Adventure, Comedy","Brooklyn plumbers Mario and Luigi are warped to the magical Mushroom Kingdom, and Mario must team up with Princess Peach, Toad, and Donkey Kong to save Luigi from the evil Bowser."
All Quiet on the Western Front,2022,"Drama, History, War","The story follows teenagers Paul Baumer and his friends Albert and Muller, who voluntarily enlist in the German army, riding a wave of patriotic fervour that quickly dissipates once they face the brutal realities of life on the front. Paul's preconceptions about the enemy and the rights and wrongs of the conflict soon crumble. However, amid the countdown to Armistice, Paul must carry on fighting until the end, with no purpose other than to satisfy the top brass' desire to end the war on a German offensive."
Avatar: The Way of Water,2022,"Action, Adventure, Fantasy","Jake Sully lives with his newfound family formed on the extrasolar moon Pandora. Once a familiar threat returns to finish what was previously started, Jake must work with Neytiri and the army of the Na'vi race to protect their home."
Minions: The Rise of Gru,2022,"Animation, Adventure, Comedy","In the heart of the 1970s, amidst a flurry of feathered hair and flared jeans, Gru (Steve Carell) is growing up in the suburbs. A fanboy of a supervillain supergroup known as the Vicious 6, Gru hatches a plan to become evil enough to join them. Luckily, he gets some mayhem-making back-up from his loyal followers, the Minions. Together, Kevin, Stuart, Bob, and Otto - a new Minion sporting braces and a desperate need to please - deploy their skills as they and Gru build their first lair, experiment with their first weapons, and pull off their first missions. When the Vicious 6 oust their leader, legendary fighter Wild Knuckles (Alan Arkin), Gru interviews to become their newest member. It doesn't go well (to say the least), and only gets worse after Gru outsmarts them and suddenly finds himself the mortal enemy of the apex of evil. On the run, Gru will turn to an unlikely source for guidance, Wild Knuckles, and discover that even bad guys need a little help from their friends."
Puss in Boots: The Last Wish,2022,"Animation, Action, Adventure","When Puss in Boots discovers that his passion for adventure has taken its toll and he has burned through eight of his nine lives, he launches an epic journey to restore them by finding the mythical Last Wish."
Top Gun: Maverick,2022,"Action, Drama","The story involves Maverick confronting his past while training a group of younger Top Gun graduates, including the son of his deceased best friend, for a dangerous mission."
Turning Red,2022,"Animation, Adventure, Comedy","Mei Lee (voice of Rosalie Chiang) is a confident, dorky 13-year-old torn between staying her mother's dutiful daughter and the chaos of adolescence. Her protective, if not slightly overbearing mother, Ming (voice of Sandra Oh), is never far from her daughter - an unfortunate reality for the teenager. And as if changes to her interests, relationships and body weren't enough, whenever she gets too excited (which is practically ALWAYS), she ""poofs"" into a giant red panda."
Don't Look Up,2021,"Comedy, Drama, Sci-Fi","Kate Dibiasky (Jennifer Lawrence), an astronomy grad student, and her professor Dr. Randall Mindy (Leonardo DiCaprio) make an astounding discovery of a comet orbiting within the solar system. The problem - it's on a direct collision course with Earth. The other problem? No one really seems to care. Turns out warning mankind about a planet-killer the size of Mount Everest is an inconvenient fact to navigate. With the help of Dr. Oglethorpe (Rob Morgan), Kate and Randall embark on a media tour that takes them from the office of an indifferent President Orlean (Meryl Streep) and her sycophantic son and Chief of Staff, Jason (Jonah Hill), to the airwaves of The Daily Rip, an upbeat morning show hosted by Brie (Cate Blanchett) and Jack (Tyler Perry). With only six months until the comet makes impact, managing the 24-hour news cycle and gaining the attention of the social media obsessed public before it's too late proves shockingly comical - what will it take to get the world to just look up?."
Encanto,2021,"Animation, Comedy, Family","Encanto tells the tale of an extraordinary family, the Madrigals, who live hidden in the mountains of Colombia, in a magical house, in a vibrant town, in a wondrous, charmed place called an Encanto. The magic of the Encanto has blessed every child in the family with a unique gift from super strength to the power to heal-every child except one, Mirabel. But when she discovers that the magic surrounding the Encanto is in danger, Mirabel decides that she, the only ordinary Madrigal, might just be her exceptional family's last hope."
Luca,2021,"Animation, Adventure, Comedy","A young boy experiences an unforgettable seaside summer on the Italian Riviera filled with gelato, pasta and endless scooter rides. Luca shares these adventures with his newfound best friend, but all the fun is threatened by a deeply-held secret: he is a sea monster from another world just below the ocean's surface."
Raya and the Last Dragon,2021,"Animation, Action, Adventure","Long ago, in the fantasy world of Kumandra, humans and dragons lived together in harmony. However, when sinister monsters known as the Druun threatened the land, the dragons sacrificed themselves to save humanity. Now, 500 years later, those same monsters have returned, and it's up to a lone warrior to track down the last dragon and stop the Druun for good."
Sing 2,2021,"Animation, Adventure, Comedy","With his theatrical company a local success, Buster Moon is dreaming of bigger things. Unfortunately, when a talent scout dismisses their work as inadequate for the big time, Buster is driven to prove her wrong. With that goal in mind, Buster inspires his players to gamble everything to sneak into a talent audition in Redshore City for the demanding entertainment mogul Jimmy Crystal. Against the odds, they catch his interest with some frantic creative improvisation and even more desperate lies like personally knowing the reclusive rock star, Clay Calloway, who has not been seen in 15 years. Now faced with a tight production window with only a vague story idea and dire consequences for failure, Buster and his friends must all stretch their talents put on a show against all odds. In that struggle, the gang's challenges seem insurmountable, but each of them finds new inspirations and friends where they least expect them to pursue an artistic dream worthy of them."
The Mitchells vs. the Machines,2021,"Animation, Adventure, Comedy","An animated action-comedy about an ordinary family who find themselves in the middle of their biggest family challenge yet...saving the world from the robot apocalypse. No big deal, right? It all starts when creative outsider Katie Mitchell is accepted into the film school of her dreams and is eager to leave home and find ""her people,"" when her nature-loving dad insists on having the whole family drive her to school and bond during one last totally-not-awkward-or-forced road trip. But just when the trip can't get any worse, the family suddenly finds itself in the middle of the robot uprising. Everything from smart phones, to roombas, to evil Furbys are employed to capture every human on the planet. Now it's up to the Mitchells, including upbeat mom Linda, quirky little brother Aaron, their squishy pug, Monchi, and two friendly, but simple-minded robots to save humanity."
Greyhound,2020,"Drama, History, War","Based upon the novel ""The Good Shepherd"" by C S Forester, this is the thrilling story of an Allied convoy crossing the North Atlantic in 1942 as it faces relentless attack by a German submarine wolf pack. The leader of the convoy's destroyer screen is a US Navy commander making his first Atlantic crossing. The story focuses on his command responsibility as he fights the cold, the relentless night, the brutal sea, and his deep fatigue as he chases down the attacking submarines in the deadly game of cat and mouse. The exciting story, a thrilling ride-along with the beleaguered captain, so deeply portrays the elements of battle command that for a long period of time the book was used as a text at the US Naval Academy."
RiffTrax: Star Wars: The Rise of Skywalker,2020,"Comedy, Sci-Fi","Ever since the original premiered in 1977, Star Wars fans have waited to see how the Skywalker saga would end."
Tenet,2020,"Action, Sci-Fi, Thriller","In a twilight world of international espionage, an unnamed CIA operative, known as The Protagonist, is recruited by a mysterious organization called Tenet to participate in a global assignment that unfolds beyond real time. The mission: prevent Andrei Sator, a renegade Russian oligarch with precognition abilities, from starting World War III. The Protagonist will soon master the art of ""time inversion"" as a way of countering the threat that is to come."
The Ultimate 'Star Wars: A New Hope' Recap Cartoon,2020,"Animation, Short, Comedy","You'll relive Luke's Tatooine beginnings, join Han Solo's smuggler shenanigans, and witness Leia's princess power, all with a healthy dose of silliness. Lightsabers become oversized pool noodles, the Death Star explodes in a confe..."
1917,2019,"Action, Drama, War","April 1917, the Western Front. Two British soldiers are sent to deliver an urgent message to an isolated regiment. If the message is not received in time the regiment will walk into a trap and be massacred. To get to the regiment they will need to cross through enemy territory. Time is of the essence and the journey will be fraught with danger."
Captain Marvel,2019,"Action, Adventure, Sci-Fi","After crashing an experimental aircraft, Air Force pilot Carol Danvers is discovered by the Kree and trained as a member of the elite Starforce Military under the command of her mentor Yon-Rogg. Six years later, after escaping to Earth while under attack by the Skrulls, Danvers begins to discover there's more to her past. With help from S.H.I.E.L.D. agent Nick Fury, they set out to unravel the truth."
Joker,2019,"Crime, Drama, Thriller","Arthur Fleck works as a clown and is an aspiring stand-up comic. He has mental health issues, part of which involves uncontrollable laughter. Times are tough and, due to his issues and occupation, Arthur has an even worse time than most. Over time these issues bear down on him, shaping his actions, making him ultimately take on the persona he is more known as...Joker."
Midsommar,2019,"Drama, Horror, Mystery","Dani (Florence Pugh) and Christian (Jack Reynor) are a young American couple with a relationship on the brink of falling apart. But after a family tragedy keeps them together, Christian invites a grieving Dani to join him and his friends on a trip to a once-in-a-lifetime midsummer festival in a remote Swedish village. What begins as a carefree summer holiday in the North European land of eternal sunlight takes a sinister turn when the insular villagers invite their guests to partake in festivities that render the pastoral paradise increasingly unnerving and viscerally disturbing."
Parasite,2019,"Drama, Thriller","The Kims - mother and father Chung-sook and Ki-taek, and their young adult offspring, son Ki-woo and daughter Ki-jung - are a poor family living in a shabby and cramped half basement apartment in a busy lower working class commercial district of Seoul. Without even knowing it, they, especially Mr. and Mrs. Kim, literally smell of poverty. Often as a collective, they perpetrate minor scams to get by, and even when they have jobs, they do the minimum work required. Ki-woo is the one who has dreams of getting out of poverty by one day going to university. Despite not having that university education, Ki-woo is chosen by his university student friend Min, who is leaving to go to school, to take over his tutoring job to Park Da-hye, who Min plans to date once he returns to Seoul and she herself is in university. The Parks are a wealthy family who for four years have lived in their modernistic house designed by and the former residence of famed architect Namgoong. While Mr. and Mrs. Park are all about status, Mrs. Park has a flighty, simpleminded mentality and temperament, which Min tells Ki-woo to feel comfortable in lying to her about his education to get the job. In getting the job, Ki-woo further learns that Mrs. Park is looking for an art therapist for the Parks' adolescent son, Da-song, Ki-woo quickly recommending his professional art therapist friend ""Jessica"", really Ki-jung who he knows can pull off the scam in being the easiest liar of the four Kims. In Ki-woo also falling for Da-hye, he begins to envision himself in that house, and thus the Kims as a collective start a plan for all the Kims, like Ki-jung using assumed names, to replace existing servants in the Parks' employ in orchestrating reasons for them to be fired. The most difficult to get rid of may be Moon-gwang, the Parks' housekeeper who literally came with the house - she Namgoong's housekeeper when he lived there - and thus knows all the little nooks and crannies of it better than the Parks themselves. The question then becomes how far the Kims can take this scam in their quest to become their version of the Parks."
The Lion King (2019),2019,"Comedy, Talk-Show","Let's not beat around the bush, it's certainly not THE Lion King, but here, you can hear their thoughts on A Lion King (2019)."
The Secret Life of Pets 2,2019,"Animation, Adventure, Comedy","Max faces some major changes after his owner Katie gets married and now has a child. On a family trip to the countryside, Max meets a farm dog named Rooster, and both attempt to overcome his fears. Meanwhile, Gidget tries to rescue Max's favorite toy from a cat-packed apartment, and Snowball sets on a mission to free a white tiger named Hu from a circus."
The Two Popes,2019,"Biography, Comedy, Drama","An intimate story of one of the most dramatic transitions of power in the last 2,000 years. Frustrated with the direction of the church, Cardinal Bergoglio (Jonathan Pryce) requests permission to retire in 2012 from Pope Benedict (Anthony Hopkins). Instead, facing scandal and self-doubt, the introspective Pope Benedict summons his harshest critic and future successor to Rome to reveal a secret that would shake the foundations of the Catholic Church. Behind Vatican walls, a struggle commences between both tradition and progress, guilt and forgiveness, as these two very different men confront their pasts in order to find common ground and forge a future for a billion followers around the world. Inspired by true events."
Aquaman,2018,"Action, Adventure, Fantasy","Born upon the shores of the surface world, Arthur Curry (Jason Momoa) discovers that he is only half human, with the other half of his blood being of Atlanteean descent, thus making him the rightful heir to the throne of the undersea kingdom of Atlantis. However, Arthur learns that Atlantis is being ruled by his malicious half-brother Orm (Patrick Wilson), who seeks to unite the seven underwater kingdoms and wage war upon the surface. With aid from Nuidis Vulko (Willem Dafoe) and the gorgeous Mera (Amber Heard), Arthur must discover the full potential of his true destiny and become Aquaman in order to save Atlantis and the surface from Orm's evil plot."
Black Panther,2018,"Action, Adventure, Sci-Fi","After the events of Captain America: Civil War, Prince T'Challa returns home to the reclusive, technologically advanced African nation of Wakanda to serve as his country's new king. However, T'Challa soon finds that he is challenged for the throne from factions within his own country. When two foes conspire to destroy Wakanda, the hero known as Black Panther must team up with C.I.A. agent Everett K. Ross and members of the Dora Milaje, Wakandan special forces, to prevent Wakanda from being dragged into a world war."
Deadpool 2,2018,"Action, Adventure, Comedy","After losing Vanessa (Morena Baccarin), the love of his life, 4th-wall breaking mercenary Wade Wilson aka Deadpool (Ryan Reynolds) must assemble a team and protect a young, fat mutant Russell Collins aka Firefist (Julian Dennison) from Cable (Josh Brolin), a no-nonsense, dangerous cyborg from the future, and must also learn the most important lesson of all: to be part of a family again."
Hereditary,2018,"Drama, Horror, Mystery","When her mentally ill mother passes away, Annie (Toni Collette), her husband (Gabriel Byrne), son (Alex Wolff), and daughter (Milly Shapiro) all mourn her loss. The family turn to different means to handle their grief, including Annie and her daughter both flirting with the supernatural. They each begin to have disturbing, otherworldly experiences linked to the sinister secrets and emotional trauma that have been passed through the generations of their family."
Incredibles 2,2018,"Animation, Action, Adventure","While the Parr family has accepted its collective calling as superheroes, the fact remains that their special heroism is still illegal. After they are arrested after unsuccessfully trying to stop the Underminer, their future seems bleak. However, the wealthy Deavor siblings of Devtech offer new hope with a bold project to rehabilitate the public image and legal status of Supers, with Elastigirl being assigned on point to be the shining example. Now having agreed for now to stay at home to care of the kids, Mr. Incredible finds domestic life a daunting challenge, especially with baby Jack-Jack's newly emerged powers making him almost impossible to manage. However, Elastigirl soon has her own concerns dealing with the menace of a new supervillain, Screenslaver, who is wreaking havoc with his mind control abilities. Now, Elastigirl must solve the mystery of this enemy, who has malevolent designs on the world with the Parr family and friends key targets of this evil."
Mission: Impossible - Fallout,2018,"Action, Adventure, Thriller","Two years after Ethan Hunt had successfully captured Solomon Lane, the remnants of the Syndicate have reformed into another organization called the Apostles. Under the leadership of a mysterious fundamentalist known only as John Lark, the organization is planning on acquiring three plutonium cores. Ethan and his team are sent to Berlin to intercept them, but the mission fails when Ethan saves Luther and the Apostles escape with the plutonium. With CIA agent August Walker joining the team, Ethan and his allies must now find the plutonium cores before it's too late."
Solo: A Star Wars Story,2018,"Action, Adventure, Sci-Fi","With the emerging demand of hyperfuel and other resources, Han Solo finds himself in the middle of a heist alongside other criminals, where they meet the likes of Chewbacca and Lando Calrissian in an adventurous situation exposing the criminal underworld."
Spider-Man: Into the Spider-Verse,2018,"Animation, Action, Adventure","Phil Lord and Christopher Miller, the creative minds behind The Lego Movie and 21 Jump Street, bring their unique talents to a fresh vision of a different Spider-Man Universe, with a groundbreaking visual style that's the first of its kind. ""Spider-Man(TM): Into the Spider-Verse"" introduces Brooklyn teen Miles Morales (Shameik Moore), and the limitless possibilities of the Spider-Verse, where more than one can wear the mask."
Baby Driver,2017,"Action, Crime","After being coerced into working for a crime boss, a young getaway driver finds himself taking part in a heist doomed to fail."
Coco,2017,"Animation, Adventure, Drama","Despite his family's baffling generations-old ban on music, Miguel dreams of becoming an accomplished musician like his idol, Ernesto de la Cruz. Desperate to prove his talent, Miguel finds himself in the stunning and colorful Land of the Dead following a mysterious chain of events. Along the way, he meets charming trickster Hector, and together, they set off on an extraordinary journey to unlock the real story behind Miguel's family history."
Dunkirk,2017,"Action, Drama, History","May/June 1940. Four hundred thousand British and French soldiers are hole up in the French port town of Dunkirk. The only way out is via sea, and the Germans have air superiority, bombing the British soldiers and ships without much opposition. The situation looks dire and, in desperation, Britain sends civilian boats in addition to its hard-pressed Navy to try to evacuate the beleaguered forces. This is that story, seen through the eyes of a soldier amongst those trapped forces, two Royal Air Force fighter pilots, and a group of civilians on their boat, part of the evacuation fleet."
Get Out,2017,"Horror, Mystery, Thriller","Chris and his girlfriend Rose go upstate to visit her parents for the weekend. At first, Chris reads the family's overly accommodating behavior as nervous attempts to deal with their daughter's interracial relationship, but as the weekend progresses, a series of increasingly disturbing discoveries lead him to a truth that he never could have imagined."
Goodbye Christopher Robin,2017,"Biography, Drama, Family","A rare glimpse into the relationship between beloved children's author A. A. Milne (Domhnall Gleeson) and his son Christopher Robin, whose toys inspired the magical world of Winnie the Pooh. Along with his mother Daphne (Margot Robbie), and his nanny Olive, Christopher Robin and his family are swept up in the international success of the books; the enchanting tales bringing hope and comfort to England after the First World War. But with the eyes of the world on Christopher Robin, what will the cost be to the family?"
It (2017),2017,"Comedy, Talk-Show","Much like how Pennywise returns every 27 years to cause havoc, they're seemingly returning to Stephen King's It every 2 years to talk about the most recent screen-version of the story."
Justice League,2017,"Action, Adventure, Fantasy","Fueled by his restored faith in humanity and inspired by Superman's selfless act, Bruce Wayne enlists the help of his newfound ally, Diana Prince, to face an even greater enemy. Together, Batman and Wonder Woman work quickly to find and recruit a team of meta-humans to stand against this newly awakened threat. But despite the formation of this unprecedented league of heroes-Batman, Wonder Woman, Aquaman, Cyborg and The Flash-it may already be too late to save the planet from an assault of catastrophic proportions."
Logan,2017,"Action, Drama, Sci-Fi","In 2029 the mutant population has shrunken significantly due to genetically modified plants designed to reduce mutant powers and the X-Men have disbanded. Logan, whose power to self-heal is dwindling, has surrendered himself to alcohol and now earns a living as a chauffeur. He takes care of the ailing old Professor X whom he keeps hidden away. One day, a female stranger asks Logan to drive a girl named Laura to the Canadian border. At first he refuses, but the Professor has been waiting for a long time for her to appear. Laura possesses an extraordinary fighting prowess and is in many ways like Wolverine. She is pursued by sinister figures working for a powerful corporation; this is because they made her, with Logan's DNA. A decrepit Logan is forced to ask himself if he can or even wants to put his remaining powers to good use. It would appear that in the near-future, the times in which they were able put the world to rights with razor sharp claws and telepathic powers are now over."
Resident Evil: Vendetta,2017,"Animation, Action, Adventure","The saga of Resident Evil continues in Vendetta, and Chris Redfield, Leon Kennedy and Rebecca Chambers must unite to save America from a threat as dire as The Umbrella Corporation: a virus that can be triggered by simply being inhaled. The biological warfare of Resident Evil rages on, and only Raccoon City's finest can stop it from destroying the world."
The Fate of the Furious,2017,"Action, Crime, Thriller","Now that Dominic Toretto (Vin Diesel) and Letty Ortiz (Michelle Rodriguez) are on their honeymoon, and Brian (Paul Walker) and Mia (Jordana Brewster) have retired from the game, and the rest of the crew has been exonerated, the globetrotting team has found a semblance of a normal life. But when a mysterious woman seduces Dom into the world of crime he can't seem to escape, and a betrayal of those closest to him, they will face trials that will test them as never before. From the shores of Cuba and the streets of New York City to the icy plains off the arctic Barents Sea, the elite force will crisscross the globe to stop an anarchist from unleashing chaos on the world's stage, and to bring home the man who made them a family."
Batman v Superman: Dawn of Justice,2016,"Action, Adventure, Sci-Fi","The general public is concerned over having Superman on their planet and letting the ""Dark Knight"" - Batman - pursue the streets of Gotham. While this is happening, a power-phobic Batman tries to attack Superman. Meanwhile, Superman tries to settle on a decision, and Lex Luthor, the criminal mastermind and millionaire, tries to use his own advantages to fight the ""Man of Steel""."
Deadpool,2016,"Action, Comedy, Sci-Fi","This is the origin story of former Special Forces operative turned mercenary Wade Wilson, who after being subjected to a rogue experiment that leaves him with accelerated healing powers, adopts the alter ego Deadpool. Armed with his new abilities and a dark, twisted sense of humor, Deadpool hunts down the man who nearly destroyed his life."
Finding Dory,2016,"Animation, Adventure, Comedy","Dory is a wide-eyed, blue tang fish who suffers from memory loss every 10 seconds or so. The one thing she can remember is that she somehow became separated from her parents as a child. With help from her friends Nemo and Marlin, Dory embarks on an epic adventure to find them. Her journey brings her to the Marine Life Institute, a conservatory that houses diverse ocean species."
La La Land,2016,"Comedy, Drama, Music","Aspiring actress serves lattes to movie stars in between auditions and jazz musician Sebastian scrapes by playing cocktail-party gigs in dingy bars. But as success mounts, they are faced with decisions that fray the fragile fabric of their love affair, and the dreams they worked so hard to maintain in each other threaten to rip them apart."
Moana,2016,"Animation, Adventure, Comedy","Moana Waialiki is a sea voyaging enthusiast and the only daughter of a chief in a long line of navigators. When her island's fishermen can't catch any fish and the crops fail, she learns that the demigod Maui caused the blight by stealing the heart of the goddess, Te Fiti. The only way to heal the island is to persuade Maui to return Te Fiti's heart, so Moana sets off on an epic journey across the Pacific. The film is based on stories from Polynesian mythology."
RiffTrax: Star Wars: The Force Awakens,2016,Comedy,"Scavenger girl Rey leaves her junkyard home to fulfill her destiny of escorting a robot around the galaxy. Mike Nelson, Bill Corbett, and Kevin Murphy are here to see if there's more to the story in this humorous commentary."
Risen,2016,"Action, Drama, History","Follows the epic Biblical story of the Resurrection, as told through the eyes of a non-believer. Clavius, a powerful Roman Military Tribune, and his aide Lucius, are tasked with solving the mystery of what happened to Yahshua in the weeks following the crucifixion, in order to disprove the rumors of a risen Messiah and prevent an uprising in Jerusalem."
Rogue One: A Star Wars Story,2016,"Action, Adventure, Sci-Fi","All looks lost for the Rebellion against the Empire as they learn of the existence of a new super weapon, the Death Star. Once a possible weakness in its construction is uncovered, the Rebel Alliance must set out on a desperate mission to steal the plans for the Death Star. The future of the entire galaxy now rests upon its success."
Sing,2016,"Animation, Comedy, Family","In a world of anthropomorphic animals, koala Buster Moon owns a theater, having been interested in show business since his father took him to his first music show as a child. Following financial problems brought up by the bank representative Judith, he tells his wealthy friend Eddie that he will host a singing competition with a prize of $1,000. But Buster's assistant, Miss Crawly, accidentally appends two extra zeroes, and the promotional fliers showing $100,000 are blown out of Buster's office into the city streets."
The Secret Life of Pets,2016,"Animation, Adventure, Comedy","In a Manhattan apartment building, Max's life as a favorite pet is turned upside-down, when his owner brings home sloppy mongrel Duke. They must put their quarrels aside when they learn that adorable white bunny Snowball is building an army of lost pets determined to wreak revenge."
Zootopia,2016,"Animation, Action, Adventure","From the largest elephant to the smallest shrew, the city of Zootopia is a mammal metropolis where various animals live and thrive. When Judy Hopps becomes the first rabbit to join the police force, she quickly learns how tough it is to enforce the law. Determined to prove herself, Judy jumps at the opportunity to solve a mysterious case. Unfortunately, that means working with Nick Wilde, a wily fox who makes her job even harder."
Bridge of Spies,2015,"Drama, History, Thriller","In the cold war, a lawyer, James B. Donovan is recruited by the CIA and involved in an intense negotiation mission to release and exchange a CIA U-2 spy-plane pilot, Francis G. Powers. The pilot was arrested alive after his plane was shot down by the Soviet Union during a mission and stays in the company of a KGB intelligence officer, Rudolf Abel, who was arrested for espionage in the US."
Furious 7,2015,"Action, Thriller","Dominic and his crew thought they'd left the criminal mercenary life behind. They'd defeated international terrorist Owen Shaw and went their separate ways. But now, Shaw's brother, Deckard Shaw, is out killing the crew one by one for revenge. Worse, a Somalian terrorist called Jakarde and a shady government official called ""Mr. Nobody"" are both competing to steal a computer terrorism program called ""God's Eye,"" that can turn any technological device into a weapon. Torretto must reconvene with his team to stop Shaw and retrieve the God's Eye program while caught in a power struggle between the terrorist and the United States government."
Inside Out,2015,"Animation, Adventure, Comedy","Growing up can be a bumpy road, and it's no exception for Riley, who is uprooted from her Midwest life when her father starts a new job in San Francisco. Like all of us, Riley is guided by her emotions - Joy, Fear, Anger, Disgust and Sadness. The emotions live in Headquarters, the control center inside Riley's mind, where they help advise her through everyday life. As Riley and her emotions struggle to adjust to a new life in San Francisco, turmoil ensues in Headquarters. Although Joy, Riley's main and most important emotion, tries to keep things positive, the emotions conflict on how best to navigate a new city, house and school."
Jurassic World,2015,"Action, Adventure, Sci-Fi","Twenty-two years after the original Jurassic Park failed, the new park, also known as Jurassic World, is open for business. After years of studying genetics, the scientists on the park genetically engineer a new breed of dinosaur, the Indominus Rex. When everything goes horribly wrong, will our heroes make it off the island?"
Mad Max: Fury Road,2015,"Action, Adventure, Sci-Fi","An apocalyptic story set in the furthest reaches of our planet, in a stark desert landscape where humanity is broken, and almost everyone is crazed fighting for the necessities of life. Within this world exist two rebels on the run who just might be able to restore order. There's Max, a man of action and a man of few words, who seeks peace of mind following the loss of his wife and child in the aftermath of the chaos. And Furiosa, a woman of action and a woman who believes her path to survival may be achieved if she can make it across the desert back to her childhood homeland."
Minions,2015,"Animation, Adventure, Comedy","Ever since the dawn of time, the Minions have lived to serve the most despicable of masters. From the T-Rex to Napoleon, the easily distracted tribe has helped the biggest and the baddest of villains. Now, join protective leader Kevin, teenage rebel Stuart, and lovable little Bob on a global road trip. They'll earn a shot to work for a new boss, the world's first female supervillain, and try to save all of Minionkind from annihilation."
The Revenant,2015,"Action, Adventure, Drama","While exploring uncharted wilderness in 1823, legendary frontiersman Hugh Glass sustains injuries from a brutal bear attack. When his hunting team leaves him for dead, Glass must utilize his survival skills to find a way back home while avoiding natives on their own hunt. Grief-stricken and fueled by vengeance, Glass treks through the wintry terrain to track down John Fitzgerald, the former confidant who betrayed and abandoned him."
13 Hours,2014,"Short, Horror",Jack and his sister Jill are on the run after a zombie apocalypse and they are trying desperately to get through to a United Nations camp. The problem is that Jack has already been injured.
American Sniper,2014,"Action, Biography, Drama","Chris Kyle (Bradley Cooper) was nothing more than a Texas man who dreamt of becoming a cowboy, but in his thirties he found out that maybe his life needed something different, something where he could express his real talent, something that could help America in its fight against terrorism. So he joined the S.E.A.L.s in order to become a sniper. After marrying Taya (Sienna Miller), Kyle and the other members of the team are called for their first tour of Iraq. Kyle's struggle isn't with his missions, but about his relationship with the reality of the war and, once returned at home, how he manages to handle it with his urban life, his wife, and kids."
Big Hero 6,2014,"Animation, Action, Adventure","When a devastating event befalls the city of San Fransokyo and catapults Hiro into the midst of danger, he turns to Baymax and his close friends adrenaline junkie Go Go Tomago, neatnik Wasabi, chemistry whiz Honey Lemon and fanboy Fred. Determined to uncover the mystery, Hiro transforms his friends into a band of high-tech heroes called ""Big Hero 6."""
Edge of Tomorrow,2014,"Action, Adventure, Sci-Fi","An alien race has hit the Earth in an unrelenting assault, unbeatable by any military unit in the world. Major William Cage (Cruise) is an officer who has never seen a day of combat when he is unceremoniously dropped into what amounts to a suicide mission. Killed within minutes, Cage now finds himself inexplicably thrown into a time loop-forcing him to live out the same brutal combat over and over, fighting and dying again...and again. But with each battle, Cage becomes able to engage the adversaries with increasing skill, alongside Special Forces warrior Rita Vrataski (Blunt). And, as Cage and Vrataski take the fight to the aliens, each repeated encounter gets them one step closer to defeating the enemy!"
Fury,2014,"Action, Drama, War","April, 1945. As the Allies make their final push in the European Theatre, a battle-hardened Army sergeant named Wardaddy commands a Sherman tank and his five-man crew on a deadly mission behind enemy lines. Outnumbered, out-gunned, and with a rookie soldier thrust into their platoon, Wardaddy and his men face overwhelming odds in their heroic attempts to strike at the heart of Nazi Germany."
Interstellar,2014,"Adventure, Drama, Sci-Fi","Earth's future has been riddled by disasters, famines, and droughts. There is only one way to ensure mankind's survival: Interstellar travel. A newly discovered wormhole in the far reaches of our solar system allows a team of astronauts to go where no man has gone before, a planet that may have the right environment to sustain human life."
The Equalizer,2014,"Action, Crime, Thriller","Robert McCall is a former special service commando who faked his own death in hopes of living out a quiet life. Instead, he comes out of his self-imposed retirement to save a young girl, and finds his desire for justice reawakened after coming face-to-face with members of a brutal Russian gang. McCall becomes the go-to man when the helpless require the kind of vengeance they would never find without his skills."
The Imitation Game,2014,"Biography, Drama, Thriller","It is based on the real life story of legendary cryptanalyst Alan Turing. The film portrays the nail-biting race against time by Turing and his brilliant team of code-breakers at Britain's top-secret Government Code and Cypher School at Bletchley Park, during the darkest days of World War II."
The Theory of Everything,2014,"Biography, Drama, Romance","The Theory of Everything is the story of the most brilliant and celebrated physicist of our time, Stephen Hawking, and Jane Wilde, the arts student he fell in love with while studying at Cambridge in the 1960s. Little was expected from Hawking, a bright but shiftless student of cosmology, after he was given just two years to live following the diagnosis of a fatal illness (ALS) at 21 years of age. He became galvanized, however, by the love Jane Wilde, and went on to be called the ""successor to Einstein,"" as well as a husband and father to their three children. Over the course of their marriage, however, as Stephen's body collapsed and his academic renown soared, fault lines were exposed that tested the resolve of their relationship and dramatically altered the course of both of their lives."
Transformers: Age of Extinction,2014,"Action, Adventure, Sci-Fi","After the battle between the Autobots and Decepticons that leveled Chicago, humanity thinks that all alien robots are a threat. So Harold Attinger, a CIA agent, establishes a unit whose sole purpose is to hunt down all of them. But it turns out that they are aided by another alien robot who is searching for Optimus Prime. Cade Yeager, a ""robotics expert"", buys an old truck and upon examining it, he thinks it's a Transformer. When he powers it up, he discovers it's Optimus Prime. Later, men from the unit show up looking for Optimus. He helps Yeager and his daughter Tessa escape but are pursued by the hunter. They escape and Yeager learns from technology he took from the men that a technology magnate and defense contractor named Joshua Joyce is part of what's going on, so they go to find out what's going on."
12 Years a Slave,2013,"Biography, Drama, History","Based on an incredible true story of one man's fight for survival and freedom. In the pre-Civil War United States, Solomon Northup, a free black man from upstate New York, is abducted and sold into slavery. Facing cruelty personified by a malevolent slave owner, as well as unexpected kindnesses, Solomon struggles not only to stay alive, but to retain his dignity. In the twelfth year of his unforgettable odyssey, Solomon's chance meeting with a Canadian abolitionist will forever alter his life."
47 Ronin,2013,"Action, Drama, Fantasy","While hunting in the forest, Lord Asano of Ako and his samurai find a young half-breed and take him with them to live in the castle. Several years later, Lord Asano holds a tournament to welcome the Shogun to Ako. The night after the tournament, Lord Asano is bewitched into hurting Lord Kira of Nagato, and is punished into committing seppuku by the Shogun. Realizing that it was a Lord Kira's evil plot, the samurais and the half-breed sets out for revenge against the Shogun's order."
Frozen,2013,"Animation, Adventure, Comedy","Fearless optimist Anna teams up with rugged mountain man Kristoff and his loyal reindeer Sven and sets off on an epic journey to find her sister Elsa, whose icy powers have trapped the kingdom of Arendelle in eternal winter. Encountering Everest-like conditions, mystical trolls and a hilarious snowman named Olaf, Anna and Kristoff battle the elements in a race to save the kingdom. From the outside Elsa looks poised, regal and reserved, but in reality she lives in fear as she wrestles with a mighty secret: she was born with the power to create ice and snow. It's a beautiful ability, but also extremely dangerous. Haunted by the moment her magic nearly killed her younger sister Anna, Elsa has isolated herself, spending every waking minute trying to suppress her growing powers. Her mounting emotions trigger the magic, accidentally setting off an eternal winter that she can't stop. She fears she's becoming a monster and that no one, not even her sister, can help her."
Iron Man 3,2013,"Action, Adventure, Sci-Fi","Marvel's ""Iron Man 3"" pits brash-but-brilliant industrialist Tony Stark/Iron Man against an enemy whose reach knows no bounds. When Stark finds his personal world destroyed at his enemy's hands, he embarks on a harrowing quest to find those responsible. This journey, at every turn, will test his mettle. With his back against the wall, Stark is left to survive by his own devices, relying on his ingenuity and instincts to protect those closest to him. As he fights his way back, Stark discovers the answer to the question that has secretly haunted him: does the man make the suit or does the suit make the man?"
Oblivion,2013,"Action, Adventure, Sci-Fi","One of the few remaining drone repairmen assigned to Earth, its surface devastated after decades of war with the alien Scavs, discovers a crashed spacecraft with contents that bring into question everything he believed about the war, and may even put the fate of mankind in his hands."
The Croods,2013,"Animation, Adventure, Comedy","""The Croods"" are an eccentric family of cavemen, who survive the harsh terrain by living accordingly to a strict set of rules. But when their home is destroyed in the wake of an impending disaster known as ""The End"", they are forced to leave their home of shelter and security, and into the wilderness of the unknown to find a new home."
The Wolf of Wall Street,2013,"Biography, Comedy, Crime","In the early 1990s, Jordan Belfort teamed with his partner Donny Azoff and started brokerage firm Stratton Oakmont. Their company quickly grows from a staff of 20 to a staff of more than 250 and their status in the trading community and Wall Street grows exponentially. So much that companies file their initial public offerings through them. As their status grows, so do the amount of substances they abuse, and so do their lies. They draw attention like no other, throwing lavish parties for their staff when they hit the jackpot on high trades. That ultimately leads to Belfort featured on the cover of Forbes Magazine, being called ""The Wolf Of Wall St."". With the FBI onto Belfort's trading schemes, he devises new ways to cover his tracks and watch his fortune grow. Belfort ultimately comes up with a scheme to stash their cash in a European bank. But with the FBI watching him like a hawk, how long will Belfort and Azoff be able to maintain their elaborate wealth and luxurious lifestyles?"
The Wolverine,2013,"Action, Sci-Fi","In modern day Japan, Wolverine is out of his depth in an unknown world as he faces his ultimate nemesis in a life-or-death battle that will leave him forever changed. Vulnerable for the first time and pushed to his physical and emotional limits, he confronts not only lethal samurai steel but also his inner struggle against his own near-immortality, emerging more powerful than we have ever seen him before."
World War Z,2013,"Action, Adventure, Horror","Life for former United Nations investigator Gerry Lane and his family seems content. Suddenly, the world is plagued by a mysterious infection turning whole human populations into rampaging mindless zombies. After barely escaping the chaos, Lane is persuaded to go on a mission to investigate this disease. What follows is a perilous trek around the world where Lane must brave horrific dangers and long odds to find answers before human civilization falls."
Django Unchained,2012,"Comedy, Drama, Western","In 1858, a bounty-hunter named King Schultz seeks out a slave named Django and buys him because he needs him to find some men he is looking for. After finding them, Django wants to find his wife, Broomhilda, who along with him were sold separately by his former owner for trying to escape. Schultz offers to help him if he chooses to stay with him and be his partner. Eventually they learn that she was sold to a plantation in Mississippi. Knowing they can't just go in and say they want her, they come up with a plan so that the owner will welcome them into his home and they can find a way."
Dredd,2012,"Action, Crime, Sci-Fi","The future America is an irradiated waste land. On its East Coast, running from Boston to Washington DC, lies Mega City One - a vast, violent metropolis where criminals rule the chaotic streets. The only force of order lies with the urban cops called ""Judges"" who possess the combined powers of judge, jury and instant executioner. Known and feared throughout the city, Dredd is the ultimate Judge, challenged with ridding the city of its latest scourge - a dangerous drug epidemic that has users of ""Slo-Mo"" experiencing reality at a fraction of its normal speed. During a routine day on the job, Dredd is assigned to train and evaluate Cassandra Anderson, a rookie with powerful psychic abilities thanks to a genetic mutation. A heinous crime calls them to a neighborhood where fellow Judges rarely dare to venture - a 200 storey vertical slum controlled by prostitute turned drug lord Ma-Ma and her ruthless clan. When they capture one of the clan's inner circle, Ma-Ma overtakes the compound's control center and wages a dirty, vicious war against the Judges that proves she will stop at nothing to protect her empire. With the body count climbing and no way out, Dredd and Anderson must confront the odds and engage in the relentless battle for their survival."
Hotel Transylvania,2012,"Animation, Comedy, Family","In 1895, Dracula builds a resort in Transylvania, hidden from the humans, to raise his beloved daughter Mavis in a safe environment. In the present, the place is the Hotel Transylvania, where monsters bring their families to vacation far from the frightening humans. Dracula invites his friends - Frankenstein and his wife Eunice; Wayne and Wanda, the werewolves; Griffin, the invisible man; Murray, the mummy; Bigfoot, among others - to celebrate the 118th birthday of Mavis. When the party is ready to start, the 21-year-old Jonathan is walking through the forest and stumbles upon the hotel. Dracula sees Jonathan and disguises him as a monster to hide Jonathan from the guests. But Mavis also sees Jonathan and Dracula forces him to pose as a monster. Soon Mavis believes that Jonathan is the ""zing"" of her life despite the advice of her father about humans."
Lincoln,2012,"Biography, Drama, History","In 1865, as the American Civil War winds inexorably toward conclusion, U.S. president Abraham Lincoln endeavors to achieve passage of the landmark constitutional amendment which will forever ban slavery from the United States. However, his task is a race against time, for peace may come at any time, and if it comes before the amendment is passed, the returning southern states will stop it before it can become law. Lincoln must, by almost any means possible, obtain enough votes from a recalcitrant Congress before peace arrives and it is too late. Yet the president is torn, as an early peace would save thousands of lives. As the nation confronts its conscience over the freedom of its entire population, Lincoln faces his own crisis of conscience -- end slavery or end the war."
Resident Evil: Damnation,2012,"Animation, Action, Horror","United States Special Agent Leon S. Kennedy sneaks into a small Eastern European country to verify rumors that Bio Organic Weapons (B.O.W.s) are being used in war. Right after his infiltration, the U.S. government orders him to leave immediately. Determined to uncover the truth, Leon ignores the order and enters the battlefield to end the chain of tragedies caused by the B.O.W.s."
Skyfall,2012,"Action, Adventure, Thriller","When James Bond's (Daniel Craig's) latest assignment goes gravely wrong and Agents around the world are exposed, MI6 is attacked, forcing (M Dame Judi Dench) to relocate the agency. These events cause her authority and position to be challenged by Gareth Mallory (Ralph Fiennes), the new Chairman of the Intelligence and Security Committee. With MI6 now compromised from both inside and out, M is left with one ally she can trust: Bond. 007 takes to the shadows, aided only by field agent, Miss Eve Moneypenny (Naomie Harris), following a trail to the mysterious Tiago Rodriguez, a.k.a. Raoul Silva (Javier Bardem), whose lethal and hidden motives have yet to reveal themselves."
The Avengers,2012,"Action, Sci-Fi","Loki, the adopted brother of Thor, teams-up with the Chitauri Army and uses the Tesseract's power to travel from Asgard to Midgard to plot the invasion of Earth and become a king. The director of the agency S.H.I.E.L.D., Nick Fury, sets in motion project Avengers, joining Tony Stark a.k.a. the Iron Man; Steve Rogers, a.k.a. Captain America; Bruce Banner, a.k.a. The Hulk; Thor; Natasha Romanoff, a.k.a. Black Widow; and Clint Barton, a.k.a. Hawkeye, to save the world from the powerful Loki and the alien invasion."
The Hobbit: An Unexpected Journey,2012,"Adventure, Fantasy","Bilbo Baggins is swept into a quest to reclaim the lost Dwarf Kingdom of Erebor from the fearsome dragon Smaug. Approached out of the blue by the wizard Gandalf the Grey, Bilbo finds himself joining a company of thirteen dwarves led by the legendary warrior, Thorin Oakenshield. Their journey will take them into the Wild; through treacherous lands swarming with Goblins and Orcs, deadly Wargs and Giant Spiders, Shapeshifters and Sorcerers. Although their goal lies to the East and the wastelands of the Lonely Mountain first they must escape the goblin tunnels, where Bilbo meets the creature that will change his life forever ... Gollum. Here, alone with Gollum, on the shores of an underground lake, the unassuming Bilbo Baggins not only discovers depths of guile and courage that surprise even him, he also gains possession of Gollum's ""precious"" ring that holds unexpected and useful qualities ... A simple, gold ring that is tied to the fate of all Middle-earth in ways Bilbo cannot begin to know."
The Hunger Games,2012,"Action, Adventure, Sci-Fi","In a dystopian future, the totalitarian nation of Panem is divided into 12 districts and the Capitol. Each year two young representatives from each district are selected by lottery to participate in The Hunger Games. Part entertainment, part brutal retribution for a past rebellion, the televised games are broadcast throughout Panem. The 24 participants are forced to eliminate their competitors while the citizens of Panem are required to watch. When 16-year-old Katniss' young sister, Prim, is selected as District 12's female representative, Katniss volunteers to take her place. She and her male counterpart, Peeta, are pitted against bigger, stronger representatives, some of whom have trained for this their whole lives."
Final Destination 5,2011,"Horror, Thriller","While on a business retreat, Sam has a premonition that he, his co-workers, boss, and several other people will die in a horrific bridge collapse. When his premonition ends, he tries to make everyone get off the bus. Only some of his co-workers, along with his boss, leave. Shortly after, the bridge collapses. Everyone thinks that they are safe until the survivors start dying. It is now up to Sam to try to find a way to prevent anyone else from dying before it is too late."
Pirates of the Caribbean: On Stranger Tides,2011,"Action, Adventure, Fantasy","Captain Jack Sparrow (Johnny Depp) crosses paths with a woman from his past, Angelica (Penélope Cruz), and he's not sure if it's love, or if she's a ruthless con artist who's using him to find the fabled Fountain of Youth. When she forces him aboard the Queen Anne's Revenge, the ship of the formidable pirate Blackbeard (Ian McShane), Jack finds himself on an unexpected adventure in which he doesn't know who to fear more: Blackbeard or the woman from his past."
Puss in Boots,2011,"Animation, Action, Adventure","Years before meeting Shrek and Donkey, the adorable but tricky Puss in Boots must clear his name from all charges making him a wanted fugitive. While trying to steal magic beans from the infamous criminals Jack and Jill, the hero crosses paths with his female match, Kitty Softpaws, who leads Puss to his old friend, but now enemy, Humpty Dumpty. Memories of friendship and betrayal enlarges Puss' doubt, but he eventually agrees to help the egg get the magic beans. Together, the three plan to steal the beans, get to the Giant's castle, nab the golden goose, and clear Puss' name."
The Darkest Hour,2011,"Action, Adventure, Horror","The American software designers Sean and Ben travel to Moscow to sell their software to investors. However, their Swedish partner Skyler pulls a fast one on Sean and Ben, and they are out of the business. They go to a nightclub, where they meet American Natalie and Australian Anne and they flirt with the girls and see Skyler in the club. Out of the blue, the population is surprised by lights, which they mistake for natural phenomena. But soon, they learn that the lights are aliens invading Earth and using power supply to annihilate mankind. Sean, Ben, Natalie, Anne and Skyler hide in the kitchen and when they leave the place, they seek out survivors on the street. Are they the last people on Earth?"
The Iron Lady,2011,"Biography, Drama","Elderly and a virtual prisoner in her own home due to her concerned staff and daughter Carol, Margaret Thatcher, Britain's first woman prime minister, looks back on her life as she clears out her late husband Denis's clothes for the Oxfam shop. Denis is seen as being her rock as she first enters parliament and then runs for the leadership of the Conservative Party, culminating in her eventual premiership. Now his ghost joins her to comment on her successes and failures, sometimes to her annoyance, generally to her comfort until ultimately, as the clothes are sent to the charity shop, Denis departs from Margaret's life forever."
The Raid: Redemption,2011,"Action, Crime, Thriller","In Jakarta, Indonesia, Lieutenant Wahyu organizes the invasion of an apartment building that is the safe house of the powerful and cruel drug lord Tama and his gang. The SWAT team breaks in the building but one lookout sees and warns the gangsters and the police force is trapped on the seventh floor. They learn that Lt. Wahyu has not informed his superiors about the operation. Now the police officers have to fight with limited ammunition against the armed and dangerous gangsters."
Transformers: Dark of the Moon,2011,"Action, Adventure, Sci-Fi","Autobots Bumblebee, Ratchet, Ironhide, Mirage (aka Dino), Wheeljack (aka Que) and Sideswipe led by Optimus Prime, are back in action taking on the evil Decepticons, who are eager to avenge their recent defeat. The Autobots and Decepticons become involved in a perilous space race between the United States and Russia to reach a hidden Cybertronian spacecraft on the moon and learn its secrets, and once again Sam Witwicky has to go to the aid of his robot friends. The new villain Shockwave is on the scene while the Autobots and Decepticons continue to battle it out on Earth."
War Horse,2011,"Adventure, Drama, War","On the outbreak of the First World War, Albert's beloved horse 'Joey' is sold to the Cavalry by his Father. After being sent to France, in a bid to survive, Joey has an unexpected journey across war torn Europe. Albert enlists in the British Army, and is wounded during the Battle of the Somme. Whilst recovering in Hospital, he learns of a Horse, found in no mans land."
13 Assassins,2010,"Action, Adventure, Drama","In 1844, the peace of Feudal Japan is threatened by cruel Lord Naritsugu Matsudaira, who is politically rising and getting closer to his half-brother, the shogun. After the harakiri of the Namiya clan leader, samurai Shinzaemon Shimada is summoned by the shogun's advisor Sir Doi of the Akashi Clan to listen to the tragedy of Makino Uneme, whose son and daughter-in-law have been murdered by Naritsugu. Then Sir Doi shows a woman with arms, legs and tongue severed by Naritsugu and she writes with her forearm a request to Shinza to slaughter Naritsugu and his samurai. Shinza promises to kill Naritsugu and he gathers eleven other samurais and plots a plan to attack Naritsugu in his trip back to the Akashi land. But the cunning samurai Hanbei Kitou that is responsible for the security of his master foresees Shinza's intent. Shinza decides to go with his samurai through the mountain, where they find the hunter Koyata that guides them off the mountain and joins the group. Now the thirteen men prepare an ambush to Naritsugu and his army of two hundred samurai in a suicide mission to stop evil."
Despicable Me,2010,"Animation, Adventure, Comedy","In a happy suburban neighborhood surrounded by white picket fences with flowering rose bushes, sits a black house with a dead lawn. Unbeknownst to the neighbors, hidden beneath this house is a vast secret hideout. Surrounded by a small army of minions, we discover Gru (Steve Carell), planning the biggest heist in the history of the world. He is going to steal the moon. Gru delights in all things wicked. Armed with his arsenal of shrink rays, freeze rays, and battle-ready vehicles for land and air, he vanquishes all who stand in his way. Until the day he encounters the immense will of three little orphaned girls who look at him and see something that no one else has ever seen: a potential Dad. The world's greatest villain has just met his greatest challenge: three little girls named Margo (Miranda Cosgrove), Edith (Dana Gaier), and Agnes (Elsie Fisher)."
How to Train Your Dragon,2010,"Animation, Action, Adventure","Long ago up North on the Island of Berk, the young Viking, Hiccup, wants to join his town's fight against the dragons that continually raid their town. However, his macho father and village leader, Stoik the Vast, will not allow his small, clumsy, but inventive son to do so. Regardless, Hiccup ventures out into battle and downs a mysterious Night Fury dragon with his invention, but can't bring himself to kill it. Instead, Hiccup and the dragon, whom he dubs Toothless, begin a friendship that would open up both their worlds as the observant boy learns that his people have misjudged the species. But even as the two each take flight in their own way, they find that they must fight the destructive ignorance plaguing their world."
Inception,2010,"Action, Adventure, Sci-Fi","Dom Cobb is a skilled thief, the absolute best in the dangerous art of extraction, stealing valuable secrets from deep within the subconscious during the dream state, when the mind is at its most vulnerable. Cobb's rare ability has made him a coveted player in this treacherous new world of corporate espionage, but it has also made him an international fugitive and cost him everything he has ever loved. Now Cobb is being offered a chance at redemption. One last job could give him his life back but only if he can accomplish the impossible, inception. Instead of the perfect heist, Cobb and his team of specialists have to pull off the reverse: their task is not to steal an idea, but to plant one. If they succeed, it could be the perfect crime. But no amount of careful planning or expertise can prepare the team for the dangerous enemy that seems to predict their every move. An enemy that only Cobb could have seen coming."
Megamind,2010,"Animation, Action, Adventure","After super-villain Megamind (Ferrell) kills his good-guy nemesis, Metro Man (Pitt), he becomes bored since there is no one left to fight. He creates a new foe, Titan (Hill), who, instead of using his powers for good, sets out to destroy the world, positioning Megamind to save the day for the first time in his life."
Shrek Forever After,2010,"Animation, Adventure, Comedy","The once hideous ogre Shrek (Mike Myers) is now living a good life with wife Fiona (Cameron Diaz) and his three children. But he soon has a meltdown in front of them and his friends during his kids' birthday party. He suddenly wants to be a real ogre like he was before he ever met Fiona. So he turns to devious dealmaker Rumpelstiltskin (Walt Dohrn) for help. At first, Shrek lives the life he once lost and everything is good. But he soon finds out that he has been set up by Rumpelstiltskin, who now rules the land with an iron fist. Teaming with friends Donkey (Eddie Murphy), Fiona, and Puss in Boots (Antonio Banderas), Shrek is in for the fight of his life as he tries to get his life back before time runs out."
Shutter Island,2010,"Drama, Mystery, Thriller","In 1954, up-and-coming U.S. marshal Teddy Daniels is assigned to investigate the disappearance of a patient from Boston's Shutter Island Ashecliffe Hospital. He's been pushing for an assignment on the island for personal reasons, but before long he thinks he's been brought there as part of a twisted plot by hospital doctors whose radical treatments range from unethical to illegal to downright sinister. Teddy's shrewd investigating skills soon provide a promising lead, but the hospital refuses him access to records he suspects would break the case wide open. As a hurricane cuts off communication with the mainland, more dangerous criminals ""escape"" in the confusion, and the puzzling, improbable clues multiply, Teddy begins to doubt everything - his memory, his partner, even his own sanity."
Tangled,2010,"Animation, Adventure, Comedy","After receiving the healing powers from a magical flower, the baby Princess Rapunzel is kidnapped from the palace in the middle of the night by Mother Gothel. Mother Gothel knows that the flower's magical powers are now growing within the golden hair of Rapunzel, and to stay young, she must lock Rapunzel in her hidden tower. Rapunzel is now a teenager and her hair has grown to a length of 70-feet. The beautiful Rapunzel has been in the tower her entire life, and she is curious of the outside world. One day, the bandit Flynn Ryder scales the tower and is taken captive by Rapunzel. Rapunzel strikes a deal with the charming thief to act as her guide to travel to the place where the floating lights come from that she has seen every year on her birthday. Rapunzel is about to have the most exciting and magnificent journey of her life."
The A-Team,2010,"Action, Adventure, Crime","Four American soldiers who are in Iraq are sent on a mission to recover plates for printing 100 dollar bills that were used to print a billion dollars. After doing the job and returning to the base their commanding officer is killed in an explosion and the plates are stolen by another operative. They would be court martialed and sent to different prisons. 6 months later, the leader, Hannibal Smith is visited by a CIA spook who tells him he knows where the man who took the plates is and wants him and his men to recover it. So he helps him escape and he breaks out the others and they go after the plates. But after doing it, they discover that the spook might not be ok. And a military intelligence officer who was involved with one of them is pursuing them."
The King's Speech,2010,"Biography, Drama, History","Britain's Prince Albert (Colin Firth) must ascend the throne as King George VI, but he has a speech impediment. Knowing that the country needs her husband to be able to communicate effectively, Elizabeth (Helena Bonham Carter) hires Lionel Logue (Geoffrey Rush), an Australian actor and speech therapist, to help him overcome his stammer. An extraordinary friendship develops between the two men, as Logue uses unconventional means to teach the monarch how to speak with confidence."
The Social Network,2010,"Biography, Drama","On a fall night in 2003, Harvard undergrad and computer programming genius Mark Zuckerberg sits down at his computer and heatedly begins working on a new idea. In a fury of blogging and programming, what begins in his dorm room soon becomes a global social network and a revolution in communication. A mere six years and 500 million friends later, Mark Zuckerberg is the youngest billionaire in history... but for this entrepreneur, success leads to both personal and legal complications."
Angels & Demons,2009,"Mystery, Thriller","Following the murder of a physicist, Father Silvano Bentivoglio, a symbolist, Robert Langdon, and a scientist, Vittoria Vetra, are on an adventure involving a secret brotherhood, the Illuminati. Clues lead them all around the Vatican, including the four altars of science, Earth, Air, Fire and Water. An assassin, working for the Illuminati, has captured four cardinals, and murders each, painfully. Robert and Vittoria also are searching for a new very destructive weapon that could kill millions."
Avatar,2009,"Action, Adventure, Fantasy","When his brother is killed in a robbery, paraplegic Marine Jake Sully decides to take his place in a mission on the distant world of Pandora. There he learns of greedy corporate figurehead Parker Selfridge's intentions of driving off the native humanoid ""Na'vi"" in order to mine for the precious material scattered throughout their rich woodland. In exchange for the spinal surgery that will fix his legs, Jake gathers knowledge, of the Indigenous Race and their Culture, for the cooperating military unit spearheaded by gung-ho Colonel Quaritch, while simultaneously attempting to infiltrate the Na'vi people with the use of an ""avatar"" identity. While Jake begins to bond with the native tribe and quickly falls in love with the beautiful alien Neytiri, the restless Colonel moves forward with his ruthless extermination tactics, forcing the soldier to take a stand - and fight back in an epic battle for the fate of Pandora."
Cloudy with a Chance of Meatballs,2009,"Animation, Adventure, Comedy","Flint Lockwood thinks he's a genius. But none of the things he invented are things that make sense or are useful. However, he has the support of his mother but when she dies, he's left alone with his father who thinks he should give it up. When the community that he lives in is in an economic crisis because their primary source of income, a sardine cannery, was shut down, Flint decides to try his latest invention, a machine that can turn water into food. But something goes wrong and the machine ends up in the atmosphere. Later it starts raining food. The shifty mayor tries to use this as a way to help their community, but when Flint senses something wrong with the machine, the mayor convinces him to ignore it. However, as Flint predicts, chaos ensues."
Daybreakers,2009,"Action, Horror, Sci-Fi","10 years from now, vampires make up the vast majority of the population with only 5% of the human race remaining. This presents particular challenges as the vampires' food supply - human blood - is dwindling and rationing is now the norm. There is growing evidence that vampires deprived of an adequate blood supply are themselves evolving into wild, vile creatures that attack anyone and anything in order to survive. Dr. Edward Dalton, a vampire and hematologist who works for a pharmaceutical firm, has been working on finding an artificial blood supply that will meet the vampire society's needs. He is sympathetic to humans and sees his work as a way of alleviating their suffering but his views on finding a solution change considerably when he meets someone who found a way to transform himself from being a vampire to again take human form."
Inglourious Basterds,2009,"Adventure, Drama, War","In German-occupied France, young Jewish refugee Shosanna Dreyfus witnesses the slaughter of her family by Colonel Hans Landa. Narrowly escaping with her life, she plots her revenge several years later when German war hero Fredrick Zoller takes a rapid interest in her and arranges an illustrious movie premiere at the theater she now runs. With the promise of every major Nazi officer in attendance, the event catches the attention of the ""Basterds"", a group of Jewish-American guerrilla soldiers led by the ruthless Lt. Aldo Raine. As the relentless executioners advance and the conspiring young girl's plans are set in motion, their paths will cross for a fateful evening that will shake the very annals of history."
Up,2009,"Animation, Adventure, Comedy","As a boy, Carl Fredricksen wanted to explore South America and find the forbidden Paradise Falls. About 64 years later he gets to begin his journey along with Boy Scout Russell by lifting his house with thousands of balloons. On their journey, they make many new friends including a talking dog, and figure out that someone has evil plans. Carl soon realizes that this evildoer is his childhood idol."
X-Men Origins: Wolverine,2009,"Action, Sci-Fi","Two mutant brothers, Logan and Victor, born two hundred years ago, suffer childhood trauma and have only each other to depend on. Basically, they're fighters and killers, living from war to war throughout U.S. history. In modern times, a U.S. Colonel, Stryker, recruits them and other mutants as commandos. Logan quits and becomes a logger, falling in love with a local teacher. When Logan refuses to rejoin Stryker's crew, the Colonel sends the murderous Victor. Logan now wants revenge."
Kung Fu Panda,2008,"Animation, Action, Adventure","It's the story about a lazy, irreverent slacker panda, named Po, who is the biggest fan of Kung Fu around...which doesn't exactly come in handy while working every day in his family's noodle shop. Unexpectedly chosen to fulfill an ancient prophecy, Po's dreams become reality when he joins the world of Kung Fu and studies alongside his idols, the legendary Furious Five -- Tigress, Crane, Mantis, Viper and Monkey -- under the leadership of their guru, Master Shifu. But before they know it, the vengeful and treacherous snow leopard Tai Lung is headed their way, and it's up to Po to defend everyone from the oncoming threat. Can he turn his dreams of becoming a Kung Fu master into reality? Po puts his heart - and his girth - into the task, and the unlikely hero ultimately finds that his greatest weaknesses turn out to be his greatest strengths."
Max Payne,2008,"Action, Crime, Drama","Three years ago, NYPD detective Max Payne's wife and baby were murdered. Max gets himself transferred to the cold case office where he can continue searching for the killer who got away. He's a loner, but two people reach out to him during a fateful week: Alex, his ex-partner who may have found a clue, and BB, the security chief at the pharmaceutical company where Max's wife worked. Meanwhile, bodies are piling up, some as a result of a drug on the street that is highly addictive and, for many who take it, brings hideous hallucinations. When one of the bodies is a woman Payne was the last to see alive, her sister comes looking for him armed to the teeth; Max must move fast."
Resident Evil: Degeneration,2008,"Animation, Action, Horror","Seven years after the Raccoon City incident, a man heartbroken from losing loved ones in the destroyed city unleashes a remnant T-Virus in an airport, forcing special agent Leon S. Kennedy and Claire Redfield, close allies and hardened survivors of the Raccoon City incident, to quell the outbreak and discover the truth behind it all."
The Curious Case of Benjamin Button,2008,"Drama, Fantasy, Romance","On the day that Hurricane Katrina hits New Orleans, elderly Daisy Williams (nee Fuller) is on her deathbed in a New Orleans hospital. At her side is her adult daughter, Caroline. Daisy asks Caroline to read to her aloud the diary of Daisy's lifelong friend, Benjamin Button. Benjamin's diary recounts his entire extraordinary life, the primary unusual aspect of which was his aging backwards, being diagnosed with several aging diseases at birth and thus given little chance of survival, but who does survive and gets younger with time. Abandoned by his biological father, Thomas Button, after Benjamin's biological mother died in childbirth, Benjamin was raised by Queenie, a black woman and caregiver at a seniors home. Daisy's grandmother was a resident at that home, which is where she first met Benjamin. Although separated through the years, Daisy and Benjamin remain in contact throughout their lives, reconnecting in their forties when in age they finally match up. Some of the revelations in Benjamin's diary are difficult for Caroline to read, especially as it relates to the time past this reconnection between Benjamin and Daisy, when Daisy gets older and Benjamin grows younger into his childhood years."
The Dark Knight,2008,"Action, Crime, Drama","Set within a year after the events of Batman Begins (2005), Batman, Lieutenant James Gordon, and new District Attorney Harvey Dent successfully begin to round up the criminals that plague Gotham City, until a mysterious and sadistic criminal mastermind known only as ""The Joker"" appears in Gotham, creating a new wave of chaos. Batman's struggle against The Joker becomes deeply personal, forcing him to ""confront everything he believes"" and improve his technology to stop him. A love triangle develops between Bruce Wayne, Dent, and Rachel Dawes."
The Hurt Locker,2008,"Drama, Thriller, War","An intense portrayal of elite soldiers who have one of the most dangerous jobs in the world: disarming bombs in the heat of combat. When a new sergeant, James, takes over a highly trained bomb disposal team amidst violent conflict, he surprises his two subordinates, Sanborn and Eldridge, by recklessly plunging them into a deadly game of urban combat, behaving as if he's indifferent to death. As the men struggle to control their wild new leader, the city explodes into chaos, and James' true character reveals itself in a way that will change each man forever."
Valkyrie,2008,"Drama, History, Thriller","In Nazi Germany during World War II, as the tide turned in favor of the Allies, a cadre of senior German officers and politicians desperately plot to topple the Nazi regime before the nation is crushed in a nearly inevitable defeat. To this end, Colonel Claus von Stauffenberg, an Army officer convinced he must save Germany from Adolf Hitler, is recruited to mastermind a real plan. To do so, he arranges for the internal emergency measure, Operation: Valkyrie, to be changed to enable his fellows to seize control of Berlin after the assassination of Der Führer. However, even as the plan is put into action, a combination of bad luck and human failings conspire on their own to create a tragedy that would prolong the greater one gripping Europe."
Atonement,2007,"Drama, Mystery, Romance","When Briony Tallis (Saoirse Ronan), thirteen-years-old and an aspiring writer, sees her older sister Cecilia (Keira Knightley) and Robbie Turner (James McAvoy) at the fountain in front of the family estate, she misinterprets what is happening, thus setting into motion a series of misunderstandings and a childish pique that will have lasting repercussions for all of them. Robbie is the son of a family servant toward whom the family has always been kind. They paid for his time at Cambridge and now he plans on going to medical school. After the fountain incident, Briony reads a letter intended for Cecilia and concludes that Robbie is a deviant. When her cousin Lola (Juno Temple) is raped, she tells the Police that it was Robbie she saw committing the deed."
Dead Silence,2007,"Horror, Mystery, Thriller","Every town has its own ghost story, and a local folktale around Ravens Fair is about a ventriloquist named Mary Shaw. After she went mad in the 1940s, she was accused of kidnapping a young boy who yelled out in one of her performances that she was a fraud. Because of this she was hunted down by townspeople who in the ultimate act of revenge, cut out her tongue and then killed her. They buried her along with her ""children,"" a handmade collection of vaudeville dolls, and assumed they had silenced her forever. However, Ravens Fair has been plagued by mysterious deaths around them after Mary Shaws collection has returned from their graves and have come to seek revenge on people that killed her and their families. Far from the pall of their cursed hometown, newlyweds Jamie and Lisa Ashen thought they had established a fresh start, until Jamie's wife is grotesquely killed in their apartment. Jamie returns to Ravens Fair for the funeral, intent on unraveling the mystery of Lisa's death. Once reunited with his ill father, Edward, and his father's new young bride, Ella, Jamie must dig into the town's bloody past to find out who killed his wife and why. All the while, he is doggedly pursued by a detective who doesn't believe a word he says. As he uncovers the legend of Mary Shaw, he will unlock the story of her curse and the truth behind the threat from a rhyme in his childhood: if you see Mary Shaw and scream, she'll take your tongue. And the last thing you will hear before you die...is your own voice speaking back to you."
Shrek the Third,2007,"Animation, Adventure, Comedy","When King Harold (John Cleese) of Far, Far Away dies, the clumsy Shrek (Mike Myers) becomes the immediate successor of the throne. However, Shrek decides to find the legitimate heir Artie (Justin Timberlake) in a distant kingdom with his friends Donkey (Eddie Murphy) and Puss in Boots (Antonio Banderas) to be able return to his beloved house in the swamp with the pregnant Fiona (Cameron Diaz). Meanwhile, the envious and ambitious Prince Charming (Rupert Everett) joins the villains of the fairytales plotting a coup d'état to become the new King."
300,2006,"Action, Drama","In the Battle of Thermopylae of 480 BC an alliance of Greek city-states fought the invading Persian army in the mountain pass of Thermopylae. Vastly outnumbered, the Greeks held back the enemy in one of the most famous last stands of history. Persian King Xerxes led a Army of well over 100,000 (Persian king Xerxes before war has about 170,000 army) men to Greece and was confronted by 300 Spartans, 700 Thespians, and 400 Thebans. Xerxes waited for 10 days for King Leonidas to surrender or withdraw but left with no options he pushed forward. After 3 days of battle all the Greeks were killed. The Spartan defeat was not the one expected, as a local shepherd, named Ephialtes, defected to the Persians and informed Xerxes that the separate path through Thermopylae, which the Persians could use to outflank the Greeks, was not as heavily guarded as they thought."
Apocalypto,2006,"Action, Adventure, Drama","In the Maya civilization, a peaceful tribe is brutally attacked by warriors seeking slaves and human beings for sacrifice for their gods. Jaguar Paw hides his pregnant wife and his son in a deep hole nearby their tribe and is captured while fighting with his people. An eclipse spares his life from the sacrifice and later he has to fight to survive and save his beloved family."
Blood Diamond,2006,"Adventure, Drama, Thriller","A story following Archer, a man tortured by his roots. With a strong survival instinct, he has made himself a key player in the business of conflict diamonds. Political unrest is rampant in Sierra Leone as people fight tooth for tooth. Upon meeting Solomon, and the beautiful Maddy, Archer's life changes forever as he is given a chance to make peace with the war around him."
Pirates of the Caribbean: Dead Man's Chest,2006,"Action, Adventure, Fantasy","Once again we're plunged into the world of sword fights and ""savvy"" pirates. Captain Jack Sparrow is reminded he owes a debt to Davy Jones, who captains the flying Dutchman, a ghostly ship, with a crew from hell. Facing the ""locker"" Jack must find the heart of Davy Jones but to save himself he must get the help of quick-witted Will Turner and Elizabeth Swan. If that's not complicated enough, Will and Elizabeth are sentenced to hang, unless Will can get Lord Cutler Beckett Jack's compass. Will is forced to join another crazy adventure with Jack."
The Da Vinci Code,2006,"Mystery, Thriller","Dan Brown's controversial best-selling novel about a powerful secret that's been kept under wraps for thousands of years comes to the screen in this suspense thriller from Director Ron Howard. The stately silence of Paris' Louvre museum is broken when one of the gallery's leading curators is found dead on the grounds, with strange symbols carved into his body and left around the spot where he died. Hoping to learn the significance of the symbols, police bring in Sophie Neveu (Audrey Tautou), a gifted cryptographer who is also the victim's granddaughter. Needing help, Sophie calls on Robert Langdon (Tom Hanks), a leading symbologist from the United States. As Sophie and Robert dig deeper into the case, they discover the victim's involvement in the Priory of Sion, a secret society whose members have been privy to forbidden knowledge dating back to the birth of Christianity. In their search, Sophie and Robert happen upon evidence that could lead to the final resting place of the Holy Grail, while members of the priory and an underground Catholic society known as Opus Dei give chase, determined to prevent them from sharing their greatest secrets with the world."
The Prestige,2006,"Drama, Mystery, Sci-Fi","In the end of the nineteenth century, in London, Robert Angier, his beloved wife Julia McCullough, and Alfred Borden are friends and assistants of a magician. When Julia accidentally dies during a performance, Robert blames Alfred for her death, and they become enemies. Both become famous and rival magicians, sabotaging the performance of the other on the stage. When Alfred performs a successful trick, Robert becomes obsessed trying to disclose the secret of his competitor with tragic consequences."
The Queen,2006,"Biography, Drama","Diana, the ""People's Princess"" has died in a car accident in Paris. The Queen (Dame Helen Mirren) and her family decide that for the best, they should remain hidden behind the closed doors of Balmoral Castle. The heartbroken public do not understand and request that the Queen comforts her people. This also puts pressure on newly elected Tony Blair (Michael Sheen), who constantly tries to convince the monarchy to address the public."
Batman Begins,2005,"Action, Crime, Drama","When his parents are killed, billionaire playboy Bruce Wayne relocates to Asia, where he is mentored by Henri Ducard and Ra's Al Ghul in how to fight evil. When learning about the plan to wipe out evil in Gotham City by Ducard, Bruce prevents this plan from getting any further and heads back to his home. Back in his original surroundings, Bruce adopts the image of a bat to strike fear into the criminals and the corrupt as the icon known as ""Batman"". But it doesn't stay quiet for long."
Kingdom of Heaven,2005,"Action, Adventure, Drama","It is the time of the Crusades during the Middle Ages -- the world-shaping 200-year collision between Europe and the East. A blacksmith named Balian has lost his family and nearly his faith. The religious wars raging in the far-off Holy Land seem remote to him, yet he is pulled into that immense drama. Amid the pageantry and intrigues of medieval Jerusalem, he falls in love, grows into a leader, and ultimately uses all his courage and skill to defend the city against staggering odds. Destiny comes seeking Balian in the form of a great knight, Godfrey of Ibelin, a Crusader briefly home to France from fighting in the East. Revealing himself as Balian's father, Godfrey shows him the true meaning of knighthood and takes him on a journey across continents to the fabled Holy City. In Jerusalem at that moment--between the Second and Third Crusades--a fragile peace prevails, through the efforts of its enlightened Christian king, Baldwin IV, aided by his advisor Tiberias, and the military restraint of the legendary Muslim leader Saladin Ayubi. But Baldwin's days are numbered, and strains of fanaticism, greed, and jealousy among the Crusaders threaten to shatter the truce. King Baldwin's vision of peace--a kingdom of heaven--is shared by a handful of knights, including Godfrey of Ibelin, who swear to uphold it with their lives and honor. As Godfrey passes his sword to his son, he also passes on that sacred oath: to protect the helpless, safeguard the peace, and work toward harmony between religions and cultures, so that a kingdom of heaven can flourish on earth. Balian takes the sword and steps into history."
Madagascar,2005,"Animation, Adventure, Comedy","Longing to roam free in the vast landscapes of Mother Africa, Marty, the bored and dejected zebra of the famous Central Park Zoo, escapes his prison on the night of his tenth birthday celebration. However, after a botched rescue attempt by Marty's companions--Alex, the content lion; Melman, the skittish giraffe, and Gloria, the resolute hippo--the friends will find themselves crated up and shipped off to a remote wildlife preserve, only to end up on the sandy shores of exotic Madagascar. At last, Marty's dream will come true; nevertheless, what does it really mean to be a truly wild animal?"
Memoirs of a Geisha,2005,"Drama, Romance","In the 1920s, 9-year-old Chiyo gets sold to a geisha house. There, she is forced into servitude, receiving nothing in return until the house's ruling hierarchy determines if she is of high enough quality to service the clientele -- men who visit and pay for conversation, dance and song. After rigorous years of training, Chiyo becomes Sayuri, a geisha of incredible beauty and influence. Life is good for Sayuri, but World War II is about to disrupt the peace."
Sin City,2005,"Crime, Thriller","Four tales of crime adapted from Frank Miller's popular comics, focusing around a muscular brute who's looking for the person responsible for the death of his beloved Goldie (Jaime King), a man fed up with Sin City's corrupt law enforcement who takes the law into his own hands after a horrible mistake, a cop who risks his life to protect a girl from a deformed pedophile and a hitman looking to make a little cash."
V for Vendetta,2005,"Action, Drama, Sci-Fi","In the distant future, Evey Hammond is an average citizen of the United Kingdom, which is under the rule of the fascist and tyrannical Norsefire Party. She is an employee of the state-run British Television Network, but soon, she becomes the number one enemy of the state together with an enigmatic and larger-than-life freedom fighter known only by the letter ""V"". V informs Evey that she must hide in his underground lair for at least one year, and while she is reluctant to the idea at first, a bond soon forms between the two individuals. In the meanwhile, the mysterious past of V is gradually revealed to the police inspector tasked with capturing him, Eric Finch, and it is not long until he starts questioning everything his government stands for."
War of the Worlds,2005,"Action, Adventure, Sci-Fi","An ordinary man has to protect his children against alien invaders in this science fiction action film freely adapted from the classic story by H.G. Wells. Ray Ferrier (Tom Cruise) is a dockworker living in New Jersey, divorced from his first wife Mary Ann (Miranda Otto) and estranged from his two children Rachel and Robbie (Dakota Fanning and Justin Chatwin), of whom he has custody on weekends. On one such visitation, looking after the kids becomes a little more difficult when, after a series of strange lighting storms hit his neighborhood, Ray discovers that a fleet of death-ray robotic spaceships have emerged nearby, part of the first wave of an all-out alien invasion of the Earth. Transporting his children from New York to Boston in an attempt to find safety at Mary Ann's parents' house, Ray must learn to become the protector and provider he never was in marriage."
Alien vs. Predator,2004,"Action, Adventure, Horror","When a private satellite encounters an unidentified source of heat in Antarctica and it is found to be a pyramid buried deep underground , a search team comprising of top-of-the-line archaeologists and engineers is sent to Antarctica to find out more . Once there , the team comes across signs which indicate that the place is inhabited by an unknown alien species . It is not long before the aliens begin to hunt the team members . At the same time , a trio of coming-of-age Predators have arrived to collect the skulls of the aliens as trophies , and the humans are caught between a deadly battle between the two warring species ."
Collateral,2004,"Action, Crime, Drama","This action thriller follows LA cabbie Max Durocher, the type of person who can wax poetic about other people's lives, which impresses U.S. Justice Department prosecutor Annie Farrell, one of his fares, so much that she gives him her telephone number at the end of her ride. Although a dedicated man as seen through the efficiency in which he does his work, he can't or won't translate that eloquence into a better life for himself. He deludes himself into believing that his now twelve year cabbie job is temporary and that someday he will own his own limousine service. He even lies to his hospitalized mother that he already owns one, with a further lie that he tells her as such primarily to make her happy, rather than the truth which is that he won't do anything to achieve that dream. One night, Max picks up a well dressed man named Vincent, who asks Max to be his only fare for the evening. For a flat fee of $600, plus an extra $100 if he gets to the airport on time - Vincent wants Max to drive him to five stops that evening. Max somewhat reluctantly agrees. Max learns the hard way at their first stop when a body falls from a third story apartment window and lands dead on top of his cab that Vincent is a contract hit man. Vincent's main goal, as per his current contract, is to kill five people, one at each of the stops, but he will not let others get in the way of that goal, even if it means killing them, including Max. As Vincent forces Max to continue driving him for the evening, Max tries slyly at every turn to take back control of his life from Vincent, especially when Max learns of one of the names on Vincent's hit list. Meanwhile, LAPD narcotics detective, Ray Fanning, and ultimately the FBI get involved when Vincent's first victim is associated with a case in which Ray is working undercover. Ray is able to piece together information which makes him hot on Max and Vincent's tail."
Hotel Rwanda,2004,"Biography, Drama, History","1994. In Rwanda, the classification of the native population into Hutus and Tutsis, arbitrarily done by the colonial Belgians, is now ingrained within Rwandan mentality despite the Rwandan independence. Despite the Belgians having placed the Tutsis in a higher position during the Belgian rule, they have placed the majority Hutus in power after independence. Paul Rusesabagina, a Hutu married to a Tutsi, Tatiana Rusesabagina, is the House Manager of the Hotel Des Milles Collines in Kigali. The Milles Collines, owned by Sabena (the national airline of Belgium), is a four-star hotel catering primarily to wealthy white westerners. Paul, who knows how to work the system to run the hotel effectively for its guests and for Sabena, is proud that most of the Caucasians who he meets in this professional capacity treat him with respect. After a specific incident, the relative calm between the Tutsi guerrillas and government-backed Hutu militia takes a turn. Paul's thought that the native population as a whole who are not directly involved in the conflict will be protected as the UN peacekeeping forces and thus the world is watching doesn't happen as the western world largely evacuates from Rwanda and abandons the natives. Such begins what will become a genocide of the Tutsi population. Paul, who is able to get his immediate family to the hotel which is still largely seen as a place of sanctuary, will have to use the considerable skills he has used to run the hotel as well as he has instead to keep himself, his family and any others taking refuge at the hotel alive, whether they be Hutu or Tutsi. Meanwhile, Colonel Oliver, a Canadian heading the UN peacekeeping forces, and Pat Archer with the Red Cross do what they can to assist Paul and to get people to safety first to the hotel then out of the country, while field journalists, like photographer Jack Daglish, try to bring the genocide back into the global media to have the world once again care about what is going on."
Mean Girls,2004,Comedy,"Lindsay Lohan stars as Cady Heron, a 16 year old homeschooled girl who not only makes the mistake of falling for Aaron Samuels (Jonathan Bennett), the ex-boyfriend of queenbee Regina George (Rachel McAdams), but also unintentionally joins The Plastics, led by Regina herself. Join Cady as she learns that high school life can and will be really tough."
Saw,2004,"Horror, Mystery, Thriller","Waking up in a bathroom, two men, Adam and Dr. Lawrence Gordon, discover they have been captured by the infamous Jigsaw Killer. The men must escape before time runs out, otherwise, they will face the deadly consequences."
Shrek 2,2004,"Animation, Adventure, Comedy","Shrek (Mike Myers) has rescued Princess Fiona (Cameron Diaz), got married, and now is time to meet the parents. Shrek, Fiona, and Donkey (Eddie Murphy) set off to Far, Far Away to meet Fiona's mother and father. But not everyone is happy. Shrek and King Harold (John Cleese) find it hard to get along, and there's tension in the marriage. It's not just the family who are unhappy. Prince Charming (Rupert Everett) returns from a failed attempt at rescuing Fiona, and works alongside his mother, the Fairy Godmother (Jennifer Saunders), to try and find a way to get Shrek away from Fiona."
The Aviator,2004,"Biography, Drama","Biopic of billionaire Howard Hughes, starting with his early filmmaking years as owner of R.K.O. Pictures, but mostly focusing on his role in designing and promoting new aircraft. Hughes was a risk-taker spending several fortunes on designing experimental aircraft and eventually founding TWA as a rival to Pan Am airlines owned by his great rival Juan Trippe. When Trippe's politico Senator Ralph Owen Brewster accuses Hughes of being a war profiteer, it's Hughes who gains the upper hand. Hughes also had many women in his life including a long relationship with Katharine Hepburn. From an early age, however, Hughes was also germophobic and would have severe bouts of mental illness."
The Notebook,2004,"Drama, Romance","In a nursing home, resident Duke reads a romance story to an old woman who has senile dementia with memory loss. In the late 1930s, wealthy seventeen year-old Allie Hamilton is spending summer vacation in Seabrook. Local worker Noah Calhoun meets Allie at a carnival and they soon fall in love with each other. One day, Noah brings Allie to an ancient house that he dreams of buying and restoring and they attempt to make love but get interrupted by their friend. Allie's parents do not approve of their romance since Noah belongs to another social class, and they move to New York with her. Noah writes 365 letters (A Year) to Allie, but her mother Anne Hamilton does not deliver them to her daughter. Three years later, the United States joins the World War II and Noah and his best friend Fin enlist in the army, and Allie works as an army nurse. She meets injured soldier Lon Hammond in the hospital. After the war, they meet each other again going on dates and then, Lon, who is wealthy and handsome, proposes. Meanwhile Noah buys and restores the old house and many people want to buy it. When Allie accidentally sees the photo of Noah and his house in a newspaper, she feels divided between her first love and her commitment with Lon. Meanwhile Duke stops reading to the old lady since his children are visiting him in the nursing home."
The Passion of the Christ,2004,Drama,"A depiction of the last twelve hours in the life of Jesus of Nazareth, on the day of his crucifixion in Jerusalem. The story opens in the Garden of Olives where Jesus has gone to pray after the Last Supper. Betrayed by Judas Iscariot, the controversial Jesus--who has performed 'miracles' and has publicly announced that he is 'the Son of God'--is arrested and taken back within the city walls of Jerusalem. There, the leaders of the Pharisees confront him with accusations of blasphemy; subsequently, his trial results with the leaders condemning him to his death. Jesus is brought before Pontius Pilate, the prefect of the Roman province of Judaea, for his sentencing. Pilate listens to the accusations leveled at Jesus by the Pharisees. Realizing that his own decision will cause him to become embroiled in a political conflict, Pilate defers to King Herod in deciding the matter of how to persecute Jesus. However, Herod returns Jesus to Pilate who, in turn, gives the crowd a choice between which prisoner they would rather to see set free--Jesus, or Barrabas. The crowd chooses to have Barrabas set free. Thus, Jesus is handed over to the Roman soldiers and is brutally flagellated. Bloody and unrecognizable, he is brought back before Pilate who, once again, presents him to the thirsty crowd--assuming they will see that Jesus has been punished enough. The crowd, however, is not satisfied. Thus, Pilate washes his hands of the entire dilemma, ordering his men to do as the crowd wishes. Whipped and weakened, Jesus is presented with the cross and is ordered to carry it through the streets of Jerusalem, all the way up to Golgotha. There, more corporal cruelty takes place as Jesus is nailed to the cross--suffering, he hangs there, left to die. Initially, in his dazed suffering, Jesus is alarmed that he has been abandoned by God his father. He then beseeches God. At the moment of his death, nature itself over-turns."
Troy,2004,"Adventure, Drama","It is the year 1250 B.C. during the late Bronze age. Two emerging nations begin to clash after Paris, the Trojan prince, convinces Helen, Queen of Sparta, to leave her husband, Menelaus, and sail with him back to Troy. After Menelaus finds out that his wife was taken by the Trojans, he asks his brother Agamemnon to help him get her back. Agamemnon sees this as an opportunity for power. So they set off with 1,000 ships holding 50,000 Greeks to Troy. With the help of Achilles, the Greeks are able to fight the never before defeated Trojans. But they come to a stop by Hector, Prince of Troy. The whole movie shows their battle struggles and the foreshadowing of fate in this adaptation of Homer's classic ""The Iliad."""
Cold Mountain,2003,"Adventure, Drama, Romance","This Civil War saga addresses romance, friendship, and the ravages of war - both in the field and on the home front. Captures the horrors of war for both those fighting it, and for those left behind. This is a tale of hope, longing, redemption, second chances, and faith."
Finding Nemo,2003,"Animation, Adventure, Comedy","A clown fish named Marlin lives in the Great Barrier Reef and loses his son, Nemo, after he ventures into the open sea, despite his father's constant warnings about many of the ocean's dangers. Nemo is abducted by a boat and netted up and sent to a dentist's office in Sydney. While Marlin ventures off to try to retrieve Nemo, Marlin meets a fish named Dory, a blue tang suffering from short-term memory loss. The companions travel a great distance, encountering various dangerous sea creatures such as sharks, anglerfish and jellyfish, in order to rescue Nemo from the dentist's office, which is situated by Sydney Harbour. While the two are searching the ocean far and wide, Nemo and the other sea animals in the dentist's fish tank plot a way to return to the sea to live their lives free again."
Pirates of the Caribbean: The Curse of the Black Pearl,2003,"Action, Adventure, Fantasy","This swash-buckling tale follows the quest of Captain Jack Sparrow, a savvy pirate, and Will Turner, a resourceful blacksmith, as they search for Elizabeth Swann. Elizabeth, the daughter of the governor and the love of Will's life, has been kidnapped by the feared Captain Barbossa. Little do they know, but the fierce and clever Barbossa has been cursed. He, along with his large crew, are under an ancient curse, doomed for eternity to neither live, nor die. That is, unless a blood sacrifice is made."
The Last Samurai,2003,"Action, Drama","In the 1870s, Captain Nathan Algren (Tom Cruise), a cynical veteran of the American Civil War, who will work for anyone, is hired by Americans who want lucrative contracts with the Emperor of Japan to train the peasant conscripts for the first standing Imperial Army in modern warfare using firearms. The Imperial Omura (Masato Harada) cabinet's first priority is to repress a rebellion of traditionalist Samurai, hereditary warriors, who remain devoted to the sacred dynasty, but reject the Westernizing policy, and even refuse firearms. Yet, when his ill-prepared superior force sets out too soon, their panic allows the sword-wielding samurai to crush them. Badly wounded, Algren's courageous stand makes the samurai leader Katsumoto (Ken Watanabe) spare his life. Once nursed to health, he learns to know and respect the old Japanese way, and participates as advisor in Katsumoto's failed attempt to save the Bushido tradition, but Omura gets repressive laws enacted. He must now choose to honor his loyalty to one of the embittered sides when the conflict returns to the battlefield."
Catch Me If You Can,2002,"Biography, Crime, Drama","A true story about Frank Abagnale Jr. who, before his 19th birthday, successfully conned millions of dollars worth of checks as a Pan Am pilot, doctor, and legal prosecutor. An FBI agent makes it his mission to put him behind bars. But Frank not only eludes capture, he revels in the pursuit."
Gangs of New York,2002,"Crime, Drama","In the god-forsaken district of early-1860s Lower Manhattan known as the Five Points, the vicious Nativist, Bill ""The Butcher"" Cutting, is the supreme overlord of an area riddled with crime, prostitution, theft and murder, as the American Civil War still rages on. Sixteen whole years after the brutal murder of his father from Bill's blood-stained hands, an orphaned Irish-American, Amsterdam Vallon, returns to this melting pot of corruption to avenge his untimely death; however, a lot has changed since then. Who can remember the once-innocent boy and now a young man bent on revenge, who works his way up to the hierarchy of Five Points? Will Amsterdam ever taste the dangerous but sweet fruit of retribution?"
Harry Potter and the Chamber of Secrets,2002,"Adventure, Family, Fantasy","Forced to spend his summer holidays with his muggle relations, Harry Potter (Daniel Radcliffe) gets a real shock when he gets a surprise visitor: Dobby (Toby Jones) the house-elf, who warns Harry against returning to Hogwarts, for terrible things are going to happen. Harry decides to ignore Dobby's warning and continues with his pre-arranged schedule. But at Hogwarts, strange and terrible things are indeed happening. Harry is suddenly hearing mysterious voices from inside the walls, muggle-born students are being attacked, and a message scrawled on the wall in blood puts everyone on his or her guard, ""The Chamber Of Secrets Has Been Opened. Enemies Of The Heir, Beware""."
Minority Report,2002,"Action, Crime, Mystery","In the year 2054 A.D. crime is virtually eliminated from Washington D.C. thanks to an elite law enforcing squad ""Precrime"". They use three gifted humans (called ""Pre-Cogs"") with special powers to see into the future and predict crimes beforehand. John Anderton heads Precrime and believes the system's flawlessness steadfastly. However one day the Pre-Cogs predict that Anderton will commit a murder himself in the next 36 hours. Worse, Anderton doesn't even know the victim. He decides to get to the mystery's core by finding out the 'minority report' which means the prediction of the female Pre-Cog Agatha that ""might"" tell a different story and prove Anderton innocent."
Spider-Man,2002,"Action, Adventure, Sci-Fi","Based on Marvel Comics' superhero character, this is a story of Peter Parker who is a nerdy high-schooler. He was orphaned as a child, bullied by jocks, and can't confess his crush for his stunning neighborhood girl Mary Jane Watson. To say his life is ""miserable"" is an understatement. But one day while on an excursion to a laboratory a runaway radioactive spider bites him... and his life changes in a way no one could have imagined. Peter acquires a muscle-bound physique, clear vision, ability to cling to surfaces and crawl over walls, shooting webs from his wrist ... but the fun isn't going to last. An eccentric millionaire Norman Osborn administers a performance enhancing drug on himself and his maniacal alter ego Green Goblin emerges. Now Peter Parker has to become Spider-Man and take Green Goblin to the task... or else Goblin will kill him. They come face to face and the war begins in which only one of them will survive at the end."
The Lord of the Rings: The Two Towers,2002,"Adventure, Drama, Fantasy","The continuing quest of Frodo and the Fellowship to destroy the One Ring. Frodo and Sam discover they are being followed by the mysterious Gollum. Aragorn, the Elf archer Legolas, and Gimli the Dwarf encounter the besieged Rohan kingdom, whose once great King Theoden has fallen under Saruman's deadly spell."
The Pianist,2002,"Biography, Drama, Music","In this adaptation of the autobiography ""The Pianist: The Extraordinary True Story of One Man's Survival in Warsaw, 1939-1945,"" Wladyslaw Szpilman, a Polish Jewish radio station pianist, sees Warsaw change gradually as World War II begins. Szpilman is forced into the Warsaw Ghetto, but is later separated from his family during Operation Reinhard. From this time until the concentration camp prisoners are released, Szpilman hides in various locations among the ruins of Warsaw."
A Beautiful Mind,2001,"Biography, Drama, Mystery","From the heights of notoriety to the depths of depravity, John Forbes Nash, Jr. experienced it all. A mathematical genius, he made an astonishing discovery early in his career and stood on the brink of international acclaim. But the handsome and arrogant Nash soon found himself on a painful and harrowing journey of self-discovery. After many years of struggle, he eventually triumphed over his tragedy, and finally - late in life - received the Nobel Prize."
Shrek,2001,"Animation, Adventure, Comedy","When a green ogre named Shrek discovers his swamp has been 'swamped' with all sorts of fairytale creatures by the scheming Lord Farquaad, Shrek sets out with a very loud donkey by his side to 'persuade' Farquaad to give Shrek his swamp back. Instead, a deal is made. Farquaad, who wants to become the King, sends Shrek to rescue Princess Fiona, who is awaiting her true love in a tower guarded by a fire-breathing dragon. But once they head back with Fiona, it starts to become apparent that not only does Shrek, an ugly ogre, begin to fall in love with the lovely princess, but Fiona is also hiding a huge secret."
The Lord of the Rings: The Fellowship of the Ring,2001,"Adventure, Drama, Fantasy","An ancient Ring thought lost for centuries has been found, and through a strange twist of fate has been given to a small Hobbit named Frodo. When Gandalf discovers the Ring is in fact the One Ring of the Dark Lord Sauron, Frodo must make an epic quest to the Cracks of Doom in order to destroy it. However, he does not go alone. He is joined by Gandalf, Legolas the elf, Gimli the Dwarf, Aragorn, Boromir, and his three Hobbit friends Merry, Pippin, and Samwise. Through mountains, snow, darkness, forests, rivers and plains, facing evil and danger at every corner the Fellowship of the Ring must go. Their quest to destroy the One Ring is the only hope for the end of the Dark Lords reign."
American Psycho,2000,"Crime, Drama, Horror","It's the late 1980s. Twenty-seven year old Wall Streeter Patrick Bateman travels among a closed network of the proverbial beautiful people, that closed network in only they able to allow others like themselves in in a feeling of superiority. Patrick has a routinized morning regimen to maintain his appearance of attractiveness and fitness. He, like those in his network, are vain, narcissistic, egomaniacal and competitive, always having to one up everyone else in that presentation of oneself, but he, unlike the others, realizes that, for himself, all of these are masks to hide what is truly underneath, someone/something inhuman in nature. In other words, he is comprised of a shell resembling a human that contains only greed and disgust, greed in wanting what others may have, and disgust for those who do not meet his expectations and for himself in not being the first or the best. That disgust ends up manifesting itself in wanting to rid the world of those people, he not seeing them as people but only of those characteristics he wants to rid."
Gladiator,2000,"Action, Adventure, Drama","Maximus is a powerful Roman general, loved by the people and the aging Emperor, Marcus Aurelius. Before his death, the Emperor chooses Maximus to be his heir over his own son, Commodus, and a power struggle leaves Maximus and his family condemned to death. The powerful general is unable to save his family, and his loss of will allows him to get captured and put into the Gladiator games until he dies. The only desire that fuels him now is the chance to rise to the top so that he will be able to look into the eyes of the man who will feel his revenge."
Memento,2000,"Mystery, Thriller","Memento chronicles two separate stories of Leonard, an ex-insurance investigator who can no longer build new memories, as he attempts to find the murderer of his wife, which is the last thing he remembers. One story line moves forward in time while the other tells the story backwards revealing more each time."
Requiem for a Dream,2000,Drama,"Sara Goldfarb (Ellen Burstyn) is a retired widow, living in a small apartment. She spends most of her time watching TV, especially a particular self-help show. She has delusions of rising above her current dull existence by being a guest on that show. Her son, Harry (Jared Leto) is a junkie but along with his friend Tyrone (Marlon Wayans) has visions of making it big by becoming a drug dealer. Harry's girlfriend Marion (Jennifer Connelly) could be fashion designer or artist but is swept along in Harry's drug-centric world. Meanwhile Sara has developed an addiction of her own. She desperately wants to lose weight and so goes on a crash course involving popping pills, pills which turn out to be very addictive and harmful to her mental state."
The Patriot,2000,"Action, Drama, History","It is 1776 in colonial South Carolina. Benjamin Martin, a French-Indian war hero who is haunted by his past, now wants nothing more than to live peacefully on his small plantation, and wants no part of a war with the most powerful nation in the world, Great Britain. Meanwhile, his two eldest sons, Gabriel and Thomas, can't wait to enlist in the newly formed ""Continental Army."" When South Carolina decides to join the rebellion against England, Gabriel immediately signs up to fight...without his father's permission. But when Colonel William Tavington, British dragoon, infamous for his brutal tactics, comes and burns the Martin Plantation to the ground, tragedy strikes. Benjamin quickly finds himself torn between protecting his family, and seeking revenge along with being a part of the birth of a new, young, and ambitious nation."
X-Men,2000,"Action, Adventure, Sci-Fi","In a world where both Mutants and Humans fear each other, Marie, better known as Rogue, runs away from home and hitches a ride with another mutant, known as Logan, a.k.a. Wolverine. Professor Charles Xavier, who owns a school for young mutants, sends Storm and Cyclops to bring them back before it is too late. Magneto, who believes a war is approaching, has an evil plan in mind, and needs young Rogue to help him."
Fight Club,1999,"Crime, Drama, Thriller","A nameless first person narrator (Edward Norton) attends support groups in attempt to subdue his emotional state and relieve his insomniac state. When he meets Marla (Helena Bonham Carter), another fake attendee of support groups, his life seems to become a little more bearable. However when he associates himself with Tyler (Brad Pitt) he is dragged into an underground fight club and soap making scheme. Together the two men spiral out of control and engage in competitive rivalry for love and power."
The Matrix,1999,"Action, Sci-Fi","Thomas A. Anderson is a man living two lives. By day he is an average computer programmer and by night a hacker known as Neo. Neo has always questioned his reality, but the truth is far beyond his imagination. Neo finds himself targeted by the police when he is contacted by Morpheus, a legendary computer hacker branded a terrorist by the government. As a rebel against the machines, Neo must confront the agents: super-powerful computer programs devoted to stopping Neo and the entire human rebellion."
The Messenger: The Story of Joan of Arc,1999,"Adventure, Biography, Drama","1429. While the war between France and England (the Hundred Years War) appeared settled in 1420, in England's favour, the death of King Henry V of England reignites it. England occupies large areas of France and appears set to take the whole of it. Into this moment of crisis rides legendary Joan of Arc, a teenage girl who claims to be lead by divine visions."
The Sixth Sense,1999,"Drama, Mystery, Thriller","Malcom Crowe (Bruce Willis) is a child psychologist who receives an award on the same night that he is visited by a very unhappy ex-patient. After this encounter, Crowe takes on the task of curing a young boy with the same ills as the ex-patient (Donnie Wahlberg) . This boy ""sees dead people"". Crowe spends a lot of time with the boy much to the dismay of his wife (Olivia Williams). Cole's mom (Toni Collette) is at her wit's end with what to do about her son's increasing problems. Crowe is the boy's only hope."
Elizabeth,1998,"Biography, Drama, History","This film details the ascension to the throne and the early reign of Queen Elizabeth the First, as played by Cate Blanchett. The main focus is the endless attempts by her council to marry her off, the Catholic hatred of her and her romance with Lord Robert Dudley."
Rush Hour,1998,"Action, Comedy, Crime","Cultures clash and tempers flares as the two cops named Detective Inspector Lee a Hong Kong Detective and Detective James Carter FBI, a big-mouthed work-alone Los Angeles cop who are from different worlds discovers one thing in common: they can't stand each other. With time running out, they must join forces to catch the criminals and save the eleven-year-old Chinese girl of the Chinese consul named Soo Yung."
Saving Private Ryan,1998,"Drama, War","Opening with the Allied invasion of Normandy on 6 June 1944, members of the 2nd Ranger Battalion under Cpt. Miller fight ashore to secure a beachhead. Amidst the fighting, two brothers are killed in action. Earlier in New Guinea, a third brother is KIA. Their mother, Mrs. Ryan, is to receive all three of the grave telegrams on the same day. The United States Army Chief of Staff, George C. Marshall, is given an opportunity to alleviate some of her grief when he learns of a fourth brother, Private James Ryan, and decides to send out 8 men (Cpt. Miller and select members from 2nd Rangers) to find him and bring him back home to his mother..."
Titanic,1997,"Drama, Romance","84 years later, a 100 year-old woman named Rose DeWitt Bukater tells the story to her granddaughter Lizzy Calvert, Brock Lovett, Lewis Bodine, Bobby Buell and Anatoly Mikailavich on the Keldysh about her life set in April 10th 1912, on a ship called Titanic when young Rose boards the departing ship with the upper-class passengers and her mother, Ruth DeWitt Bukater, and her fiancé, Caledon Hockley. Meanwhile, a drifter and artist named Jack Dawson and his best friend Fabrizio De Rossi win third-class tickets to the ship in a game. And she explains the whole story from departure until the death of Titanic on its first and last voyage April 15th, 1912 at 2:20 in the morning."
The English Patient,1996,"Drama, Romance, War","October 1944 in war torn Italy. Hana (Juliette Binoche), a French-Canadian nurse working in a mobile army medical unit, feels like everything she loves in life dies on her. Because of the difficulty traveling and the dangers, especially as the landscape is still heavily booby-trapped with mines, Hana volunteers to stay behind at a church to care solely for a dying semi-amnesiac patient, who is badly burned and disfigured. She agrees to catch up to the rest of the unit after he dies. All the patient remembers is that he is English, and that he is married. Their solitude is disrupted with the arrival at the church of fellow Canadian David Caravaggio (Willem Dafoe), part of the Intelligence Service, who is certain that he knows the patient as a man who cooperated with the Germans. Caravaggio believes that the patient's memory is largely intact, and that he is running away from his past, in part, or in its entirety. The patient does open up about his past, all surrounding his work as a cartographer in North Africa, which was interrupted by the war. He may not be running from his work as a spy for the Germans as Caravaggio believes, but rather the memory of an affair he had with married Katharine Clifton (Dame Kristin Scott Thomas), the love of his life, and the memory of a promise not totally fulfilled. Hana may also test her theory of her fates with love and death as she embarks on a relationship of her own with Kip Singh (Naveen Andrews), a Sikh from India, whose unit has camped on the now overgrown lawn of the church. Their work entails sweeping for and diffusing mines, the discovery of one such mine which had earlier saved her life."
The Rock,1996,"Action, Adventure, Thriller","Stanley Goodspeed, who lives in Washington, D.C., is a biochemist who works for the F.B.I. Soon after his fiancée Carla Pestalozzi announces that she is pregnant, Stanley gets a call from F.B.I. Director James Womack. Womack tells Stanley that San Francisco's Alcatraz Island has been taken hostage, along with eighty-one tourists, by Marine General Francis Xavier Hummel who, for years, has been protesting the government's refusal to pay benefits to families of war veterans who died during covert military operations. The death of his wife Barbara on March 9, 1995 drove General Hummel over the edge, and now he's holding hostages in order to get his point across. Stanley is needed because General Hummel has stolen some VX gas warheads and has announced that he will launch them onto San Francisco unless his demands are met. Stanley knows how to disarm the bombs, but he needs someone who knows Alcatraz well enough to get him inside. That man is former British Intelligence Agent John Patrick Mason, who has been in prison for the past thirty years without a trial because he was accused of stealing the private files of J. Edgar Hoover. In 1962, John became the only inmate ever to escape from Alcatraz, and he stayed out of Alcatraz long enough to father a daughter named Jade Angelou. Despite his extreme hatred of the F.B.I., John agrees to help Stanley. When John and Stanley are sent into Alcatraz with a Navy S.E.A.L. team, General Hummel's men kill the entire S.E.A.L. team, leaving Stanley and John to work on their own to rescue the hostages."
Braveheart,1995,"Biography, Drama, War","William Wallace is a Scottish rebel who leads an uprising against the cruel English ruler Edward the Longshanks, who wishes to inherit the crown of Scotland for himself. When he was a young boy, William Wallace's father and brother, along with many others, lost their lives trying to free Scotland. Once he loses another of his loved ones, William Wallace begins his long quest to make Scotland free once and for all, along with the assistance of Robert the Bruce."
Toy Story,1995,"Animation, Adventure, Comedy","A little boy named Andy loves to be in his room, playing with his toys, especially his doll named ""Woody"". But, what do the toys do when Andy is not with them, they come to life. Woody believes that his life (as a toy) is good. However, he must worry about Andy's family moving, and what Woody does not know is about Andy's birthday party. Woody does not realize that Andy's mother gave him an action figure known as Buzz Lightyear, who does not believe that he is a toy, and quickly becomes Andy's new favorite toy. Woody, who is now consumed with jealousy, tries to get rid of Buzz. Then, both Woody and Buzz are now lost. They must find a way to get back to Andy before he moves without them, but they will have to pass through a ruthless toy killer, Sid Phillips."
Forrest Gump,1994,"Drama, Romance","Forrest Gump is a simple man with a low I.Q. but good intentions. He is running through childhood with his best and only friend Jenny. His 'mama' teaches him the ways of life and leaves him to choose his destiny. Forrest joins the army for service in Vietnam, finding new friends called Dan and Bubba, he wins medals, creates a famous shrimp fishing fleet, inspires people to jog, starts a ping-pong craze, creates the smiley, writes bumper stickers and songs, donates to people and meets the president several times. However, this is all irrelevant to Forrest who can only think of his childhood sweetheart Jenny Curran, who has messed up her life. Although in the end all he wants to prove is that anyone can love anyone."
Léon: The Professional,1994,"Action, Crime, Drama","After her father, step-mother, step-sister and little brother are killed by her father's employers, the 12-year-old daughter of an abject drug dealer manages to take refuge in the apartment of a professional hitman who at her request teaches her the methods of his job so she can take her revenge on the corrupt DEA agent who ruined her life by killing her beloved brother."
Pulp Fiction,1994,"Crime, Drama","Jules Winnfield (Samuel L. Jackson) and Vincent Vega (John Travolta) are two hit men who are out to retrieve a suitcase stolen from their employer, mob boss Marsellus Wallace (Ving Rhames). Wallace has also asked Vincent to take his wife Mia (Uma Thurman) out a few days later when Wallace himself will be out of town. Butch Coolidge (Bruce Willis) is an aging boxer who is paid by Wallace to lose his fight. The lives of these seemingly unrelated people are woven together comprising of a series of funny, bizarre and uncalled-for incidents."
The Lion King,1994,"Animation, Adventure, Drama","A young lion prince is cast out of his pride by his cruel uncle, who claims he killed his father. While the uncle rules with an iron paw, the prince grows up beyond the Savannah, living by a philosophy: No worries for the rest of your days. But when his past comes to haunt him, the young prince must decide his fate: Will he remain an outcast or face his demons and become what he needs to be?"
Jurassic Park,1993,"Action, Adventure, Sci-Fi","Huge advancements in scientific technology have enabled a mogul to create an island full of living dinosaurs. John Hammond has invited four individuals, along with his two grandchildren, to join him at Jurassic Park. But will everything go according to plan? A park employee attempts to steal dinosaur embryos, critical security systems are shut down and it now becomes a race for survival with dinosaurs roaming freely over the island."
Schindler's List,1993,"Biography, Drama, History","Oskar Schindler is a vain and greedy German businessman who becomes an unlikely humanitarian amid the barbaric German Nazi reign when he feels compelled to turn his factory into a refuge for Jews. Based on the true story of Oskar Schindler who managed to save about 1100 Jews from being gassed at the Auschwitz concentration camp, it is a testament to the good in all of us."
Aladdin,1992,"Animation, Adventure, Comedy","Aladdin is a poor street urchin who spends his time stealing food from the marketplace in the city of Agrabah. His adventures begin when he meets a young girl who happens to be Princess Jasmine, who is forced to be married by her wacky yet estranged father. Aladdin's luck suddenly changes when he retrieves a magical lamp from the Cave of Wonders. What he unwittingly gets is a fun-loving genie who only wishes to have his freedom. Little do they know is that the Sultan's sinister advisor Jafar has his own plans for both Aladdin and the lamp."
The Last of the Mohicans,1992,"Action, Adventure, Drama","The last members of a dying Native American tribe, the Mohicans -- Uncas, his father Chingachgook, and his adopted half-white brother Hawkeye -- live in peace alongside British colonists. But when the daughters of a British colonel are kidnapped by a traitorous scout, Hawkeye and Uncas must rescue them in the crossfire of a gruesome military conflict of which they wanted no part: the French and Indian War."
Beauty and the Beast,1991,"Animation, Family, Fantasy","Having lived a life in selfishness, young Prince Adam is cursed by a mysterious enchantress to having the appearance of a monstrous beast. His only hope is to learn to love a young woman and earn her love in return in order to redeem himself. Ten years later, his chance shows itself when a young maiden named Belle (Paige O'Hara) offers to take her ill father Maurice's (Rex Everhart's) place as his prisoner. With help from the castle's enchanted staff, Belle learns to appreciate her captor and immediately falls in love with him. Back in the village however, unscrupulous hunter Gaston (Richard White) has his own plans for Belle."
Terminator,1991,"Short, Action, Sci-Fi","A cyborg comes from the future, to kill a girl named Sarah Lee."
Terminator 2: Judgment Day,1991,"Action, Adventure, Sci-Fi","Over 10 years have passed since the first machine called The Terminator tried to kill Sarah Connor and her unborn son, John. The man who will become the future leader of the human resistance against the Machines is now a healthy young boy. However, another Terminator, called the T-1000, is sent back through time by the supercomputer Skynet. This new Terminator is more advanced and more powerful than its predecessor and its mission is to kill John Connor when he's still a child. However, Sarah and John do not have to face the threat of the T-1000 alone. Another Terminator (identical to the same model that tried and failed to kill Sarah Connor in 1984) is also sent back through time to protect them. Now, the battle for tomorrow has begun."
Goodfellas,1990,"Biography, Crime, Drama","Henry Hill might be a small time gangster, who may have taken part in a robbery with Jimmy Conway and Tommy De Vito, two other gangsters who might have set their sights a bit higher. His two partners could kill off everyone else involved in the robbery, and slowly start to think about climbing up through the hierarchy of the Mob. Henry, however, might be badly affected by his partners' success, but will he consider stooping low enough to bring about the downfall of Jimmy and Tommy?"
Glory,1989,"Biography, Drama, History","Shaw was an officer in the Federal Army during the American Civil War who volunteered to lead the first company of black soldiers. Shaw was forced to deal with the prejudices of both the enemy (who had orders to kill commanding officers of blacks), and of his own fellow officers."
Die Hard,1988,"Action, Thriller","NYPD cop John McClane goes on a Christmas vacation to visit his wife Holly in Los Angeles where she works for the Nakatomi Corporation. While they are at the Nakatomi headquarters for a Christmas party, a group of robbers led by Hans Gruber take control of the building and hold everyone hostage, with the exception of John, while they plan to perform a lucrative heist. Unable to escape and with no immediate police response, John is forced to take matters into his own hands."
Predator,1987,"Action, Adventure, Horror","A team of special force ops, led by a tough but fair soldier, Major ""Dutch"" Schaefer, are ordered to assist CIA man, Colonel Al Dillon, on a rescue mission for potential survivors of a Helicopter downed over remote South American jungle. Not long after they land, Dutch and his team discover that they have been sent in under false pretenses. This deception turns out to be the least of their worries though, when they find themselves being methodically hunted by something not of this world."
RoboCop,1987,"Action, Crime, Sci-Fi","In a violent, near-apocalyptic Detroit, evil corporation Omni Consumer Products wins a contract from the city government to privatize the police force. To test their crime-eradicating cyborgs, the company leads street cop Alex Murphy into an armed confrontation with crime lord Boddicker so they can use his body to support their untested RoboCop prototype. But when RoboCop learns of the company's nefarious plans, he turns on his masters."
The Last Emperor,1987,"Biography, Drama, History","This sweeping account of the life of Pu-Yi, the last emperor of China, follows the leader's tumultuous reign. After being captured by the Red Army as a war criminal in 1950, Pu-Yi recalls his childhood from prison. He remembers his lavish youth in the Forbidden City, where he was afforded every luxury but unfortunately sheltered from the outside world and complex political situation surrounding him. As revolution sweeps through China, the world Pu-Yi knew is dramatically upended."
The Untouchables,1987,"Crime, Drama, Thriller","After building an empire with bootleg alcohol, legendary crime boss Al Capone rules Chicago with an iron fist. Though Prohibition Agent Eliot Ness attempts to take Capone down, even his best efforts fail due to widespread corruption within the Windy City's police force. Recruiting an elite group of lawmen who won't be swayed by bribes or fear, including Irish-American cop Jimmy Malone, Ness renews his determination to bring Capone to justice."
The Mission,1986,"Adventure, Drama, History","Jeremy Irons plays a Spanish Jesuit who goes into the South American wilderness to build a mission in the hope of converting the Indians of the region. Robert De Niro plays a slave hunter who is converted and joins the Jesuit in his mission. When Spain sells the colony to Portugal, they are forced to defend all they have built against the Portuguese aggressors."
Top Gun,1986,"Action, Drama","Call-sign ""Maverick"", LT Pete Mitchell, the impetuous daredevil Navy-pilot ace, is accepted into Miramar's elite Fighter School, also known as ""Top Gun"". There, as the impulsive pilot competes with the best of the best, not only will he meet Charlie, the flying school's curvaceous astrophysics instructor, but also the brilliant and highly competitive fellow student, ""Iceman"", with whom right from the start, he will engage in a reckless contest. As Maverick is haunted by his father's mysterious death, will he be able to suppress his wild nature to win the prestigious Top Gun Trophy?"
Back to the Future,1985,"Adventure, Comedy, Sci-Fi","Marty McFly, a typical American teenager of the Eighties, is accidentally sent back to 1955 in a plutonium-powered DeLorean ""time machine"" invented by a slightly mad scientist. During his often hysterical, always amazing trip back in time, Marty must make certain his teenage parents-to-be meet and fall in love - so he can get back to the future."
Commando,1985,"Action, Adventure, Thriller","A retired special agent named John Matrix led an elite unit and has left the armed forces to live in a secluded mountain home with his daughter Jenny. But now he is forced out of retirement when his daughter is kidnapped by a band of thugs intent on revenge! Unbeknownst to Matrix, the members of his former unit are being killed one by one. Even though Matrix' friend General Franklin Kirby gives Matrix armed guards, attackers manage to kidnap Matrix and Jenny. Matrix learns that Bennett, a former member of his Matrix' unit who was presumed dead has kidnapped him to try to force Matrix to do a political assassination for a man called Arius (who calls himself El Presidente), a warlord formerly bested by Matrix who wishes to lead a military coup in his home country. Since Arius will have Jenny killed if Matrix refuses, Matrix reluctantly accepts the demand."
Police Story,1985,"Action, Comedy, Crime","Kevin Chan (aka Jackie) is a Hong-Kong cop, who scores his first big hit by virtually single-handedly capturing and arresting a big drug- lord. Of course, the drug-lord isn't too happy about this, and frames Kevin with the murder of another cop (who happened to be on the take). Kevin has to clear his name, whilst keeping himself from getting killed or arrested, and keeping his girlfriend from leaving him."
Dune,1984,"Action, Adventure, Sci-Fi","In the distant year of 10191, all the planets of the known Universe are under the control of Padishah Emperor Shaddam IV and the most important commodity in the Universe is a substance called the spice ""MELANGE"" which is said to have the power of extending life, expanding the consciousness and even to ""fold space"" ; being able to travel to any distance without physically moving. This spice ""MELANGE"" is said to only be produced in the desert planet of Arrakis, where the FREMEN people have the prophecy of a man who will lead them to true freedom. This ""desert planet""of Arrakis is also known as DUNE. A secret report of the space ""GUILD"" talks about some circumstances and plans that could jeopardize the production of ""SPICE"" with four planets involved: ARRAKIS, CALADAN, GIEDI PRIME and KAITAIN, a world at least visually very alike to Earth and house of the Emperor of the known Universe. The ""GUILD"" sends a third stage navigator to KAITAIN to ask details from the Emperor and to demand him the killing of young Paul Atreides, son of the Duke Leto Atreides of CALADAN."
The Terminator,1984,"Action, Adventure, Sci-Fi","Sent back from a dystopian 2029--where the cold machines have conquered the entire world--to 1984 Los Angeles, the indestructible cyborg-assassin known as the ""Terminator"" commences his deadly mission to kill humankind's most important woman: the unsuspecting Sarah Connor. However, from the same war-torn post-apocalyptic future comes a battle-scarred defender--Kyle Reese, a brave soldier of the human Resistance Army--bent on stopping the cybernetic killer from eliminating the world's last hope. But, the Terminator has no feelings, he doesn't sleep, and above all, he won't stop until he carries out his grim task. Does our future lie in our past?"
Blade Runner,1982,"Action, Drama, Sci-Fi","In the early twenty-first century, the Tyrell Corporation, during what was called the Nexus phase, developed robots, called ""replicants"", that were supposed to aid society, the replicants which looked and acted like humans. When the superhuman generation Nexus 6 replicants, used for dangerous off-Earth endeavors, began a mutiny on an off-Earth colony, replicants became illegal on Earth. Police units, called ""blade runners"", have the job of destroying - or in their parlance ""retiring"" - any replicant that makes its way back to or created on Earth, with anyone convicted of aiding or assisting a replicant being sentenced to death. It's now November, 2019 in Los Angeles, California. Rick Deckard, a former blade runner, is called out of retirement when four known replicants, most combat models, have made their way back to Earth, with their leader being Roy Batty. One, Leon Kowalski, tried to infiltrate his way into the Tyrell Corporation as an employee, but has since been able to escape. Beyond following Leon's trail in hopes of finding and retiring them all, Deckard believes part of what will help him is figuring out what the replicants wanted with the Tyrell Corporation in trying to infiltrate it. The answer may lie with Tyrell's fail-safe backup mechanism. Beyond tracking the four, Deckard faces a possible dilemma in encountering a fifth replicant: Rachael, who works as Tyrell's assistant. The issue is that Dr. Elden Tyrell is experimenting with her, to provide her with fake memories so as to be able to better control her. With those memories, Rachael has no idea that she is not human. The problem is not only Rachael's assistance to Deckard, but that he is beginning to develop feelings for her."
First Blood,1982,"Action, Adventure, Thriller","John J. Rambo is a former United States Special Forces soldier who fought in Vietnam and won the Congressional Medal of Honor, but his time in Vietnam still haunts him. As he came to Hope, Washington to visit a friend, he was guided out of town by the Sheriff William Teasel who insults Rambo, but what Teasel does not know that his insult angered Rambo to the point where Rambo became violent and was arrested. As he was at the county jail being cleaned, he escapes and goes on a rampage through the forest to try to escape from the sheriffs who want to kill him. Then, as Rambo's commanding officer, Colonel Samuel Trautman tries to save both the Sheriff's department and Rambo before the situation gets out of hand."
The Big Red One,1980,"Drama, War","The story of a hardened army sergeant and four of his men, from their first fight at the Kasserine Pass after the invasion of North Africa through to the invasion of Sicily, D-Day, the Ardennes forest and the liberation of a concentration camp at the end of the war. As the five of them fight - and survive to fight yet again in the next battle - new recruits joining the squad are swatted down by the enemy on a regular basis. The four privates are naturally reluctant to get to know any of the new recruits joining the squad, who become just a series of nameless faces."
Ember,2016,Drama,"When her husband Cemal is arrested in Romania, Emine is left alone with their child who needs immediate surgery. She takes a job as a needle worker at a garment workshop where she comes across Ziya, her husband's former boss. He can't stay indifferent when he learns what the woman he once fancied is going through. When Cemal returns months later, he finds Emine working at the garment workshop and their son healthy. A hospital bill he accidentally sees reveals that Ziya has paid for the surgery and Emine hid this fact. Will Cemal, who already blames Ziya for what he went through and is extremely jealous of Emine, be able to confront this situation or choose to ignore it?"
The Conjuring,2013,"Horror, Mystery, Thriller","In 1971, Carolyn and Roger Perron move their family into a dilapidated Rhode Island farm house and soon strange things start happening around it with escalating nightmarish terror. In desperation, Carolyn contacts the noted paranormal investigators, Ed and Lorraine Warren, to examine the house. What the Warrens discover is a whole area steeped in a satanic haunting that is now targeting the Perron family wherever they go. To stop this evil, the Warrens will have to call upon all their skills and spiritual strength to defeat this spectral menace at its source that threatens to destroy everyone involved."
The Conjuring 2,2016,"Horror, Mystery, Thriller","In 1977, paranormal investigators Ed and Lorraine Warren travel to London, England, where single mother Peggy Hodgson believes that something evil is in her home. When Peggy's youngest daughter starts showing signs of demonic possession, Ed and Lorraine attempt to help the besieged girl, only to find themselves targeted by the malicious spirits."
The Conjuring: The Devil Made Me Do It,2021,"Horror, Mystery, Thriller","A chilling story of terror, murder and unknown evil that shocked even experienced real-life paranormal investigators Ed and Lorraine Warren. One of the most sensational cases from their files, it starts with a fight for the soul of a young boy, then takes them beyond anything they'd ever seen before, to mark the first time in U.S. history that a murder suspect would claim demonic possession as a defense."
Annabelle,2014,"Horror, Mystery, Thriller","John Form has found the perfect gift for his expectant wife, Mia - a beautiful, rare vintage doll in a pure white wedding dress. But Mia's delight with Annabelle doesn't last long. On one horrific night, their home is invaded by members of a satanic cult, who violently attack the couple. Spilled blood and terror are not all they leave behind. The cultists have conjured an entity so malevolent that nothing they did will compare to the sinister conduit to the damned that is now... Annabelle."
Annabelle: Creation,2017,"Horror, Mystery, Thriller","The manufacturer of dolls Samuel Mullins is a happy family man with his wife Esther and their daughter Bee, who dies after being hit by a car. Twelve years later, Samuel and his wife, Esther, welcomes a nun and six orphaned girls to his home. He tells that only a locked room (that belonged to Bee) and Esther's room would be off limits for the girls. The crippled girl, Janice, manages to sneak in Bee's room during the night and finds a doll locked inside a closet. After she plays in the room, she is haunted by an evil force. What has Janice unleashed in Bee's room?"
Annabelle Comes Home,2019,"Horror, Mystery, Thriller","Determined to keep Annabelle from wreaking more havoc, demonologists Ed and Lorraine Warren bring the possessed doll to the locked artifacts room in their home, placing her ""safely"" behind sacred glass and enlisting a priest's holy blessing. But an unholy night of horror awaits as Annabelle awakens the evil spirits in the room, who all set their sights on a new target--the Warrens' ten-year-old daughter, Judy, and her friends."
The Nun,2018,"Horror, Mystery, Thriller","When a young nun at a cloistered abbey in Romania takes her own life, a priest with a haunted past and a novitiate on the threshold of her final vows are sent by the Vatican to investigate. Together they uncover the order's unholy secret. Risking not only their lives but their faith and their very souls, they confront a malevolent force in the form of the same demonic nun that first terrorized audiences in 'The Conjuring 2,' as the abbey becomes a horrific battleground between the living and the damned."
The Nun 2,2019,"Short, Comedy, Horror","In a small town in 1954 in Romania, a young dog is hunted by a demonic nun."
The Curse of La Llorona,2019,"Horror, Mystery, Thriller","Ignoring the eerie warning of a troubled mother suspected of child endangerment, a social worker and her own small kids are soon drawn into a frightening supernatural realm. Their only hope to survive La Llorona's deadly wrath may be a disillusioned priest and the mysticism he practices to keep evil at bay, on the fringes where fear and faith collide."
The Crooked Man,2016,Horror,"While at a slumber party, twelve-year-old Olivia is blamed for the horrific and mysterious death of her friend, after singing a song (created by a reclusive mastermind, Milo White) that summons a demonic figure known as 'The Crooked Man'. Returning to her hometown six years later, a string of unusual deaths lead Olivia (Angelique Rivera) to believe that she's still being haunted by whatever she saw that fateful night. Once you sing the rhyme, everyone in the house is cursed to die by his hands."
Us,2019,"Horror, Mystery, Thriller","In order to get away from their busy lives, the Wilson family takes a vacation to Santa Cruz, California with the plan of spending time with their friends, the Tyler family. On a day at the beach, their young son Jason almost wanders off, causing his mother Adelaide to become protective of her family. That night, four mysterious people break into Adelaide's childhood home where they're staying. The family is shocked to find out that the intruders look like them, only with grotesque appearances."
The Babadook,2014,"Drama, Horror, Mystery","Amelia, who lost her husband in a car crash on the way to give birth to Samuel, their only child, struggles to cope with her fate as a single mom. Samuel's constant fear of monsters and violent reaction to overcome the fear doesn't help her cause either, which makes her friends become distant. When things can not get any worse, they read a strange book in their house about the 'Babadook' monster that hides in the dark areas of their house. Even Amelia seems to feel the effect of Babadook and desperately tries in vain to destroy the book. The nightmarish experiences the two encounter form the rest of the story."
It,2017,Horror,"In the Town of Derry, the local kids are disappearing one by one. In a place known as 'The Barrens', a group of seven kids are united by their horrifying and strange encounters with an evil clown and their determination to kill It."
It Chapter Two,2019,"Drama, Fantasy, Horror","Defeated by members of the Losers' Club, the evil clown Pennywise returns 27 years later to terrorize the town of Derry, Maine, once again. Now adults, the childhood friends have long since gone their separate ways. But when people start disappearing, Mike Hanlon calls the others home for one final stand. Damaged by scars from the past, the united Losers must conquer their deepest fears to destroy the shape-shifting Pennywise -- now more powerful than ever."
The Witch,2015,"Drama, Fantasy, Horror","New England, 1630: William and Katherine try to lead a devout Christian life, homesteading on the edge of an impassible wilderness, with five children. When their newborn son mysteriously vanishes and their crops fail, the family begins to turn on one another. 'The Witch' is a chilling portrait of a family unraveling within their own sins, leaving them prey for an inconceivable evil."
A Quiet Place,2018,"Drama, Horror, Sci-Fi","In a devastated Earth overrun by invincible predators of a possible extraterrestrial origin, the Abbotts find themselves struggling to survive in the isolation of upstate New York, defined by a new era of utter silence. Indeed, as this new type of invader is attracted to noise, even the slightest of sounds can be deadly; however, it's been already twelve months since the powerful monsters' first sightings, and this resilient family still stands strong. Of course, learning the rules of survival in this muted dystopia is essential; nevertheless, now, of all times, an otherwise joyous event puts in jeopardy the already fragile stability. And now, more than ever, the Abbotts must not make a sound."
A Quiet Place Part II,2020,"Drama, Horror, Sci-Fi","With the newly acquired knowledge of the seemingly invulnerable creatures' weakness, grief-stricken Evelyn Abbott finds herself on her own, with two young teens, a defenceless newborn son, and with no place to hide. Now, 474 days after the all-out alien attack in A Quiet Place (2018), the Abbotts summon up every last ounce of courage to leave their now-burned-to-the-ground farm and embark on a peril-laden quest to find civilization. With this in mind, determined to expand beyond the boundaries, the resilient survivors have no other choice but to venture into eerily quiet, uncharted hostile territory, hoping for a miracle. But, this time, the enemy is everywhere."
Sinister,2012,"Horror, Mystery, Thriller","Crime writer Ellison Oswalt moves his family into a house where a horrific crime took place earlier, but his family doesn't know. He begins researching the crime in hopes of writing a book about it. Oswalt examines video footage that he finds in the house to help him in his research, but he soon discovers more than he bargained for."
Insidious,2010,"Horror, Mystery, Thriller","A gripping story of a family in search of help for their son, Dalton, who fell into a coma after a mysterious incident in the attic. Little do they know that there is much more to this endless sleep than meets the eye as they explore the paranormal, and rediscover the past; the key to getting their son back once and for all."
The Descent,2005,"Adventure, Horror, Thriller","A woman goes on vacation with her friends after her husband and daughter encounter a tragic accident. One year later she goes hiking with her friends and they get trapped in the cave. With a lack of supply, they struggle to survive and they meet strange blood thirsty creatures."
Paranormal Activity,2007,"Horror, Mystery","After a young, middle class couple moves into a suburban 'starter' tract house, they become increasingly disturbed by a presence that may or may not be somehow demonic but is certainly most active in the middle of the night. Especially when they sleep. Or try to."
The Cabin in the Woods,2011,"Horror, Mystery, Thriller","Five teenagers head off for a weekend at a secluded cabin in the woods. They arrive to find they are quite isolated with no means of communicating with the outside world. When the cellar door flings itself open, they of course go down to investigate. They find an odd assortment of relics and curios, but when one of the women, Dana, reads from a book, she awakens a family of deadly zombie killers. However, there's far more going on than meets the eye."
Talk to Me,2022,"Horror, Thriller","When a group of friends discover how to conjure spirits using an embalmed hand, they become hooked on the new thrill, until one of them goes too far and unleashes terrifying supernatural forces."
Mission: Impossible - Ghost Protocol,2011,"Action, Adventure, Thriller","In the fourth installment of the Mission Impossible series, Ethan Hunt and a new team race against time to track down Hendricks, a dangerous terrorist who has gained access to Russian nuclear launch codes and is planning a strike on the United States. An attempt by the team to stop him at the Kremlin ends in a disaster, with an explosion causing severe damage to the Kremlin and the IMF being implicated in the bombing, forcing the President to invoke Ghost Protocol, under which the IMF is disavowed, and will be offered no help or backup in any form. Undaunted, Ethan and his team chase Hendricks to Dubai, and from there to Mumbai, but several spectacular action sequences later, they might still be too late to stop a disaster."
"32. The Making of 'Mission: Impossible 2' (2000), Part 1",2000,Talk-Show,
Mission: Impossible III,2006,"Action, Adventure, Thriller","A man named Owen Davian kills an IMF agent that was sent undercover by the legendary Ethan Hunt, who has retired from combat missions. Hunt now has a fiancé, Julia, who believes that he works for the traffic department when he really trains younger IMF agents to go into combat. He is assigned to his last mission. His mission, should he choose to accept it is to capture Davian, who is selling a toxic weapon called the rabbits foot. But Davian is reckless, cruel, and deadly. He promises Hunt that he will find Julia, hurt her, and Ethan will be too dead to help her. The mission is no more different to others, its dangerous, smart, and impossible; but now it's personal."
Mission: Impossible - Rogue Nation,2015,"Action, Adventure, Thriller","CIA chief Hunley (Baldwin) convinces a Senate committee to disband the IMF (Impossible Mission Force), of which Ethan Hunt (Cruise) is a key member. Hunley argues that the IMF is too reckless. Now on his own, Hunt goes after a shadowy and deadly rogue organization called the Syndicate."
Mission: Impossible - Dead Reckoning Part One,2023,"Action, Adventure, Thriller",Ethan Hunt and his IMF team must track down a dangerous weapon before it falls into the wrong hands.
Extraction,2020,"Action, Crime, Thriller","In an underworld of weapons dealers and traffickers, a young boy becomes the pawn in a war between notorious drug lords. Trapped by kidnappers inside one of the world's most impenetrable cities, his rescue beckons the unparalleled skill of a mercenary named Tyler Rake, but Rake is a broken man with nothing to lose, harboring a death wish that makes an already deadly mission near impossible."
Damn You Hollywood: Extraction 2/Flamin Hot (2023),2023,,
The Gray Man,2022,"Action, Mystery, Thriller","Count Gentry aka, Sierra Six a highly skilled former CIA Operative, was once the agency's best merchant of death. After his escape from prison, and recruitment by former handler Donald Fitzroy, Gentry is now on the run from the CIA with agent Lloyd Hansen hot on his trail. Aided by Agent Dani Miranda, Hansen will stop at nothing to bring Gentry down."
Red Notice,2021,"Action, Comedy, Thriller","When an Interpol-issued Red Notice the highest level warrant to hunt and capture the world's most wanted goes out, the FBI's top profiler John Hartley (Dwayne Johnson) is on the case. His global pursuit finds him smack dab in the middle of a daring heist where he's forced to partner with the world's greatest art thief Nolan Booth (Ryan Reynolds) in order to catch the world's most wanted art thief, ""The Bishop"" (Gal Gadot). The high-flying adventure that ensues takes the trio around the world, across the dance floor, trapped in a secluded prison, into the jungle and, worst of all for them, constantly into each other's company."
6 Underground,2019,"Action, Thriller","What's the best part of being dead? It's the freedom. The freedom to fight the evil which lurks in our world. 6 Underground's group of unnamed individuals have chosen to change the future. The team's brought together by enigmatic leader code-named 'One', whose sole mission is to ensure that, he and his fellow teammates will have their actions remembered."
Project Power,2020,"Action, Crime, Sci-Fi","On the streets of New Orleans, word begins to spread about a mysterious new pill that unlocks superpowers unique to each user. The catch: You don't know what will happen until you take it. While some develop bulletproof skin, invisibility, and super strength, others exhibit a deadlier reaction. But when the pill escalates crime within the city to dangerous levels, a local cop (Joseph Gordon-Levitt) teams with a teenage dealer (Dominique Fishback) and a former soldier fueled by a secret vendetta (Jamie Foxx) to fight power with power and risk taking the pill in order to track down and stop the group responsible for creating it."
The Old Guard,2020,"Action, Thriller","Led by a warrior named Andy (Charlize Theron), a covert group of tight-knit mercenaries with a mysterious inability to die have fought to protect the mortal world for centuries. But when the team is recruited to take on an emergency mission and their extraordinary abilities are suddenly exposed, it's up to Andy and Nile (Kiki Layne), the newest soldier to join their ranks, to help the group eliminate the threat of those who seek to replicate and monetize their power by any means necessary."
Bird Box,2018,"Horror, Mystery, Sci-Fi","In the wake of an unknown global terror, a mother must find the strength to flee with her children down a treacherous river in search of safety. Due to unseen deadly forces, the perilous journey must be made blindly. Directed by Emmy winner Susanne Bier, Bird Box is a thriller starring Academy Award winner Sandra Bullock, John Malkovich, Sarah Paulson, and Trevante Rhodes."
The Irishman,2019,"Biography, Crime, Drama","Frank ""The Irishman"" Sheeran is a man with a lot on his mind. The former labor union high official and hitman, learned to kill serving in Italy during the Second World War. He now looks back on his life and the hits that defined his mob career, maintaining connections with the Bufalino crime family. In particular, the part he claims to have played in the disappearance of his life-long friend, Jimmy Hoffa, the former president of the International Brotherhood of Teamsters, who mysteriously vanished in late July 1975 at the age of 62."
The Highwaymen,2019,"Biography, Crime, Drama","The outlaws made headlines. The lawmen made history. From director John Lee Hancock (The Blind Side), THE HIGHWAYMEN follows the untold story of the legendary detectives who brought down Bonnie and Clyde. When the full force of the FBI and the latest forensic technology aren't enough to capture the nation's most notorious criminals, two former Texas Rangers (Kevin Costner and Woody Harrelson) must rely on their gut instincts and old school skills to get the job done."
Bright,2017,"Action, Fantasy, Thriller","In Los Angeles, humans live with orcs and elves in a world where fantasy creatures do exist. LAPD police officer Dayl Ward is the first human cop having the orc police officer Nick Jakoby as a partner. When Ward is shot by an orc and Jakoby does not capture the shooter, he questions whether Jakoby lets the fellow orc escape. During a patrol, Ward and Jakoby arrest a man that tells that there is a prophecy and Ward is blessed. Meanwhile, Internal Affairs press Ward to find the truth about the escape of the shooter so that they can fire Jakoby. The magic department of the FBI interrogates the man that belongs to the terrorist Shield of Light group which protects brights so that they can prepare for the return of the Dark Lord that will destroy the world. Ward and Jakoby are summoned to attend a disturbance and they stumble upon a Shield of Light safe-house where they arrest the elf Tikka and bag her magic wand. Soon they learn that Tikka is hunted down by the evil and powerful rogue elf Leilah and her Terrorist group Inferni which are the ones actually trying to resurrect the dark lord and they need to protect Tikka and the wand; otherwise the world will be destroyed. What will they do?"
I Care a Lot,2020,"Comedy, Crime, Drama","Poised with sharklike self-assurance, Marla Grayson is a professional, court-appointed guardian for dozens of elderly wards whose assets she seizes and cunningly bilks through dubious but legal means. It's a well-oiled racket that Marla and her business-partner and lover, Fran, use with brutal efficiency on their latest ""cherry,"" Jennifer Peterson - a wealthy retiree with no living heirs or family. But when their mark turns out to have an equally shady secret of her own and connections to a volatile gangster, Marla is forced to level up in a game only predators can play - one that's neither fair, nor square."
The Adam Project,2022,"Action, Adventure, Comedy","Adam Reed, age 12 and still grieving his father's sudden death the year before, walks into his garage one night to find a wounded pilot hiding there. This mysterious pilot turns out to be the older version of himself from the future, where time travel is in its infancy. He has risked everything to come back in time on a secret mission. Together they must embark on an adventure into the past to find their father, set things right, and save the world. As the three work together, both young and grown Adam come to terms with the loss of their father and have a chance to heal the wounds that have shaped them. Adding to the challenge of the mission, the two Adams discover that they really don't like each other much, and if they are to save the world, first they need to figure out how to get along."
Rebel Moon - Part One: A Child of Fire,2023,"Action, Adventure, Drama","When a peaceful settlement on the edge of a distant moon finds itself threatened by a tyrannical ruling force, a stranger living among its villagers becomes their best hope for survival."
Army of the Dead,2021,"Action, Crime, Drama","With the abandoned, walled city of Las Vegas overrun with zombies, after a disastrous government fault, billionaire casino magnate Bly Tanaka realises he has left something behind in Sin City: $200 million to be more precise. But for the time being, his mountains of cash are safe behind an impenetrable casino vault. Now, Tanaka is willing to pay $50 million to decorated former mercenary Scott Ward and his hand-picked team to retrieve the money before the US President nukes the entire city. Indeed, this is a life-changing offer Scott cannot refuse; nevertheless, the rules have changed, and this time, the horde of the walking undead seems to be more organised than they might have expected. And, above all, time is running out. Will Ward's crew return from Vegas in one piece and rich?"
Awake,2007,"Crime, Drama, Mystery","While undergoing open heart surgery, a man's failed anesthetic leaves him completely alert, but paralyzed and unable to tell his doctors"
Outside the Wire,2021,"Action, Adventure, Fantasy","When disgraced drone pilot, Lt. Harp (Damson Idris) is sent into a deadly militarized zone after disobeying orders, he finds himself working for Capt. Leo (Anthony Mackie), an android officer tasked with locating a doomsday device before insurgents do."
The Trial of the Chicago 7,2020,"Drama, History, Thriller","In Chicago 1968, the Democratic Party Convention was met with protests from activists like the moderate Students for a Democratic Society led by Tom Hayden and the militant Yippies led by Abbie Hoffman and Jerry Rubin, which led to violent confrontations with the local authorities. As a result, seven of the accused ringleaders are arraigned on charges like Conspiracy by the hostile Nixon administration, including Bobby Seale of the Black Panthers who was not involved in the incident. What follows is an unfair trial presided by the belligerent Judge Hoffman (No relation) and prosecuted by a reluctant but duty-bound Richard Schultz. As their pro bono lawyers face such odds, Hayden and his fellows are frustrated by the Yippies' outrageous antics undermining their defense in defiance of the system even while Seale is denied a chance to defend himself his way. Along the way, the Chicago 7 clash in their political philosophies even as they learn they need each other in this fight."
The Power of the Dog,2021,"Drama, Western","Severe, pale-eyed, handsome, Phil Burbank is brutally beguiling. All of Phil's romance, power and fragility is trapped in the past and in the land: He can castrate a bull calf with two swift slashes of his knife; he swims naked in the river, smearing his body with mud. He is a cowboy as raw as his hides. The year is 1925. The Burbank brothers are wealthy ranchers in Montana. At the Red Mill restaurant on their way to market, the brothers meet Rose, the widowed proprietress, and her impressionable son Peter. Phil behaves so cruelly he drives them both to tears, revelling in their hurt and rousing his fellow cowhands to laughter - all except his brother George, who comforts Rose then returns to marry her. As Phil swings between fury and cunning, his taunting of Rose takes an eerie form - he hovers at the edges of her vision, whistling a tune she can no longer play. His mockery of her son is more overt, amplified by the cheering of Phil's cowhand disciples. Then Phil appears to take the boy under his wing. Is this latest gesture a softening that leaves Phil exposed, or a plot twisting further into menace?"
The Ballad of Buster Scruggs,2018,"Comedy, Drama, Musical","Six tales of life and violence in the Old West, following a singing gunslinger, a bank robber, a traveling impresario, an elderly prospector, a wagon train, and a perverse pair of bounty hunters."
The King,2019,"Biography, Drama, History","Hal (Timothée Chalamet), wayward prince and reluctant heir to the English throne, has turned his back on royal life and is living among the people. But when his tyrannical father dies, Hal is crowned King Henry V and is forced to embrace the life he had previously tried to escape. Now the young king must navigate the palace politics, chaos and war his father left behind, and the emotional strings of his past life - including his relationship with his closest friend and mentor, the aging alcoholic knight, John Falstaff (Joel Edgerton)."
Murder Mystery,2019,"Crime, Mystery, Romance","When an NYC cop (Adam Sandler) finally takes his wife (Jennifer Aniston) on a long promised European trip, a chance meeting on the flight gets them invited to an intimate family gathering on the Super Yacht of elderly billionaire Malcolm Quince. When Quince is murdered, they become the prime suspects in a modern day whodunit."
Murder Mystery 2,2023,"Action, Adventure, Comedy",Full-time detectives Nick and Audrey are struggling to get their private eye agency off the ground. They find themselves at the center of international abduction when their friend Maharaja is kidnapped at his own lavish wedding.
The Nice Guys,2016,"Action, Comedy, Crime","Set against the backdrop of 1977 Los Angeles, The Nice Guys opens when single father and licensed PI Holland March (Gosling) is hired to investigate the apparent suicide of famous porn star Misty Mountains. As the trail leads him to track down a girl named Amelia (Qualley), he encounters less licensed and less hands-off private eye Jackson Healey (Russell Crowe) and his brass knuckles, both hired by the young hippie. However, the situation takes a turn for the worse when Amelia vanishes and it becomes apparent that March wasn't the only party interested. As both men are forced to team up, they'll have to take on a world filled with eccentric goons, strippers dressed as mermaids and even a possible government conspiracy."
Eurovision Song Contest: The Story of Fire Saga,2020,"Comedy, Music","When aspiring musicians Lars and Sigrit are given the opportunity to represent their country at the world's biggest song competition, they finally have a chance to prove that any dream worth having is a dream worth fighting for."
Hubie Halloween,2020,"Comedy, Horror, Mystery","Good-natured but eccentric community volunteer Hubie Dubois finds himself at the center of a real murder case on Halloween night. Despite his devotion to his hometown of Salem, Massachusetts (and its legendary Halloween celebration), Hubie is a figure of mockery for kids and adults alike."
Klaus,2019,"Animation, Adventure, Comedy","When Jesper (Jason Schwartzman) distinguishes himself as the postal academy's worst student, he is stationed on a frozen island above the Arctic Circle, where the feuding locals hardly exchange words let alone letters. Jesper is about to give up when he finds an ally in local teacher Alva (Rashida Jones), and discovers Klaus (Oscar® winner J.K. Simmons), a mysterious carpenter who lives alone in a cabin full of handmade toys. These unlikely friendships return laughter to Smeerensburg, forging a new legacy of generous neighbors, magical lore and stockings hung by the chimney with care. An animated Christmas comedy directed by Despicable Me co-creator Sergio Pablos, KLAUS co-stars Rashida Jones, Jason Schwartzman and JK Simmons."
The Sea Beast,2022,"Animation, Action, Adventure","In an era when terrifying beasts roamed the seas, monster hunters were celebrated heroes and none were more beloved than the great Jacob Holland. But when young Maisie Brumble stows away on his fabled ship, he's saddled with an unexpected ally. Together they embark on an epic journey into uncharted waters and make history."
Apollo 10½: A Space Age Childhood,2022,"Animation, Adventure, Drama","The story of the first moon landing in the summer of 1969 from two interwoven perspectives. It both captures the astronaut and mission control view of the triumphant moment, and the lesser-seen bottom up perspective of what it was like from an excited kid's perspective, living near NASA but mostly watching it on TV like hundreds of millions of others. It's ultimately both an exacting re-creation of this special moment in history and a kid's fantasy about being plucked from his average life in suburbia to secretly train for a covert mission to the moon."
Over the Moon,2020,"Animation, Adventure, Comedy","Having grown up hearing her mother's favourite legend about Chang'e, pale moon's goddess who lives alone on the silent celestial body pining for Hou Yi, her long-lost lover, the brilliant thirteen-year-old girl, Fei Fei, is in for an unpleasant surprise. Then, as if that weren't enough, her doting father catches her off-guard by making a life-altering announcement, and Fei Fei's whole world comes crashing down around her. Now, determined to prove him wrong, Fei Fei sets out to build a home-made rocket and blast off to the stars. Does true love last forever?"
E.T. the Extra-Terrestrial,1982,"Adventure, Family, Sci-Fi","After a gentle alien becomes stranded on Earth, the being is discovered and befriended by a young boy named Elliott. Bringing the extraterrestrial into his suburban California house, Elliott introduces E.T., as the alien is dubbed, to his brother and his little sister, Gertie, and the children decide to keep its existence a secret. Soon, however, E.T. falls ill, resulting in government intervention and a dire situation for both Elliott and the alien."
Jaws,1975,"Adventure, Drama, Horror","It's a hot summer on Amity Island, a small community whose main business is its beaches. When new Sheriff Martin Brody discovers the remains of a shark attack victim, his first inclination is to close the beaches to swimmers. This doesn't sit well with Mayor Larry Vaughn and several of the local businessmen. Brody backs down to his regret as that weekend a young boy is killed by the predator. The dead boy's mother puts out a bounty on the shark and Amity is soon swamped with amateur hunters and fisherman hoping to cash in on the reward. A local fisherman with much experience hunting sharks, Quint, offers to hunt down the creature for a hefty fee. Soon Quint, Brody and Matt Hooper from the Oceanographic Institute are at sea hunting the Great White shark. As Brody succinctly surmises after their first encounter with the creature, they're going to need a bigger boat."
Raiders of the Lost Ark,1981,"Action, Adventure","The year is 1936. An archeology professor named Indiana Jones is venturing in the jungles of South America searching for a golden statue. Unfortunately, he sets off a deadly trap but miraculously escapes. Then, Jones hears from a museum curator named Marcus Brody about a biblical artifact called The Ark of the Covenant, which can hold the key to human existence. Jones has to venture to vast places such as Nepal and Egypt to find this artifact. However, he will have to fight his enemy Rene Belloq and a band of Nazis in order to reach it."
Indiana Jones and the Temple of Doom,1984,"Action, Adventure","Indiana Jones teams up with a nightclub singer named Wilhelmina ""Willie"" Scott and a twelve-year-old Chinese boy named Short Round. They end up in a small distressed village in India, where the people believe that evil spirits have taken all their children away after a sacred precious stone was stolen. They also discover the great mysterious terror surrounding a booby-trapped temple known as the Temple of Doom. Thuggee is beginning to attempt to rise once more, believing that with the power of all five Sankara stones they can rule the world. It's all up to Indiana to put an end to the Thuggee campaign, rescue the lost children, win the girl and conquer the Temple of Doom."
The Post,2017,"Biography, Drama, History","When American military analyst, Daniel Ellsberg, realizes to his disgust the depths of the US government's deceptions about the futility of the Vietnam War, he takes action by copying top-secret documents that would become the Pentagon Papers. Later, Washington Post owner, Kay Graham, is still adjusting to taking over her late husband's business when editor Ben Bradlee discovers the New York Times has scooped them with an explosive expose on those papers. Determined to compete, Post reporters find Ellsberg himself and a complete copy of those papers. However, the Post's plans to publish their findings are put in jeopardy with a Federal restraining order that could get them all indicted for Contempt. Now, Kay Graham must decide whether to back down for the safety of her paper or publish and fight for the Freedom of the Press. In doing so, Graham and her staff join a fight that would have America's democratic ideals in the balance."
Insomnia,2002,"Drama, Mystery, Thriller","In Nightmute, Alaska, seventeen year old resident Kay Connell is found murdered. As a favor to the local Nightmute police chief, two Los Angeles Robbery Homicide police detectives, Will Dormer and Hap Eckhart, are called in to assist in the investigation. Although renowned in the police world, both Dormer and Eckhart are facing some professional issues back in Los Angeles. In Nightmute, Dormer has a major case of insomnia due to a combination of the incessant midnight sun and from a secret he is carrying. This insomnia is causing him to be delusional. Something he is not dreaming about is that the murderer has contacted him, informing him all about the murder and the fact that he knows everything that is going on with Dormer. They begin a symbiotic relationship in keeping secrets for each individual's benefit. But ambitious young local detective, Ellie Burr, might piece the story together on her own."
The Departed,2006,"Crime, Drama, Thriller","In this crime-action tour de force, the South Boston state police force is waging war on Irish-American organized crime. Young undercover cop Billy Costigan is assigned to infiltrate the mob syndicate run by gangland chief Frank Costello. While Billy quickly gains Costello's confidence, Colin Sullivan, a hardened young criminal who has infiltrated the state police as an informer for the syndicate is rising to a position of power in the Special Investigation Unit. Each man becomes deeply consumed by their double lives, gathering information about the plans and counter-plans of the operations they have penetrated. But when it becomes clear to both the mob and the police that there is a mole in their midst, Billy and Colin are suddenly in danger of being caught and exposed to the enemy - and each must race to uncover the identity of the other man in time to save themselves. But is either willing to turn on their friends and comrades they've made during their long stints undercover?"
Taxi Driver,1976,"Crime, Drama","Travis Bickle is an ex-Marine and Vietnam War veteran living in New York City. As he suffers from insomnia, he spends his time working as a taxi driver at night, watching porn movies at seedy cinemas during the day, or thinking about how the world, New York in particular, has deteriorated into a cesspool. He's a loner who has strong opinions about what is right and wrong with mankind. For him, the one bright spot in New York humanity is Betsy, a worker on the presidential nomination campaign of Senator Charles Palantine. He becomes obsessed with her. After an incident with her, he believes he has to do whatever he needs to make the world a better place in his opinion. One of his priorities is to be the savior for Iris, a twelve-year-old runaway and prostitute who he believes wants out of the profession and under the thumb of her pimp and lover Matthew."
Raging Bull,1980,"Biography, Drama, Sport","When Jake LaMotta steps into a boxing ring and obliterates his opponent, he's a prizefighter. But when he treats his family and friends the same way, he's a ticking time bomb, ready to go off at any moment. Though LaMotta wants his family's love, something always seems to come between them. Perhaps it's his violent bouts of paranoia and jealousy. This kind of rage helped make him a champ, but in real life, he winds up in the ring alone."
Casino,1995,"Crime, Drama","This Martin Scorsese film depicts the Janus-like quality of Las Vegas--it has a glittering, glamorous face, as well as a brutal, cruel one. Ace Rothstein and Nicky Santoro, mobsters who move to Las Vegas to make their mark, live and work in this paradoxical world. Seen through their eyes, each as a foil to the other, the details of mob involvement in the casinos of the 1970s and '80s are revealed. Ace is the smooth operator of the Tangiers casino, while Nicky is his boyhood friend and tough strongman, robbing and shaking down the locals. However, they each have a tragic flaw--Ace falls in love with a hustler, Ginger, and Nicky falls into an ever-deepening spiral of drugs and violence."
Killers of the Flower Moon,2023,"Crime, Drama, History","When oil is discovered in 1920s Oklahoma under Osage Nation land, the Osage people are murdered one by one - until the FBI steps in to unravel the mystery."
Kill Bill: Vol. 1,2003,"Action, Crime, Thriller","The lead character, called 'The Bride,' was a member of the Deadly Viper Assassination Squad, led by her lover 'Bill.' Upon realizing she was pregnant with Bill's child, 'The Bride' decided to escape her life as a killer. She fled to Texas, met a young man, who, on the day of their wedding rehearsal was gunned down by an angry and jealous Bill (with the assistance of the Deadly Viper Assassination Squad). Four years later, 'The Bride' wakes from a coma, and discovers her baby is gone. She, then, decides to seek revenge upon the five people who destroyed her life and killed her baby. The saga of Kill Bill Volume I begins."
Reservoir Dogs,1992,"Crime, Thriller","Six thugs, who are strangers to each other, are hired by a crime boss, Joe Cabot, to carry out a diamond robbery. Right at the outset, they are given false names with the intention that they won't get too close and will concentrate on the job instead. They are completely sure that the robbery is going to be a success. But, when the police show up right at the time and the site of the robbery, panic spreads amongst the group members, and two of them are killed in the subsequent shootout, along with a few policemen and civilians. When the remaining people assemble at the premeditated rendezvous point (a warehouse), they begin to suspect that one of them is an undercover cop."
Once Upon a Time in Hollywood,2016,Drama,
The Hateful Eight,2015,"Crime, Drama, Mystery","Some time after the Civil War, a stagecoach hurtles through the wintry Wyoming landscape. Bounty hunter John Ruth and his fugitive captive Daisy Domergue race towards the town of Red Rock, where Ruth will bring Daisy to justice. Along the road, they encounter Major Marquis Warren (an infamous bounty hunter) and Chris Mannix (a man who claims to be Red Rock's new sheriff). Lost in a blizzard, the bunch seeks refuge at Minnie's Haberdashery. When they arrive they are greeted by unfamiliar faces: Bob, who claims to be taking care of the place while Minnie is gone; Oswaldo Mobray, the hangman of Red Rock; Joe Gage, a cow puncher; and confederate general Sanford Smithers. As the storm overtakes the mountainside, the eight travelers come to learn that they might not make it to Red Rock after all..."
Jackie Brown,1997,"Crime, Drama, Thriller","The middle-aged stewardess Jackie Brown smuggles money from Mexico to Los Angeles for the arms dealer Ordell Robbie. When she gets caught by the agents Ray Nicolet and Mark Dargus with ten thousand dollars and cocaine in her purse, they propose a deal to her to help them to arrest Ordell in exchange of her freedom. Meanwhile Ordell asks the 56-year-old Max Cherry, who runs a bail bond business, to release Jackie Brown with the intention of eliminating her. Jackie suspects of Ordell's intention and plots a complicated confidence game with Max to steal half a million dollars from Ordell."
Cast Away,2000,"Adventure, Drama, Romance","Memphis-based FedEx operations executive Chuck Noland and grad student Kelly Frears have long dated and lived together, and despite each being the love of the other's life, have not gotten married because of their respective busy schedules, especially Chuck's as he is more often on business trips than he is at home. That marital status changes when on Christmas Day 1995 as Chuck is rushing off to catch yet another FedEx plane for a business trip, he gives Kelly a ring. That flight experiences technical difficulties, and goes down somewhere in the south Pacific. In a life raft, a relatively unharmed Chuck washes up on shore what he will learn is a deserted island, he unaware what has happened to any of his fellow flight mates, or the plane. However several of the packages on board for delivery do wash up on shore with him, those packages which he initially treats with respect. Chuck realizes that his priority is survival - which primarily means food, water, shelter and fire - and rescue. But survival is also in an emotional sense. To fulfill that emotional need, he has an heirloom pocket watch with Kelly's photo that she gave him as a Christmas present, and eventually opening the FedEx packages, a Wilson volleyball on which he paints a face and which he names Wilson. As time progresses, Chuck goes through a range of emotions, but if rescue is ever in the cards, he realizes that he has to find a way to get off the island, which is seemingly impossible in his circumstance due to the strong on shore surf he cannot get beyond without assistance. What Chuck may not fully realize is the longer he is not rescued, the harder it will be for him to return to his old life in its entirety if he ever is rescued. Although the thought of Kelly is what largely keeps him motivated to be rescued, Kelly, who probably believes him to be dead, may have moved on emotionally from him in the intervening time."
The Green Mile,1999,"Crime, Drama, Fantasy","Death Row guards at a penitentiary, in the 1930's, have a moral dilemma with their job when they discover one of their prisoners, a convicted murderer, has a special gift."
Apollo 13,1995,"Adventure, Drama, History","Based on the true story of the ill-fated 13th Apollo mission bound for the moon. Astronauts Lovell, Haise and Swigert were scheduled to fly Apollo 14, but are moved up to 13. It's 1970, and The US has already achieved their lunar landing goal, so there's little interest in this ""routine"" flight.. until that is, things go very wrong, and prospects of a safe return fade."
Captain Phillips,2013,"Action, Biography, Crime","Captain Phillips is a multi-layered examination of the 2009 hijacking of the U.S. container ship Maersk Alabama by a crew of Somali pirates. It is - through director Paul Greengrass's distinctive lens - simultaneously a pulse-pounding thriller, and a complex portrait of the myriad effects of globalization. The film focuses on the relationship between the Alabama's commanding officer, Captain Richard Phillips (two time Academy Award®-winner Tom Hanks), and the Somali pirate captain, Muse (Barkhad Abdi), who takes him hostage. Phillips and Muse are set on an unstoppable collision course when Muse and his crew target Phillips' unarmed ship; in the ensuing standoff, 145 miles off the Somali coast, both men will find themselves at the mercy of forces beyond their control."
Sully,2016,"Biography, Drama","On Thursday, January 15, 2009, the world witnessed the ""Miracle on the Hudson"" when pilot Chesley ""Sully"" Sullenberger glided his disabled plane onto the frigid waters of the Hudson River, saving the lives of all one hundred fifty-five aboard. However, even as Sully was being heralded by the public and the media for his unprecedented feat of aviation skill, an investigation was unfolding that threatened to destroy his reputation and his career."
A Beautiful Day in the Neighborhood,2019,"Biography, Drama, Family","Two-time Oscar®-winner Tom Hanks portrays Mister Rogers in A Beautiful Day in the Neighborhood, a timely story of kindness triumphing over cynicism, based on the true story of a real-life friendship between Fred Rogers and journalist Tom Junod. After a jaded magazine writer (Emmy winner Matthew Rhys) is assigned a profile of Fred Rogers, he overcomes his skepticism, learning about empathy, kindness, and decency from America's most beloved neighbor."
Jerry Maguire,1996,"Comedy, Drama, Romance","Jerry Maguire (Tom Cruise) is a successful sports agent. The biggest clients, the respect, a beautiful fiancée, he has it all. Until one night he questions his purpose. His place in the world, and finally comes to terms with what's wrong with his career and life. Recording all of his thoughts in a mission statement, Jerry feels he has a new lease on life. Unfortunately his opinions aren't met with enthusiasm from his superiors and after dishonorably being stripped of his high earning clients and elite status within the agency, Jerry steps out into the sports business armed with only one volatile client, Rod Tidwell (Cuba Gooding, Jr.), and the only person with belief in his abilities, Dorothy Boyd (Renée Zellweger), with the impossible task of rebuilding what he once had. Along the way, he faces the harsh truth which he'd ignored in the past and a host of hardships that he'd never faced before."
Rain Man,1988,Drama,"Charles Sanford ""Charlie"" Babbit is a self-centered Los Angeles-based automobile dealer/hustler/bookie who is at war with his own life. Charlie, as a young teenager, used his father's 1949 Buick convertible without permission and as a result, he went to jail for two days on account that his father reported it stolen. It is then that Charlie learns that his estranged father died and left him from his last will and testament a huge bed of roses and the car while the remainder will of $3 Million goes into a trust fund to be distributed to someone. Charlie seemed pretty angry by this and decides to look into this matter. It seems as if that ""someone"" is Raymond, Charlie's unknown brother, an autistic savant who lives in a world of his own, resides at the Walbrook Institute. Charlie then kidnaps Raymond and decides to take him on a lust for life trip to the west coast as a threat to get the $3 Million inheritance. Raymond's acts and nagging, including repeated talks of ""Abbott &amp; Costello"", ""Four minutes till Wapner"" and refusal to fly on an airline except Qantas drives Charlie insane... and out of his selfish world into a cross-country trek of pure love and understanding that these two both have."
A Few Good Men,1992,"Drama, Thriller","In this dramatic courtroom thriller, LT Daniel Kaffee, a Navy lawyer who has never seen the inside of the courtroom, defends two stubborn Marines who have been accused of murdering a colleague. Kaffee is known as being lazy and had arranged for a plea bargain. Downey's Aunt Ginny appoints Cmdr. Galloway to represent him. Also on the legal staff is LTJG Sam Weinberg. The team rounds up many facts and Kaffee is discovering that he is really cut out for trial work. The defense is originally based upon the fact that PFC Santiago, the victim, was given a ""CODE RED"". Santiago was basically a screw-up. At Gitmo, screw-ups aren't tolerated. Especially by Col. Nathan Jessup. In Cuba, Jessup and two senior officers try to give all the help they can, but Kaffee knows something's fishy. In the conclusion of the film, the fireworks are set off by a confrontation between Jessup and Kaffee."
Tropic Thunder,2008,"Action, Comedy, War","Action movie star Tugg Speedman is on the downslide of his professional career. He wants to be considered a serious actor, but his latest serious role as the title character in ""Simple Jack"" resulted in negative reviews and ridicule. Comedian Jeff Portnoy is best known for his leading roles in sophomoric comedies, and may be less well known for his rampant drug use. Five time Oscar winner Kirk Lazarus is a serious method actor, who immerses himself in whatever the role. On location in southeast Vietnam, they are the stars of ""Tropic Thunder"", based on Vietnam war veteran 'Four Leaf' Tayback's memoirs of his rescue during the war, that rescue which was considered a near suicide mission for the assigned army force and resulted in him losing both hands. For his role, Caucasian Australian Lazarus even went through a controversial surgical skin dying procedure so that he could convincingly play a black man. Production is not going well since rookie director Damien Cockburn is unable to control the prima-donna attitude of his three stars. Cockburn and Tayback decide that the five primary actors - Speedman, Portnoy, Lazarus, rapper Alpa Chino, and newcomer Kevin Sandusky - need to work together as a unit as did their real life characters. The five are placed in the middle of the jungle, and with only a map and their prop machine guns in hand, are asked to work together to battle through the stunt pyrotechnics in their way. What none of the seven of them know is that they have been dropped into a real life drug war led by the Flaming Dragons. It isn't until Speedman is captured by the Flaming Dragons and tortured that they all realize that what they believed was make believe gunfire and land mines was actually real life. As the four actors try to figure out what to do concerning Speedman's situation, all five go through their own journey of self-discovery. Meanwhile, the movie's megalomaniacal profanity spewing producer Les Grossman and Speedman's faithful agent Rick Peck argue about what to do about Speedman's situation. And Tayback inadvertently shows a little of his true self."
The Devil Wears Prada,2006,"Comedy, Drama","In New York, the simple and naive just-graduated in journalism Andrea Sachs is hired to work as the second assistant of the powerful and sophisticated Miranda Priestly, the ruthless and merciless executive of the Runway fashion magazine. Andrea dreams to become a journalist and faces the opportunity as a temporary professional challenge. The first assistant Emily advises Andrea about the behavior and preferences of their cruel boss, and the stylist Nigel helps Andrea to dress more adequately for the environment. Andrea changes her attitude and behavior, affecting her private life and the relationship with her boyfriend Nate, her family and friends. In the end, Andrea learns that life is made of choices."
Sophie's Choice,1982,"Drama, Romance","Sophie is the survivor of Nazi concentration camps, who has found a reason to live with Nathan, a sparkling if unsteady American Jew obsessed with the Holocaust. They befriend Stingo, the movie's narrator, a young American writer new to New York City. But the happiness of Sophie and Nathan is endangered by her ghosts and his obsessions."
Mamma Mia!,2008,"Comedy, Musical, Romance","Set on a colorful Greek island, the plot serves as a background for a wealth of ABBA songs. A young woman about to be married discovers that any one of three men could be her father. She invites all three to the wedding without telling her mother, Donna Sheridan (Meryl Streep), who was once the lead singer of Donna and the Dynamos. In the meantime, Donna has invited her back-up singers, Rosie Mulligan (Dame Julie Walters) and Tanya Wilkinson (Christine Baranski)."
Kramer vs. Kramer,1979,Drama,"Ted Kramer is a career man for whom his work comes before his family. His wife Joanna cannot take this anymore, so she decides to leave him. Ted is now faced with the tasks of housekeeping and taking care of himself and their young son Billy. When he has learned to adjust his life to these new responsibilities, Joanna resurfaces and wants Billy back. Ted, however, refuses to give him up, so they go to court to fight for the custody of their son."
Out of Africa,1985,"Biography, Drama, Romance","Follows the life of Karen Blixen, who establishes a plantation in Africa. Her life is complicated by a husband of convenience (Bror Blixen), a true love (Denys), troubles on the plantation, schooling of the natives, war, and catching VD from her husband."
Julie & Julia,2009,"Biography, Drama, Romance","Julia Child and Julie Powell - both of whom wrote memoirs - find their lives intertwined. Though separated by time and space, both women are at loose ends... until they discover that with the right combination of passion, fearlessness and butter, anything is possible."
Doubt,2008,"Drama, Mystery","It's 1964, St. Nicholas in the Bronx. A charismatic priest, Father Flynn, is trying to upend the school's strict customs, which have long been fiercely guarded by Sister Aloysius Beauvier, the iron-gloved Principal who believes in the power of fear-based discipline. The winds of political change are sweeping through the community, and indeed, the school has just accepted its first black student, Donald Miller. But when Sister James, a hopeful innocent, shares with Sister Aloysius her guilt-inducing suspicion that Father Flynn is paying too much personal attention to Donald, Sister Aloysius sets off on a personal crusade to unearth the truth and to expunge Flynn from the school. Now, without a shard of proof besides her moral certainty, Sister Aloysius locks into a battle of wills with Father Flynn which threatens to tear apart the community with irrevocable consequences."
Training Day,2001,"Crime, Drama, Thriller","In Los Angeles, a city where streets are overrun by drug dealers, those who have sworn to uphold the law are breaking them to clean up the streets. Denzel Washington plays L.A.P.D. detective Alonzo Harris, a veteran narcotics officer whose methods of enforcing the law are questionable, if not corrupt. 'Training Day' follows Harris as he trains rookie Jake Hoyt over a 24-hour period. Ethical dilemmas arise for Hoyt as well as the audience as questions present themselves as to whether or not Harris' methodology for ridding the streets of South Central Los Angeles of drugs is right or wrong."
Malcolm X,1992,"Biography, Drama, History","Biograpical epic of Malcolm X, the legendary African American leader. Born Malcolm Little, his father (a Garveyite Baptist minister) was killed by the Ku Klux Klan. Malcolm became a gangster, and while in jail discovered the Nation of Islam writings of Elijah Muhammad. He preaches the teachings when let out of jail, but later on goes on a pilgrimage to the city of Mecca, there he converts to the original Islamic religion and becomes a Sunni Muslim and changes his name to El-Hajj Malik Al-Shabazz. He is assassinated on February 21, 1965 and dies a Muslim martyr."
Flight,2012,"Drama, Thriller","Whip Whitaker is a commuter airline pilot. While on a flight from Orlando to Atlanta something goes wrong and the plane starts to fly erratically. With little choice Whip crashes the plane and saves almost all on board. When he wakes up in the hospital, his friend from the airline union introduces him to a lawyer who tells him there's a chance he could face criminal charges because his blood test reveals that he was intoxicated with alcohol and cocaine. He denies being impaired, so while an investigation is underway, he is told to keep his act together. However, letting go of his addiction is not as easy as it seems..."
Remember the Titans,2000,"Biography, Comedy, Drama","Suburban Virginia schools have been segregated for generations. One Black and one White high school are closed and the students sent to T.C. Williams High School under federal mandate to integrate. The year is seen through the eyes of the football team where the man hired to coach the Black school is made head coach over the highly successful white coach. Based on the actual events of 1971, the team becomes the unifying symbol for the community as the boys and the adults learn to depend on and trust each other."
American Gangster,2007,"Biography, Crime, Drama","Following the death of his employer and mentor, Bumpy Johnson, Frank Lucas establishes himself as the number one importer of heroin in the Harlem district of Manhattan. He does so by buying heroin directly from the source in South East Asia and he comes up with a unique way of importing the drugs into the United States. As a result, his product is superior to what is currently available on the street and his prices are lower. His alliance with the New York Mafia ensures his position. It is also the story of a dedicated and honest policeman, Richie Roberts, who heads up a joint narcotics task force with the Federal government. Based on a true story."
Man on Fire,2004,"Crime, Drama, Thriller","Hard-drinking, burnt-out ex-CIA operative John Creasy has given up on life until he's hired as a bodyguard to protect 9-year-old Pita Ramos. Bit by bit, Creasy begins to reclaim some of his soul, but when Pita is kidnapped, Creasy's fiery rage is finally released and he will stop at nothing to save her as he sets out on a dangerous, revenge-fueled rescue mission."
The Book of Eli,2010,"Action, Adventure, Drama","In a violent post-apocalyptic society, a drifter, Eli (Denzel Washington), has been wandering westward across North America for the last thirty years. He finds solace in a unique book which he carries on his person and guards closely, while surviving by hunting small animals and seeking goods in destroyed houses and vehicles to trade in villages for water and supplies. When he reaches a village ruled by the powerful mobster, Carnegie (Gary Oldman), the man views Eli's impressive fighting skills and offers Eli a place within his gang. Carnegie presses his blind lover Claudia (Jennifer Beals) to send her daughter, Solara (Mila Kunis), to at least convince Eli to spend the night by sleeping with him. However, Eli proves to be the better man when he gently declines her advances. The girl sees Eli's book, and when Carnegie finds out he beats her mother until she reveals what she saw. Carnegie sends his gang into the wasteland to take the book from Eli, but the man proves to be a formidable foe as he makes it more than clear that if they want the book, they must first take his life."
Everything Everywhere All at Once,2022,"Action, Adventure, Comedy",A middle-aged Chinese immigrant is swept up into an insane adventure in which she alone can save existence by exploring other universes and connecting with the lives she could have led.
No Country for Old Men,2007,"Crime, Drama, Thriller","In rural Texas, welder and hunter Llewelyn Moss (Josh Brolin) discovers the remains of several drug runners who have all killed each other in an exchange gone violently wrong. Rather than report the discovery to the police, Moss decides to simply take the two million dollars present for himself. This puts the psychopathic killer, Anton Chigurh (Javier Bardem), on his trail as he dispassionately murders nearly every rival, bystander and even employer in his pursuit of his quarry and the money. As Moss desperately attempts to keep one step ahead, the blood from this hunt begins to flow behind him with relentlessly growing intensity as Chigurh closes in. Meanwhile, the laconic Sheriff Ed Tom Bell (Tommy Lee Jones) blithely oversees the investigation even as he struggles to face the sheer enormity of the crimes he is attempting to thwart."
The Wrestler,2008,"Drama, Sport","This is a drama about an aging professional wrestler, decades past his prime, who now barely gets by working small wrestling shows in VFW halls and as a part-time grocery store employee. As he faces health problems that may end his wrestling career for good he attempts to come to terms with his life outside the ring: by working full time at the grocery store, trying to reconcile with the daughter he abandoned in childhood and forming a closer bond with a stripper he has romantic feelings for. He struggles with his new life and an offer of a high-profile rematch with his 1980s arch-nemesis, The Ayatollah, which may be his ticket back to stardom."
Spotlight,2015,"Biography, Crime, Drama","When the Boston Globe's tenacious ""Spotlight"" team of reporters delves into allegations of abuse in the Catholic Church, their year-long investigation uncovers a decades-long cover-up at the highest levels of Boston's religious, legal, and government establishment, touching off a wave of revelations around the world."
A Separation,2011,Drama,"Nader (Payman Maadi) and Simin (Leila Hatami) argue about living abroad. Simin prefers to live abroad to provide better opportunities for their only daughter, Termeh. However, Nader refuses to go because he thinks he must stay in Iran and take care of his father (Ali-Asghar Shahbazi), who suffers from Alzheimers. However, Simin is determined to get a divorce and leave the country with her daughter."
Selma,2014,"Biography, Drama, History","The unforgettable true story chronicles the tumultuous three-month period in 1965, when Dr. Martin Luther King, Jr. led a dangerous campaign to secure equal voting rights in the face of violent opposition. The epic march from Selma to Montgomery culminated in President Johnson signing the Voting Rights Act of 1965, one of the most significant victories for the civil rights movement. Director Ava DuVernay's ""Selma"" tells the story of how the revered leader and visionary Dr. Martin Luther King, Jr and his brothers and sisters in the movement prompted change that forever altered history."
Shoplifters,2018,"Crime, Drama, Thriller","A Japanese couple stuck with part-time jobs and hence inadequate incomes avail themselves of the fruits of shoplifting to make ends meet. They are not alone in this behaviour. The younger and the older of the household are in on the act. The unusual routine is about to change from care-free and matter-of-fact to something more dramatic, however, as the couple open their doors to a beleaguered young girl. The reasons for the family's habit and their motivations come under the microscope."
Knives Out,2019,"Comedy, Crime, Drama","When renowned crime novelist Harlan Thrombey (Christopher Plummer) is found dead at his estate just after his 85th birthday, the inquisitive and debonair Detective Benoit Blanc (Daniel Craig) is mysteriously enlisted to investigate. From Harlan's disfunctional family to his devoted staff, Blanc sifts through a web of red herrings and self-serving lies to uncover the truth behind Harlan's untimely death."
Paddington 2,2017,"Adventure, Comedy, Family","Paddington is happily settled with the Brown family in Windsor Gardens, where he has become a popular member of the community, spreading joy and marmalade wherever he goes. While searching for the perfect present for his beloved Aunt Lucy's 100th birthday, Paddington spots a unique pop-up book in Mr. Gruber's antique shop, and embarks upon a series of odd jobs to buy it. But when the book is stolen, it's up to Paddington and the Browns to unmask the thief."
The Holdovers,2023,"Comedy, Drama","A curmudgeonly instructor at a New England school remains on campus during Christmas break. He soon forms an unlikely bond with a brainy but damaged troublemaker, and with the school's cook, a woman who just lost a son in the Viet..."
The Wild Robot,2024,"Animation, Sci-Fi","After a shipwreck, an intelligent robot called Roz is stranded on an uninhabited island. To survive the harsh environment, Roz bonds with the island's animals and cares for an orphaned baby goose."
Short Term 12,2013,Drama,"At a foster-care facility for at-risk teenagers, Grace is a young counselor trying to do her best for kids who often have been pulled from the worst kinds of home situations. Even then, life is not easy as Grace and her colleagues care for kids who are too often profoundly scarred, even as they try to have lives of their own. Now, things are coming to a head as Grace readies for marriage even as some her charges are coming to major turning points in their lives. To cope, Grace will have to make difficult perceptions and decisions that could put her career, and more importantly her charges, at dire risk."
Portrait of a Lady on Fire,2019,"Drama, Romance","In 18th-century France young painter Marianne, is commissioned to do the wedding portrait of Héloïse without her knowing. Therefore, Marianne must observe her model by day to paint her portrait at night. Day by day, the two women become closer as they share Héloïse's last moments of freedom before the impending wedding."
The Big Sick,2017,"Comedy, Drama, Romance","Kumail (Kumail Nanjiani), in the middle of becoming a budding stand-up comedian, meets Emily (Zoe Kazan). Meanwhile, a sudden illness sets in forcing Emily to be put into a medically-induced coma. Kumail must navigate being a comedian, dealing with tragic illness, and placating his family's desire to let them fix him up with a spouse, while contemplating and figuring out who he really is and what he truly believes."
Your Name,2015,Short,"Ibe Riki and Riko Takeo are preparing for a wedding ceremony when Riko's younger brother Tenjyuki confesses to them the trouble. ""My sister gets married and released from our weird surname, but I remain with it."" An invitation letter to a mansion addressed to a person who is suffering from a weird family name arrives. Invited was an old woman who studies surnames."
Eighth Grade,2018,"Comedy, Drama","In his feature film directorial debut, comedian Bo Burnham deftly encapsulates the awkwardness, angst, self-loathing and reinvention that a teenage girl goes through on the cusp of high school. Given that the 27-year-old stand-up comic achieved fame as a teenager himself through YouTube by riffing on his insecurities, he is uniquely capable as the film's writer and director to tell the story of Kayla, an anxious girl navigating the final days of her eighth grade year, despite creating a protagonist female instead of male. Like Burnham did more than a decade ago, 13-year-old Kayla turns to YouTube to express herself, where she makes advice blogs in which she pretends to have it all together. In reality, Kayla is sullen and silent around her single father and her peers at school, carrying out most of her interactions with her classmates on Instagram and Twitter. Her YouTube videos are a clever narrative tool that provide insight into her inner hopes and dreams, much like an inspirational online diary. One of Eighth Grade's biggest triumphs is in its realism."
Pan's Labyrinth,2006,"Drama, Fantasy, War","In 1944 Falangist Spain, a girl, fascinated with fairy-tales, is sent along with her pregnant mother to live with her new stepfather, a ruthless captain of the Spanish army. During the night, she meets a fairy who takes her to an old faun in the center of the labyrinth. He tells her she's a princess, but must prove her royalty by surviving three gruesome tasks. If she fails, she will never prove herself to be the true princess and will never see her real father, the king, again."
Hunt for the Wilderpeople,2016,"Adventure, Comedy, Drama","Reclusive country folk Bella and Hector become foster parents to Ricky, a problem child from the city. After some adjustment, things go reasonably well. However, Bella's death means that Hector must now look after Ricky himself, and they haven't been getting along. Moreover, her death causes Child Services to decide to send Ricky back to the orphanage. Ricky refuses to go back and runs away, ultimately sparking a national manhunt for him and Hector."
Lady Bird,2017,"Comedy, Drama","Christine ""Lady Bird"" McPherson (Saoirse Ronan) is a high school senior from the ""wrong side of the tracks"". She longs for adventure, sophistication, and opportunity, but finds none of that in her Sacramento Catholic high school. This movie follows the title character's senior year in high school, including her first romance, her participation in the school play, and most importantly, her applying for college."
Persepolis,2007,"Animation, Biography, Drama","In 1970s Iran, Marjane 'Marji' Satrapi watches events through her young eyes and her idealistic family of a long dream being fulfilled of the hated Shah's defeat in the Iranian Revolution of 1979. However as Marji grows up, she witnesses first hand how the new Iran, now ruled by Islamic fundamentalists, has become a repressive tyranny on its own. With Marji dangerously refusing to remain silent at this injustice, her parents send her abroad to Vienna to study for a better life. However, this change proves an equally difficult trial with the young woman finding herself in a different culture loaded with abrasive characters and profound disappointments that deeply trouble her. Even when she returns home, Marji finds that both she and homeland have changed too much and the young woman and her loving family must decide where she truly belongs."
Star Trek,2009,"Action, Adventure, Sci-Fi","On the day of James T. Kirk's birth, his father dies on his damaged starship in a last stand against a Romulan mining vessel looking for Ambassador Spock, who in this time, has grown on Vulcan disdained by his neighbors for his half-human heritage. 25 years later, James T. Kirk has grown into a young rebellious troublemaker. Challenged by Captain Christopher Pike to realize his potential in Starfleet, he comes to annoy academy instructors like Commander Spock. Suddenly, there is an emergency on Vulcan and the newly-commissioned USS Enterprise is crewed with promising cadets like Nyota Uhura, Hikaru Sulu, Pavel Chekov and even Kirk himself, thanks to Leonard McCoy's medical trickery. Together, this crew will have an adventure in the final frontier where the old legend is altered forever as a new version of the legend begins."
Hell or High Water,2016,"Crime, Drama, Thriller","In Texas, after the death of his mother, the unemployed oil and gas worker Toby Howard is losing his ranch to the Texas Midlands Bank. Toby is divorced from his wife who lives with their two sons. When his brother Tanner Howard is released from the prison, they team up to rob agencies of the Texas Midlands Bank to raise money to pay the loan so that Toby may leave the real estate to his sons. Meanwhile the Texas Ranger Marcus Hamilton who is near retirement and his Native American-descendant partner Alberto Parker try to anticipate the next move of the thieves."
The Handmaiden,2016,"Drama, Romance, Thriller","1930s Korea, in the period of Japanese occupation, a new girl (Sookee) is hired as a handmaiden to a Japanese heiress (Hideko) who lives a secluded life on a large countryside estate with her domineering Uncle (Kouzuki). But the maid has a secret. She is a pickpocket recruited by a swindler posing as a Japanese Count to help him seduce the Lady to elope with him, rob her of her fortune, and lock her up in a madhouse. The plan seems to proceed according to plan until Sookee and Hideko discover some unexpected emotions."
The Band's Visit,2007,"Comedy, Drama, Music","On an ordinary day, the Alexandria Ceremonial Police Orchestra arrives in Israel from Egypt for a cultural event, only find there is no delegation to meet them, nor any arrangements to get to their destination of Petah Tiqva. When they find their own ride, they arrive instead at the remote town of Beit Hatikva. Stuck there until the next morning's bus, the band, led by the repressed Tawfiq Zacharaya, gets help from the worldly lunch owner, Dina, who offers to put them up for the night. As the band settles in as best it can, each of the members attempts to get along with the natives in their own way. What follows is a special night of quiet happenings and confessions as the band makes its own impact on the town and the town on them."
Leave No Trace,2018,"Adventure, Drama","Will (Ben Foster) and his teenage daughter, Tom (Thomasin Harcourt McKenzie), have lived off the grid for years in the forests of Portland, Oregon. When their idyllic life is shattered, both are put into social services. After clashing with their new surroundings, Will and Tom set off on a harrowing journey back to their wild homeland. The film is directed by Debra Granik from a script adapted by Granik and Anne Rosellini."
Casino Royale,2006,"Action, Adventure, Thriller","James Bond (Daniel Craig) goes on his first mission as a 00. Le Chiffre (Mads Mikkelsen) is a banker to the world's terrorists. He is participating in a poker game at Montenegro, where he must win back his money, in order to stay safe amongst the terrorist market. The boss of MI6, known simply as ""M"" (Dame Judi Dench) sends Bond, along with Vesper Lynd Eva Green) to attend this game and prevent Le Chiffre from winning. Bond, using help from Felix Leiter (Jeffrey Wright), Rene Mathis (Giancarlo Giannini), and having Vesper pose as his partner, enters the most important poker game in his already dangerous career. But if Bond defeats Le Chiffre, will he and Vesper Lynd remain safe?"
The Artist,2011,"Comedy, Drama, Romance","Outside a movie premiere, enthusiastic fan Peppy Miller literally bumps into the swashbuckling hero of the silent film, George Valentin. The star reacts graciously and Peppy plants a kiss on his cheek as they are surrounded by photographers. The headlines demand: ""Who's That Girl?"" and Peppy is inspired to audition for a dancing bit-part at the studio. However as Peppy slowly rises through the industry, the introduction of talking-pictures turns Valentin's world upside-down."
A Prophet,2009,"Crime, Drama","Nineteen year-old Franco-Algerian Malik El Djebena is just starting his six year prison sentence in Brécourt. Although he has spent the better part of his life in juvenile detention, this stint is his first in an adult prison. Beyond the division of Corsicans and Muslims in the prison (the Corsicans who with their guard connections rule what happens in the prison), he has no known friends or enemies inside. He is just hoping to serve his time in peace and without incident, despite having no prospects once he's out of jail since he's illiterate and has no support outside of the prison. Due to logistics, the head of Corsican inmates, a sadistic mafioso named César Luciani, co-opts Malik as part of the Corsicans' activities, not only regarding what happens inside the prison, but also continued criminal activities outside. The innocent Malik has no idea what to do but cooperate. This move does not sit well with the other Corsicans, who only see Malik as a dirty Algerian, and the Muslims who now mistrust him. But as time goes on, Malik works to save himself while in prison, while setting up his life post prison on his own terms. Both his demon and his salvation in prison is the specter of one of the first people he really got to know during his incarceration."
Before Sunset,2004,"Drama, Romance","Early thirty-something American Jesse Wallace is in a Paris bookstore, the last stop on a tour to promote his best selling book, This Time. Although he is vague to reporters about the source material for the book, it is about his chance encounter nine years earlier on June 15-16, 1994 with a Parisienne named Celine, and the memorable and romantic day and evening they spent together in Vienna. At the end of their encounter at the Vienna train station, which is also how the book ends, they, not providing contact information to the other, vowed to meet each other again in exactly six months at that very spot. As the media scrum at the bookstore nears its conclusion, Jesse spots Celine in the crowd, she who only found out about the book when she earlier saw his photograph promoting this public appearance. Much like their previous encounter, Jesse and Celine, who is now an environmental activist, decide to spend time together until he is supposed to catch his flight back to New York, this time only being about an hour. Beyond the issue of the six month meeting, what has happened in their lives in the intervening nine years, and their current lives, they once again talk about their philosophies of life and love, this time with the knowledge of their day together and how it shaped what has happened to them."
The Lego Movie,2014,"Animation, Action, Adventure","The LEGO Movie is a 3D animated film which follows lead character, Emmet a completely ordinary LEGO mini-figure who is identified as the most ""extraordinary person"" and the key to saving the Lego universe. Emmet and his friends go on an epic journey to stop the evil tyrant, Lord Business."
Soul,2020,"Animation, Adventure, Comedy","Joe is a middle-school band teacher whose life hasn't quite gone the way he expected. His true passion is jazz and he's good. But when he travels to another realm to help someone find their passion, he soon discovers what it means to have soul."
Creed,2015,"Action, Drama, Sport","Adonis Johnson is the son of the famous boxing champion Apollo Creed, who died in a boxing match in Rocky IV (1985). Adonis wasn't born until after his father's death and wants to follow his fathers footsteps in boxing. He seeks a mentor who is the former heavyweight boxing champion and former friend of Apollo Creed, the retired Rocky Balboa. Rocky eventually agrees to mentor Adonis. With Rocky's help they hope to get a title job to face even deadlier opponents than his father. But whether he is a true fighter remains to be seen...."
La haine,1995,"Crime, Drama","The film follows three young men and their time spent in the French suburban ""ghetto,"" over a span of twenty-four hours. Vinz, a Jew, Saïd, an Arab, and Hubert, a black boxer, have grown up in these French suburbs where high levels of diversity coupled with the racist and oppressive police force have raised tensions to a critical breaking point. During the riots that took place a night before, a police officer lost his handgun in the ensuing madness, only to leave it for Vinz to find. Now, with a newfound means to gain the respect he deserves, Vinz vows to kill a cop if his friend Abdel dies in the hospital, due the beating he received while in police custody."
Kubo and the Two Strings,2016,"Animation, Action, Adventure","Kubo lives a quiet, normal life in a small shoreside village until a spirit from the past turns his life upside down by re-igniting an age-old vendetta. This causes all sorts of havoc as gods and monsters chase Kubo who, in order to survive, must locate a magical suit of armor once worn by his late father, a legendary Samurai warrior."
Starred Up,2013,"Crime, Drama, Thriller","Eric Love is a 19 year old teenager who is so violent he has been 'Starred Up' (Moved to Adult prison) where he finds his father Neville who Eric hasn't seen since he was 5 (since he was put into care). Neville tries to get Eric to settle down, so Eric gets a chance to go through therapy with Oliver."
John Wick: Chapter 4,2023,"Action, Crime, Thriller","John Wick uncovers a path to defeating The High Table. But before he can earn his freedom, Wick must face off against a new enemy with powerful alliances across the globe and forces that turn old friends into foes."
Eternal Sunshine of the Spotless Mind,2004,"Drama, Romance, Sci-Fi","Much to his surprise, timid Joel Barish is shocked to discover that the love of his life, sparky Clementine, has had him erased from her memory. To pay her back in the same coin, poor Joel summons up the courage to undergo a painless but intricate medical procedure to do the same, utterly unaware that darkness is an essential part of the light. Now, as hurt and angry Joel's ugly recollections of Clementine gradually fade away, giving way to a soulless black void, suddenly, he begins having second thoughts, toying with the idea of stopping the irreversible process. In the end, is ignorance really bliss?"
Monsieur Lazhar,2011,"Comedy, Drama","Bachir Lazhar, an Algerian immigrant, is hired to replace an elementary school teacher who died tragically. While the class goes through a long healing process, nobody in the school is aware of Bachir's painful former life; nor that he is at risk of being deported at any moment. Adapted from Evelyne de la Cheneliere's play, Bachir Lazhar depicts the encounter between two distant worlds and the power of self-expression. Using great sensitivity and humor, Philippe Falardeau follows a humble man who is ready to transcend his own loss in order to accompany children beyond the silence and taboo of death."
Sideways,2004,"Comedy, Drama, Romance","A week before his friend Jack is to be married, best man Miles and the prospective groom head off to wine country for a week of fun, relaxation and - of course - wine drinking. Miles is the oenophile and does his best to teach Jack a bit about the art of appreciating great wine. All Jack cares about is drinking and carousing, something he accomplishes when he meets the attractive Stephanie at one of the vineyards. Miles is something of a sad sack, a high school English teacher who is a failed writer at heart. He has yet to get over the fact that his wife has divorced him and that she has remarried and he now faces that nerve racking wait for word from a prospective publisher. Miles has an opportunity to start anew when he meets Stephanie's friend Maya but when he let's slip that Jack is about to be married any hope of a relationship seems to be lost."
Before Midnight,2013,"Drama, Romance","It has been nine years since we last met Jesse and Celine, the French-American couple who once met on a train in Vienna. They now live in Paris with twin daughters, but have spent a summer in Greece on the invitation of an author colleague of Jesse's. When the vacation is over and Jesse must send his teenage son off to the States, he begins to question his life decisions, and his relationship with Celine is at risk."
BlacKkKlansman,2018,"Biography, Comedy, Crime","In the early 1970s, Ron Stallworth is hired as the first black officer in the Colorado Springs, Colorado police department. Stallworth is initially assigned to work in the records room, where he faces racial slurs from his coworkers. Stallworth requests a transfer to go undercover, and is assigned to infiltrate a local rally at which national civil rights leader Kwame Ture (birth name Stokely Carmichael) is to give a speech. At the rally, Stallworth meets Patrice Dumas, the president of the black student union at Colorado College. While taking Ture to his hotel, Patrice is stopped by patrolman Andy Landers, a corrupt, racist officer in Stallworth's precinct, who threatens Ture and sexually assaults Patrice.."
Sing Street,2016,"Comedy, Drama, Music","As everybody moves to the beat of Pop music in early-1980s-Dublin, the sensitive teenager, Conor, struggles to cope with a tense family relationship; reconnect with his older brother, Brendan, and, above all, deal with the hostile environment in his new public school. Then, one day, he sees her. Tall, with long chestnut hair, a buttery complexion, and big, dark eyes; an enigmatically beautiful girl standing in front of the school's gate, indolently observing people passing by. To get noticed by the distant girl, Raphina, Conor enlists the help of a group of teenage dreamers to form a band--and, surprisingly--with every lyric he writes, the gap narrows, and with every song he plays, her heart brims with affection. Now, before a sea of opportunities, what does the future hold for a brave love like this?"
Boyhood,2014,Drama,"Filmed over 12 years with the same cast, Richard Linklater's BOYHOOD is a groundbreaking story of growing up as seen through the eyes of a child named Mason (a breakthrough performance by Ellar Coltrane), who literally grows up on screen before our eyes. Starring Ethan Hawke and Patricia Arquette as Mason's parents and newcomer Lorelei Linklater as his sister Samantha, BOYHOOD charts the rocky terrain of childhood like no other film has before. Snapshots of adolescence from road trips and family dinners to birthdays and graduations and all the moments in between become transcendent, set to a soundtrack spanning the years from Coldplay's Yellow to Arcade Fire's Deep Blue. BOYHOOD is both a nostalgic time capsule of the recent past and an ode to growing up and parenting."
Marriage Story,2019,"Drama, Romance","MARRIAGE STORY is Academy Award nominated filmmaker Noah Baumbach's incisive and compassionate look at a marriage breaking up and a family staying together. The film stars Scarlett Johansson and Adam Driver. Laura Dern, Alan Alda, and Ray Liotta co-star."
Lost in Translation,2003,"Comedy, Drama","Middle-aged American movie star Bob Harris is in Tokyo to film a personal endorsement Suntory whiskey ad solely for the Japanese market. He is past his movie star prime, but his name and image still have enough cachet for him to have gotten this lucrative $2 million job. He has an unsatisfying home life where his wife Lydia follows him wherever he goes - in the form of messages and faxes - for him to deal with the minutiae of their everyday lives, while she stays at home to look after their kids. Staying at the same upscale hotel is fellow American, twenty-something recent Yale Philosophy graduate Charlotte, her husband John, an entertainment still photographer, who is on assignment in Japan. As such, she is largely left to her own devices in the city, especially when his job takes him out of Tokyo. Both Bob and Charlotte are feeling lost by their current situations, which are not helped by the cultural barriers they feel in Tokyo, those cultural barriers extending far beyond just not knowing the language. After a few chance encounters in the hotel, they end up spending much of their time hanging out together, each helping the other deal with their feelings of loss in their current lives. The friendship that develops between the two, which is not always a bumpy-free one, may be just for this specific place and time, but it may also have long lasting implications."
The Diving Bell and the Butterfly,2007,"Biography, Drama","Forty-three year old Elle magazine editor Jean-Dominique Bauby - Jean-Do to his friends - awakens not knowing where he is. He is in a Berck-sur-Mer hospital, where he has been for the past several weeks in a coma after suffering a massive stroke. Although his cognitive facilities are intact, he quickly learns that he has what is called locked-in syndrome which has resulted in him being almost completely paralyzed, including not being able to speak. One of his few functioning muscles is his left eye. His physical situation and hospitalization uncomfortably bring together the many people in his life, including: Céline Desmoulins, his ex-lover and mother of his children; Inès, his current lover; and his aged father who he calls Papinou. Among his compassionate recuperative team are his physical therapist Marie, and his speech therapist Henriette. Henriette eventually teaches him to communicate using a system where he spells out words: she reads out the letters of the alphabet in descending order of their use in the French language, and he blinks his functioning left eye when she reaches the appropriate letter. Although frustrating at start, he learns to communicate effectively but slowly using this method, so much so that with the help of Claude, a full time translator, he decides on the monumental and seemingly impossible task to keep to his pre-injury commitment of writing a book, changing its focus to life in his current state."
The Straight Story,1999,"Biography, Drama","Seventy-three year old Alvin Straight is a simple living and stubborn man who lives on his social security. He needs to do things on his own terms. He is in failing health. Both his hips are shot, which requires him to use two canes to walk. He is diabetic. He has emphysema from years of smoking. And he has poor eyesight. Beyond the obvious maladies, he doesn't tell his mentally disabled daughter Rose, who lives with him, of many of these issues. He learns that his brother Lyle Straight, from who he has been estranged for ten years, has just suffered a heart attack. Because of both his and Lyle's mortality, Alvin wants to make peace with his brother before it's too late, which means traveling from his home in the rural town of Laurens, Iowa to Lyle's home in rural Mount Zion, Wisconsin. As with other issues in his life, he needs to make the trip on his own terms, which means on his own. As he doesn't possess a driver's license and since his eyesight is bad, he decides to make the trip driving his aged riding lawn mover towing a trailer which will carry his gear and double as his sleeping quarters. After one mis-start, he is on his way. On that trip, he affects and is affected by those he encounters. But he just hopes that he can finish the trip the way he started it, and before either he, Lyle or the lawn mower give out for good."
True Grit,2010,"Drama, Western","Following the murder of her father by hired hand Tom Chaney, 14-year-old farm girl Mattie Ross sets out to capture the killer. To aid her, she hires the toughest U.S. marshal she can find, a man with ""true grit,"" Reuben J. ""Rooster"" Cogburn. Mattie insists on accompanying Cogburn, whose drinking, sloth, and generally reprobate character do not augment her faith in him. Against his wishes, she joins him in his trek into the Indian Nations in search of Chaney. They are joined by Texas Ranger LaBoeuf, who wants Chaney for his own purposes. The unlikely trio find danger and surprises on the journey, and each has his or her ""grit"" tested."
Room,2015,"Drama, Thriller","ROOM tells the extraordinary story of Jack, a spirited 5-year-old who is looked after by his loving and devoted mother. Like any good mother, Ma dedicates herself to keeping Jack happy and safe, nurturing him with warmth and love and doing typical things like playing games and telling stories. Their life, however, is anything but typical--they are trapped--confined to a 10-by-10-foot space that Ma has euphemistically named Room. Ma has created a whole universe for Jack within Room, and she will stop at nothing to ensure that, even in this treacherous environment, Jack is able to live a complete and fulfilling life. But as Jack's curiosity about their situation grows, and Ma's resilience reaches its breaking point, they enact a risky plan to escape, ultimately bringing them face-to-face with what may turn out to be the scariest thing yet: the real world."
Mother,2009,"Crime, Drama, Mystery","A mother lives quietly with her twenty-eight-year-old son, Do-joon, providing herbs and acupuncture to neighbors. One day, a girl is brutally murdered, and Do-joon is charged with the killing. Now, it's his mother's call whether to prove him innocent or to leave him imprisoned."
In the Mood for Love,2000,"Drama, Romance","Set in Hong Kong, 1962, Chow Mo-Wan is a newspaper editor who moves into a new building with his wife. At the same time, Su Li-zhen, a beautiful secretary and her executive husband also move in to the crowded building. With their spouses often away, Chow and Li-zhen spend most of their time together as friends. They have everything in common from noodle shops to martial arts. Soon, they are shocked to discover that their spouses are having an affair. Hurt and angry, they find comfort in their growing friendship even as they resolve not to be like their unfaithful mates."
Hidden Figures,2016,"Biography, Drama, History","As the United States raced against Russia to put a man in space, NASA found untapped talent in a group of African-American female mathematicians that served as the brains behind one of the greatest operations in U.S. history. Based on the unbelievably true life stories of three of these women, known as ""human computers"", we follow these women as they quickly rose the ranks of NASA alongside many of history's greatest minds specifically tasked with calculating the momentous launch of astronaut John Glenn into orbit, and guaranteeing his safe return. Dorothy Vaughan, Mary Jackson, and Katherine Gobels Johnson crossed all gender, race, and professional lines while their brilliance and desire to dream big, beyond anything ever accomplished before by the human race, firmly cemented them in U.S. history as true American heroes."
Call Me by Your Name,2017,"Drama, Romance","CALL ME BY YOUR NAME, the new film by Luca Guadagnino, is a sensual and transcendent tale of first love, based on the acclaimed novel by André Aciman. It's the summer of 1983 in the north of Italy, and Elio Perlman (Timothée Chalamet), a precocious 17-year-old young man, spends his days in his family's 17th-century villa transcribing and playing classical music, reading, and flirting with his friend Marzia (Esther Garrel). Elio enjoys a close relationship with his father (Michael Stuhlbarg), an eminent professor specializing in Greco-Roman culture, and his mother Annella (Amira Casar), a translator, who favor him with the fruits of high culture in a setting that overflows with natural delights. While Elio's sophistication and intellectual gifts suggest he is already a fully-fledged adult, there is much that yet remains innocent and unformed about him, particularly about matters of the heart. One day, Oliver (Armie Hammer), a 24-year-old American college graduate student working on his doctorate, arrives as the annual summer intern tasked with helping Elio's father. Amid the sun-drenched splendor of the setting, Elio and Oliver discover the heady beauty of awakening desire over the course of a summer that will alter their lives forever."
Air,2023,"Drama, Sport",The history of the game-changing partnership between a then undiscovered Michael Jordan and Nike's fledgling basketball division which revolutionized the world of sports and culture with the Air Jordan brand.
Dune: Part Two,2024,"Action, Adventure, Drama","Duke Paul Atreides joins the Fremen and begins a spiritual and martial journey to become Muad'dib, while trying to prevent the horrible but inevitable future he's witnessed: a Holy War in his name, spreading throughout the known universe."
Shaun of the Dead,2004,"Comedy, Horror","Shaun (Simon Pegg) doesn't have a very good day, so he decides to turn his life around by getting his ex to take him back, but he times it for right in the middle of what may be a zombie apocalypse. But for him, it's an opportunity to show everyone he knows how useful he is by saving them all. All he has to do is survive, and get his ex back."
Amores Perros,2000,"Drama, Thriller","On the brink of the new Millennium in the bustling City of Mexico, one horrible car accident intertwines inextricably the lives of three perfect strangers. Octavio, a rebellious adolescent who is secretly in love with his sister-in-law, dreams of escaping his miserable life, and for this reason, he enters reluctantly the obscure world of dog fighting with his lethal dog Cofi. And then unexpectedly, Valeria, a stunning woman and famous supermodel, will cross paths with Octavio, while in the meantime, her pampered little dog Richie manages to vanish into thin air in the confined space of her apartment. Lastly, Chivo, an ex-guerrilla vagabond, after abandoning his little daughter, unable to make up for lost time, he channels his love to the city's strays and a mortally wounded Rottweiler. In the end, even though all the weary characters, men and beasts, wish for a bright future, in this life-changing journey in the pursuit of love, sometimes infidelity, sin and death can get in the way."
The Triplets of Belleville,2003,"Animation, Adventure, Comedy","Madame Souza, an elderly woman, instills in her grandson Champion (for who she acts as his guardian) a love of cycling. As a young man, he does become a dedicated road racer with his grandmother as his trainer. During a mountainous leg of the Tour de France in which Champion is racing, he goes missing. Evidence points to him being kidnapped. Indeed, he and two of his competitors were kidnapped, the kidnappers who want to use the threesome's unique skills for nefarious purposes. With Champion's overweight and faithful pet dog Bruno at her side, Madame Souza goes looking for Champion. Their trek takes them overseas to the town of Belleville. Without any money, Madame Souza and Bruno are befriended and taken in by three eccentric elderly women, who were once the renowned jazz singing group The Triplets of Belleville. The triplets help Madame Souza and Bruno try to locate and rescue Champion."
The Lives of Others,2006,"Drama, Mystery, Thriller","Gerd Wiesler is an officer with the Stasi, the East German secret police. The film begins in 1984 when Wiesler attends a play written by Georg Dreyman, who is considered by many to be the ultimate example of the loyal citizen. Wiesler has a gut feeling that Dreyman can't be as ideal as he seems, and believes surveillance is called for. The Minister of Culture agrees but only later does Wiesler learn that the Minister sees Dreyman as a rival and lusts after his partner Christa-Maria. The more time he spends listening in on them, the more he comes to care about them. The once rigid Stasi officer begins to intervene in their lives, in a positive way, protecting them whenever possible. Eventually, Wiesler's activities catch up to him and while there is no proof of wrongdoing, he finds himself in menial jobs - until the unbelievable happens."
Princess Mononoke,1997,"Animation, Adventure, Fantasy","While protecting his village from rampaging boar-god/demon, a confident young warrior, Ashitaka, is stricken by a deadly curse. To save his life, he must journey to the forests of the west. Once there, he's embroiled in a fierce campaign that humans were waging on the forest. The ambitious Lady Eboshi and her loyal clan use their guns against the gods of the forest and a brave young woman, Princess Mononoke, who was raised by a wolf-god. Ashitaka sees the good in both sides and tries to stem the flood of blood. This is met by animosity by both sides as they each see him as supporting the enemy."
The Bourne Ultimatum,2007,"Action, Mystery, Thriller","Bourne is once again brought out of hiding, this time inadvertently by London-based reporter Simon Ross who is trying to unveil Operation Blackbriar--an upgrade to Project Treadstone--in a series of newspaper columns. Bourne sets up a meeting with Ross and realizes instantly they're being scanned. Information from the reporter stirs a new set of memories, and Bourne must finally, ultimately, uncover his dark past whilst dodging The Company's best efforts in trying to eradicate him."
Almost Famous,2000,"Adventure, Comedy, Drama","The early 1970s. William Miller is 15-years old and an aspiring rock journalist. He gets a job writing for Rolling Stone magazine. His first assignment: tour with the band Stillwater and write about the experience. Miller will get to see what goes on behind the scenes in a famous band, including the moments when things fall apart. Moreover, for him, it will be a period of new experiences and finding himself."
Wild Tales,2014,"Comedy, Drama, Thriller","The film is divided into six segments. (1) ""Pasternak"": While being on a plane, a model and a music critic realise they have a common acquaintance called Pasternak. Soon they discover that every passenger and crew member on board know Pasternak. Is this coincidence? (2) ""The Rats"": A waitress recognizes her client - it's the loan shark who caused a tragedy in her family. The cook suggests mixing rat poison with his food, but the waitress refuses. The stubborn cook, however, decides to proceed with her plan. (3) ""The Strongest"": Two drivers on a lone highway have an argument with tragic consequences. (4) ""Little Bomb"": A demolition engineer has his car towed by a truck for parking in a wrong place and he has an argument with the employee of the towing company. This event destroys his private and professional life, and he plots revenge against the corrupt towing company and the city hall. (5) ""The Proposal"": A reckless son of a wealthy family has an overnight hit-and-run accident, in which a pregnant woman gets killed. He wakes his parents up and his father calls the lawyer. The parents propose to pay the groundkeeper to take the blame for the boy. Soon the father discovers that he is a victim of extortion of his lawyer and the public prosecutor in charge of the investigation. What will be his decision? (6) ""Until Death Do Us Apart"": During the wedding party, the bride discovers that her newlywed husband has been cheating on her with one of the guests, and she decides to pay him back."
City of God,2002,"Crime, Drama","Brazil, 1960s, City of God. The Tender Trio robs motels and gas trucks. Younger kids watch and learn well...too well. 1970s: Li'l Zé has prospered very well and owns the city. He causes violence and fear as he wipes out rival gangs without mercy. His best friend Bené is the only one to keep him on the good side of sanity. Rocket has watched these two gain power for years, and he wants no part of it. he keeps getting swept up in the madness. All he wants to do is take pictures. 1980s: Things are out of control between the last two remaining gangs...will it ever end? Welcome to the City of God."
Shang-Chi and the Legend of the Ten Rings,2021,"Action, Adventure, Fantasy","Shang-Chi, the master of weaponry-based Kung Fu, is forced to confront his past after being drawn into the Ten Rings organization."
Run Lola Run,1998,"Action, Crime, Thriller","Lola receives a phone call from her boyfriend Manni. He lost 100,000 DM in a subway train that belongs to a very bad guy. Lola has 20 min to raise this amount and meet Manni. Otherwise, he will rob a store to get the money. Three different alternatives may happen depending on some minor event along Lola's run."
Spider-Man: Far from Home,2019,"Action, Adventure, Comedy","Our friendly neighborhood Super Hero decides to join his best friends Ned, MJ, and the rest of the gang on a European vacation. However, Peter's plan to leave super heroics behind for a few weeks are quickly scrapped when he begrudgingly agrees to help Nick Fury uncover the mystery of several elemental creature attacks, creating havoc across the continent."
Amélie,2001,"Comedy, Romance","Amélie is a story about a girl named Amélie whose childhood was suppressed by her Father's mistaken concerns of a heart defect. With these concerns Amélie gets hardly any real-life contact with other people. This leads Amélie to resort to her own fantastical world and dreams of love and beauty. She later on becomes a young woman and moves to the central part of Paris as a waitress. After finding a lost treasure belonging to the former occupant of her apartment, she decides to return it to him. After seeing his reaction and his new found perspective - she decides to devote her life to the people around her. Such as, her father who is obsessed with his garden-gnome, a failed writer, a hypochondriac, a man who stalks his ex girlfriends, the ""ghost,"" a suppressed young soul, the love of her life and a man whose bones are as brittle as glass. But after consuming herself with these escapades - she finds out that she is disregarding her own life and damaging her quest for love. Amélie then discovers she must become more aggressive and take a hold of her life and capture the beauty of love she has always dreamed of."
Central Station,1998,Drama,"Dora, a dour old woman who hates customers and calls them 'trash,' works at a Rio de Janeiro central station writing and mailing letters for customers. Josue is a 9-year-old boy who never met his father. His mother is sending letters to his father through Dora. When she dies in a car accident, Dora takes Josue on a trip to find his father."
John Wick,2014,"Action, Crime, Thriller","With the untimely death of his beloved wife still bitter in his mouth, John Wick, the expert former assassin, receives one final gift from her--a precious keepsake to help John find a new meaning in life now that she is gone. But when the arrogant Russian mob prince, Iosef Tarasov, and his men pay Wick a rather unwelcome visit to rob him of his prized 1969 Mustang and his wife's present, the legendary hitman will be forced to unearth his meticulously concealed identity. Blind with revenge, John will immediately unleash a carefully orchestrated maelstrom of destruction against the sophisticated kingpin, Viggo Tarasov, and his family, who are fully aware of his lethal capacity. Now, only blood can quench the boogeyman's thirst for retribution."
John Wick: Chapter 2,2017,"Action, Crime, Thriller","Bound by an inescapable blood debt to the Italian crime lord, Santino D'Antonio, and with his precious 1969 Mustang still stolen, John Wick--the taciturn and pitiless assassin who thirsts for seclusion--is forced to visit Italy to honour his promise. But, soon, the Bogeyman will find himself dragged into an impossible task in the heart of Rome's secret criminal society, as every killer in the business dreams of cornering the legendary Wick who now has an enormous price on his head. Drenched in blood and mercilessly hunted down, John Wick can surely forget a peaceful retirement as no one can make it out in one piece."
John Wick: Chapter 3 - Parabellum,2019,"Action, Crime, Thriller","In this third installment of the adrenaline-fueled action franchise, skilled assassin John Wick (Keanu Reeves) returns with a $14 million price tag on his head and an army of bounty-hunting killers on his trail. After killing a member of the shadowy international assassin's guild, the High Table, John Wick is excommunicado, but the world's most ruthless hit men and women await his every turn."
The Matrix Reloaded,2003,"Action, Sci-Fi","In this second adventure, Neo and the rebel leaders estimate that they have 72 hours until Zion falls under siege to the Machine Army. Only a matter of hours separates the last human enclave on Earth from 250,000 Sentinels programmed to destroy mankind. But the citizens of Zion, emboldened by Morpheus conviction that the One will fulfill the Oracles Prophecy and end the war with the Machines, rest all manner of hope and expectation on Neo, who finds himself stalled by disturbing visions as he searches for a course of action."
The Matrix Revolutions,2003,"Action, Sci-Fi","Neo finds himself trapped between the Matrix and the Real World. Meanwhile, Zion is preparing for the oncoming war with the machines with very little chances of survival. Neo's associates set out to free him from The Merovingian since it's believed that he is the One who will end the war between humans and the machines. What they do not know is that there is a threat from a third party, someone who has plans to destroy both worlds."
The Matrix Resurrections,2021,"Action, Sci-Fi","Return to a world of two realities: one, everyday life; the other, what lies behind it. To find out if his reality is a construct, to truly know himself, Mr. Anderson will have to choose to follow the white rabbit once more."
Speed,1994,"Action, Adventure, Thriller","When a young Los Angeles police department, Special Weapons and Tactics (S.W.A.T.) officer called Jack Traven angers retired Atlanta police department bomb squad member Howard Payne, by foiling his attempt at taking hostages stuck in an elevator with a bomb, Payne in retaliation arms a bus with a bomb that will explode if it drops below 50 miles per hour. With the help of spunky passenger Annie, Jack and his partner Detective Harry Temple try to save the people on the bus before the bomb goes off, while also trying to figure out how Payne is monitoring them."
Point Break,1991,"Action, Crime, Thriller","In Los Angeles, California, a gang of bank robbers call themselves The Ex-Presidents. commit their crimes while wearing masks of ex-Presidents Reagan, Carter, Nixon, and Johnson. The F.B.I. believes that the members of the gang could be surfers, and send young Agent Johnny Utah undercover at the beach to mix with the surfers and gather information. Utah meets surfer Bodhi, and gets drawn into the lifestyle of his new friend."
Constantine,2005,"Action, Fantasy, Horror","John Constantine is approached by Det. Angela Dodson who needs his help to prove that her twin sister Isabel's death was not a suicide. The dead woman was a devout Catholic and Angela refuses to accept she would have taken her own life. She's asked Constantine for help because he has a reputation for dealing with the mystical. In fact, he is a demon hunter whose sole purpose on Earth is to send demons back to the nether regions. John himself has been to Hell and knows that he is destined to return there on his death - but hopes his good deeds may find him a place in Heaven. As he looks into Isabel's death, he realizes demons are trying to break through to the human world, and his battles lead him into a direct conflict with Satan."
Bill & Ted's Excellent Adventure,1989,"Adventure, Comedy, Music","In the small town of San Dimas, a few miles away from Los Angeles, there are two nearly brain dead teenage boys going by the names of Bill S, Preston ESQ. and Ted Theodore Logan, they have a dream together of starting their own rock and roll band called the ""Wyld Stallyns"". Unfortunately, they are still in high school and on the verge of failing out of their school as well, and if they do not pass their upcoming history report, they will be separated as a result of Ted's father sending him to military school. But, what Bill and Ted do not know is that they must stay together to save the future. So, a man from the future named Rufus came to help them pass their report. So, both Bill and Ted decided to gather up historical figures which they need for their report. They are hoping that this will help them pass their report so they can stay together."
Bill & Ted's Bogus Journey,1991,"Adventure, Comedy, Fantasy","The world of our distant future is a veritable utopia, thanks to the lyrics of two simple-minded 20th Century rock and rollers, Bill S. Preston, Esq. and Ted ""Theodore"" Logan. However, a would-be conquerer threatens to throw history off-track by sending ""most non-non-heinous"" evil robot Bill and Teds back to kill their good counterparts. Finding themselves dead, the boys must outwit the Grim Reaper and traverse Heaven and Hell to return to the land of the living, rescue their ""babes"" and have a ""most triumphant"" concert at the all-important Battle of the Bands."
Bill & Ted Face the Music,2020,"Adventure, Comedy, Music","Once told they'd save the universe during a time-traveling adventure, two would-be rockers from San Dimas, California find themselves as middle-aged dads still trying to crank out a hit song and fulfill their destiny."
The Devil's Advocate,1997,"Drama, Fantasy, Mystery","Kevin Lomax, a ruthless young Florida attorney who never lost a case, is recruited by the most powerful law firm in the world. In spite of his mother's disagreement (she compares New York City to Babylon), he accepts the offer and the money that comes along. But soon, his wife starts feeling homesick and seeing devilish apparitions. However, Kevin is sinking in his new cases and pays less and less attention to his wife. His boss and mentor, John Milton, seems to always know how to overcome every problem and that just freaks out Kevin."
My Own Private Idaho,1991,Drama,"Mike Waters lives on the street and befriends the somewhat older and streetwise Scott Favor who shows him what is necessary to survive. Waters suffers from narcolepsy and can fall asleep at any moment and in almost any circumstance. Favor comes from a rich family and is rebelling against his own background. They travel together extensively - Waters is driven by the need to find his biological mother - and spend time in Italy. Later in life however, Favor has joined mainstream society and has little time for his old friend."
A Scanner Darkly,2006,"Animation, Comedy, Crime","In a totalitarian society in a near future, the undercover detective Bob Arctor is working with a small time group of drug users trying to reach the big distributors of a brain-damaging drug called Substance D. His assignment is promoted by the recovery center New Path Corporation, and when Bob begins to lose his own identity and have schizophrenic behavior, he is submitted to tests to check his mental conditions."
Street Kings,2008,"Action, Crime, Thriller","LAPD detective Tom Ludlow is a ruthlessly efficient, unorthodox undercover cop. Captain Jack Wander always covers for Ludlow, as do even his somewhat jealous colleagues. After technically excessive violence against a vicious Korean gang during the liberation of kidnapped child sex slaves, Ludlow becomes the target of hotshot Internal Affairs captain James Biggs, who feels passed over after Wander's promotion to chief. Ludlow's ex-patrol partner, Terrence Washington, sides with IA but is killed during a shop robbery in Ludlow's presence. Ludlow works his way through the twisted rungs of the police and the deadly streets of Los Angeles for answers that lead to more and more questions."
The Day the Earth Stood Still,2008,"Adventure, Drama, Sci-Fi","Dr. Helen Benson is summoned to a military facility with several other scientists when an alien spacecraft of sorts arrives in New York City. Aboard is a human-like alien and a giant robot of immense size and power. The alien identifies himself as Klaatu and says he has come to save the Earth. The US military and political authorities see him as a threat however and decide to use so-called intensive interrogation techniques on him but Dr. Benson decides to facilitate his escape. When she learns exactly what he means when he says he is there to save the Earth, she tries to convince him to change his intentions."
Man of Tai Chi,2013,"Action, Drama","Tiger Chen is a Tai Chi student who is rather rebellious and uses Tai Chi to fight despite his master's concerns. When the temple where he studies get threatened from modern redevelopment, he fights in an underground fight club to get money the temple needs. However he soon realizes that his employer has other negative motives."
The Lake House,2006,"Drama, Fantasy, Romance","When two people ""connect,"" the bond between them can be so pure and simple as to stir hearts in heaven. When they connect in all the right places at all the wrong times, heaven weeps for broken hearts. To heal these broken hearts, heaven breaks time."
Hardball,2001,"Comedy, Drama, Sport","Bright, educated, handsome Conor O'Neill's promising future was wrecked by his gambling addiction, which dragged him into heavy drinking and petty crime, but worst of all, the stifling grip of loan-shark bookies. Desperate for a loan, he agrees to stand in for lawyer friend Jimmy Fleming as coach of a Chicago ghetto Little League baseball team. His sense of pride, becoming the boys' sole idol, and competition, plus their attractive teacher, motivate Conor. But the crushing loan problem rather requires leaving town."
The Replacements,2000,"Comedy, Sport","A comedy based on the 1987 professional football players' strike. Gene Hackman plays the coach of the team, Jack Warden is the owner, Brett Cullen is the All-Pro quarterback that goes on strike and Keanu Reeves is the ""scab"" who replaces the star QB."
Much Ado About Nothing,1993,"Comedy, Drama, Romance","Young lovers Hero (Kate Beckinsale) and Claudio (Robert Sean Leonard) are to be married in one week. To pass the time, they conspire with Don Pedro (Denzel Washington) to set a ""lover's trap"" for Benedick (Sir Kenneth Branagh), an arrogant confirmed bachelor, and Beatrice (Dame Emma Thompson), his favorite sparring partner. Meanwhile, the evil Don Jon (Keanu Reeves) conspires to break up the wedding by accusing Hero of infidelity. In the end, though, it all turns out to be ""much ado about nothing""."
