Title,Year,Genre,Description
Lawrence of Arabia (re-release),2002,"Adventure,Biography,Drama,War","The 40th anniversary re-release of David Lean's 1962 masterpiece, starring Peter O'Toole in one of the most electrifying debuts in film history."
Pan's Labyrinth,2006,"Drama,Fantasy,War","Following a bloody civil war, young Ofelia enters a world of unimaginable cruelty when she moves in with her new stepfather, a tyrannical military officer. Armed with only her imagination, Ofelia discovers a mysterious labyrinth and meets a faun who sets her on a path to saving herself and her ailing mother. But soon, the lines between fantasy and reality begin to blur, and before Ofelia can turn back, she finds herself at the center of a ferocious battle between good and evil. [Warner Bros.]"
Metropolis (re-release),2002,"Drama,Sci-Fi","Possibly the crowning achievement of silent cinema, Fritz Lang's 1927 blockbuster fuses the frenetic storytelling of twenties pulp fiction with Lang's personal fascination with the darker side of human nature.  (Kino International)"
Parasite,2019,"Drama,Thriller","Meet the Park Family: the picture of aspirational wealth. And the Kim Family, rich in street smarts but not much else. Be it chance or fate, these two houses are brought together and the Kims sense a golden opportunity. Masterminded by college-aged Ki-woo, the Kim children expediently install themselves as tutor and art therapist, to the Parks. Soon, a symbiotic relationship forms between the two families. The Kims provide “indispensable” luxury services while the Parks obliviously bankroll their entire household. When a parasitic interloper threatens the Kims’ newfound comfort, a savage, underhanded battle for dominance breaks out, threatening to destroy the fragile ecosystem between the Kims and the Parks. [Neon]"
Spirited Away,2002,"Animation,Adventure,Family,Fantasy,Mystery","A young girl, Chihiro, becomes trapped in a strange new world of spirits. When her parents undergo a mysterious transformation, she must call upon the courage she never knew she had to free herself and return her family to the outside world. [Walt Disney Studios]"
Toy Story,1995,"Animation,Adventure,Comedy,Family,Fantasy","Led by Woody, Andy's toys live happily in his room until Andy's birthday brings Buzz Lightyear onto the scene. Afraid of losing his place in Andy's heart, Woody plots against Buzz. But when circumstances separate Buzz and Woody from their owner, the duo eventually learns to put aside their differences. [Pixar]"
Ratatouille,2007,"Animation,Adventure,Comedy,Family,Fantasy","Despite his sensational sniffer and sophisticated palate, Remy's dreams of becoming a chef seem hopeless due to one small detail--he's a rat! Through a twist of fate, he ends up in the world-famous restaurant of his late hero, Auguste Gusteau. With a dash of culinary courage and the help of garbage boy Linguini, Remy whips up exquisite meals that impress even the nasty chef Skinner and food critic Anton Ego. Together they conquer the kitchen and prove that big dreams can come true no matter how small you are. [Disney]"
Pulp Fiction,1994,"Crime,Drama",Several inter-locking stories of crime and intrigue form a temporal mosaic set in the Los Angeles underworld.
A Separation,2011,Drama,"Set in contemporary Iran, A Separation is a compelling drama about the dissolution of a marriage. Simin wants to leave Iran with her husband Nader and daughter Termeh. Simin sues for divorce when Nader refuses to leave behind his Alzheimer-suffering father. Her request having failed, Simin returns to her parents' home, but Termeh decides to stay with Nader. When Nader hires a young woman to assist with his father in his wife's absence, he hopes that his life will return to a normal state. However, when he discovers that the new maid has been lying to him, he realizes that there is more on the line than just his marriage. [Sony Pictures Classic]

"
Schindler's List,1993,"Biography,Drama,History",Steven Spielberg's epic drama tells the compelling true story of German businessman Oskar Schindler (Neeson) who comes to Nazi-occupied Poland looking for economic prosperity and leaves as a savior. (History in Film)
WALL-E,2008,"Animation,Adventure,Family,Sci-Fi","After hundreds of lonely years of doing what he was built for, Wall-E discovers a new purpose in life when he meets a sleek search robot named EVE. [Walt Disney Pictures]"
Grave of the Fireflies (1988),1989,"Animation,Drama,War",A young boy and his little sister struggle to survive in Japan during World War II.
The Lord of the Rings: The Return of the King,2003,"Action,Adventure,Drama,Fantasy","Sauron's forces have laid siege to Minas Tirith, the capital of Gondor, in their efforts to eliminate the race of men.  The once-great kingdom, watched over by a fading steward, has never been in more desperate need of its king. But can Aragorn (Viggo Mortensen) answer the call of his heritage and become what he was born to be?  In no small measure, the fate of Middle-earth rests on his broad shoulders.  [New Line Cinema]"
Shoplifters,2018,"Crime,Drama,Thriller","After one of their shoplifting sessions, Osamu and his son come across a little girl in the freezing cold. At first reluctant to shelter the girl, Osamu’s wife agrees to take care of her after learning of the hardships she faces.Although the family is poor, barely making enough money to survive through petty crime, they seem to live happily together until an unforeseen incident reveals hidden secrets, testing the bonds that unite them."
There Will Be Blood,2007,Drama,"When Daniel Plainview gets a mysterious tip-off that there's a little town out West where an ocean of oil is oozing out of the ground, he heads there with his son, H.W., to take their chances in dust-worn Little Boston. In this hardscrabble town, where the main excitement centers around the Holy Roller church of charismatic preacher Eli Sunday, Plainview and H.W. make their lucky strike. But even as the well raises all of their fortunes, nothing will remain the same as conflicts escalate and every human value—love, hope, community, belief, ambition, and even the bond between father and son—is imperiled by corruption, deception, and the flow of oil. [Paramount Vantage]"
Close-Up,1999,"Biography,Crime,Drama","This fiction-documentary hybrid uses a real-life sensational event - a young man arrested on charges that he fraudulently impersonated well-known filmmaker Mohsen Makhmalbaf - as the basis for a stunning, multi-layered investigation into movies, identity, artistic creation, and life itself. With its universal themes and fascinating narrative knots, Close-Up continues to resonate with viewers around the world. [Janus Films]"
The Lord of the Rings: The Fellowship of the Ring,2001,"Action,Adventure,Drama,Fantasy","An epic adventure of good against evil, a story of the power of friendship and individual courage, and the heroic quest to pave the way for the emergence of mankind, J.R.R. Tolkien's master work brought to cinematic life.  [New Line Cinema]"
Menus Plaisirs - Les Troisgros,2023,Documentary,"Menus Plaisirs - Les Troisgros is a film about the Troisgros family and their three restaurants, Troisgros, Le Central and Colline, located in three neighboring locations in central France. Troisgros, a restaurant founded 93 years ago, has had three Michelin stars for 55 years and in 2020 was awarded a Michelin green star for exemplary sustainable practices. Much of the film takes place at Troisgros.  The present chef, Cesar Troisgros, is the fourth generation of the family to be in charge at Troisgros. The film shows the day-to-day operations involving the purchase, preparation and service at this restaurant ."
Toy Story 3,2010,"Animation,Adventure,Comedy,Family,Fantasy","Toy Story 3 is a comical new adventure in Disney Digital 3D that lands the toys in a room full of untamed tots who can't wait to get their sticky little fingers on these ""new"" toys. It's pandemonium as they try to stay together, ensuring ""no toy gets left behind."" Meanwhile, Barbie comes face to plastic face with Ken (yes, that Ken). [Disney, Pixar]"
Goodfellas,1990,"Biography,Crime,Drama","Based on the bestselling book ""Wiseguy"" by Nicholas Pileggi, Scorsese's film profiles nearly 30 years of mob life in New York City."
Moolaadé,2004,Drama,"A rousing polemic directed against the still common African practice of female circumcision, Moolaadé is set in a small African village, where four young girls facing ritual ""purification"" flee to the household of Collé Ardo Gallo Sy, a strong-willed woman who has managed to shield her own teenage daughter from mutilation. Collé invokes the time-honored custom of moolaadé (sanctuary) to protect the fugitives, and tension mounts as the ensuing stand-off pits Collé against village traditionalists (both male and female) and endangers the prospective marriage of her daughter to the heir-apparent to the tribal throne. [New Yorker Films]"
L.A. Confidential,1997,"Crime,Drama,Mystery,Thriller","Based on James Ellroy's novel about the movie industry, corrupt cops, tabloid journalism, gangsters and sexual obsessions of every stripe, L.A. Confidential is set in 1950's Los Angeles. "
All the Beauty and the Bloodshed,2022,"Documentary,History","All the Beauty and the Bloodshed is an epic, emotional and interconnected story about internationally renowned artist and activist Nan Goldin told through her slideshows, intimate interviews, ground-breaking photography, and rare footage of her personal fight to hold the Sackler family accountable for the overdose crisis. [Neon]"
Her,2013,"Drama,Romance,Sci-Fi","Set in the Los Angeles of the slight future, Her follows Theodore Twombly, a complex, soulful man who makes his living writing touching, personal letters for other people. Heartbroken after the end of a long relationship, he becomes intrigued with a new, advanced operating system, which promises to be an intuitive entity in its own right, individual to each user. Upon initiating it, he is delighted to meet ""Samantha,"" a bright, female voice, who is insightful, sensitive and surprisingly funny. As her needs and desires grow, in tandem with his own, their friendship deepens into an eventual love for each other. [Warner Bros.]"
Before Sunset,2004,"Drama,Romance",The timeless romantic story of two questing hearts and minds whose powerful bond defies time and place.  [Warner Independent Pictures]
Saving Private Ryan,1998,"Drama,War","During the WWII D-Day invasion, a squad of soldiers led by Captain John Miller (Tom Hanks) is sent into Normandy to find Private James Ryan (Matt Damon), and return him to his mother in America.  She has already lost three other sons in this war."
Finding Nemo,2003,"Animation,Adventure,Comedy,Family",This visually stunning underwater adventure follows the comedic and eventful journeys of two fish - a father and his son Nemo - who become separated in the Great Barrier Reef.  [Disney/Pixar]
Being John Malkovich,1999,"Comedy,Drama,Fantasy",An out-of-work puppeteer takes a filing clerk job on the cramped 7 ½ floor of an office building where he discovers a hidden tunnel allowing him to enter the mind and life of actor John Malkovich for 15 mintues before being ejected onto the New Jersey Turnpike.
The Incredibles,2004,"Animation,Action,Adventure,Family","Known to the world as superheroes Mr. Incredible and Elastigirl, Bob Parr and his wife Helen were among the world's greatest crime fighters, saving lives and battling evil on a daily basis. Fifteen years later, they have been forced to adopt civilian identities and retreat to the suburbs to live ""normal"" lives with their three kids, Violet, Dash and Jack-Jack. Itching to get back into action, Bob gets his chance when a mysterious communication summons him to a remote island for a top secret assignment. [Disney]"
Eternal Sunshine of the Spotless Mind,2004,"Drama,Romance,Sci-Fi","Joel (Carrey) is stunned to discover that his girlfriend Clementine (Winslet) has had her memories of their tumultuous relationship erased.  Out of desperation, he contacts the inventor of the process, Dr. Howard Mierzwiak (Wilkinson), to have Clementine removed from his own memory.  But as Joel's memories progressively disappear, he begins to rediscover his love for Clementine.  (Focus Features)"
House of Flying Daggers,2004,"Action,Adventure,Drama,Romance","The year is 859 AD, and China's once flourishing Tang Dynasty is in decline. Unrest is raging throughout the land, and the corrupt government is locked in battle with rebel armies that are forming in protest. The largest and most prestigious of these rebel groups is the House of Flying Daggers, which is growing ever more powerful under a mysterious new leader.  (Sony Pictures Classics)"
Whiplash,2014,"Drama,Music","Andrew Neyman (Miles Teller), a young jazz drummer who attends one of the best music schools in the country under the tutelage of the school’s fearsome maestro of jazz named Terence Fletcher (J.K. Simmons), struggles to make it as a top jazz drummer."
The Lion King,1994,"Animation,Adventure,Drama,Family,Fantasy,Musical","Embark on an extraordinary coming-of-age adventure as Simba, a lion cub who cannot wait to be king, searches for his destiny in the great ""Circle of Life."" [Disney]"
The Lion King,2019,"Animation,Adventure,Drama,Family,Fantasy,Musical","In the African savanna, a future king is born. Simba idolizes his father, King Mufasa, and takes to heart his own royal destiny. But not everyone in the kingdom celebrates the new cub’s arrival. Scar, Mufasa’s brother—and former heir to the throne—has plans of his own. The battle for Pride Rock is ravaged with betrayal, tragedy and drama, ultimately resulting in Simba’s exile. With help from a curious pair of newfound friends, Simba will have to figure out how to grow up and take back what is rightfully his. "
Inside Job,2010,"Documentary,Crime","Inside Job is the first film to expose the shocking truth behind the economic crisis of 2008. The global financial meltdown, at a cost of over $20 trillion, resulted in millions of people losing their homes and jobs. Through extensive research and interviews with major financial insiders, politicians and journalists, Inside Job traces the rise of a rogue industry and unveils the corrosive relationships which have corrupted politics, regulation and academia. (Sony Classics) "
Donnie Darko: The Director's Cut,2004,"Drama,Mystery,Sci-Fi,Thriller",This Director's Cut from writer/director Richard Kelly features 20 minutes of never-before-seen footage.
Fargo,1996,"Crime,Thriller","Jerry Lundegaard (William H. Macy) is a car salesman in Minneapolis who has landed himself deep into debt. Desperate for money, he hires two inept crooks to kidnap his own wife in the hope that her wealthy father will pay the ransom, giving him enough cash to pay off his associates and clear his debts."
Up,2009,"Animation,Adventure,Comedy,Drama,Family","Up is a comedy adventure about 78-year-old balloon salesman Carl Fredricksen, who finally fulfills his lifelong dream of a great adventure when he ties thousands of balloons to his house and flies away to the wilds of South America. But he discovers all too late that his biggest nightmare has stowed away on the trip: an overly optimistic 9-year-old Wilderness Explorer named Russell. (Walt Disney Pictures)"
Toy Story 2,1999,"Animation,Adventure,Comedy,Family,Fantasy","The sequel to the landmark 1995 computer-animated blockbuster from Disney and Pixar.  This time around, the fun and adventure continue when Andy goes off to cowboy camp and the toys are left to their own devices.  Things shift into high gear when an obsessive toy collector kidnaps Woody -- who hasn't the slightest clue that he's a greatly valued collectible.  (Disney/Pixar)"
The Lord of the Rings: The Two Towers,2002,"Action,Adventure,Drama,Fantasy","In the second chapter in J.R.R Tolkien's epic trilogy, the Fellowship faces unimaginable armies and deception while also witnessing ancient wonders and the untapped strength of their people. [New Line Productions]"
Wolfwalkers,2020,"Animation,Action,Adventure,Drama,Family,Fantasy,Thriller","In a time of superstition and magic, a young apprentice hunter, Robyn Goodfellowe, journeys to Ireland with her father to wipe out the last wolf pack. While exploring the forbidden lands outside the city walls, Robyn befriends a free- spirited girl, Mebh, a member of a mysterious tribe rumored to have the ability to transform into wolves by night. As they search for Mebh’s missing mother, Robyn uncovers a secret that draws her further into the enchanted world of the wolfwalkers and risks turning into the very thing her father is tasked to destroy."
"Our Father, the Devil",2023,Thriller,An African refugee's quiet existence in a sleepy mountain town in the south of France is upended by the arrival of a charismatic Catholic priest whom she recognizes as the warlord who slaughtered her family.
Back to the Future,1985,"Adventure,Comedy,Sci-Fi","Marty McFly goes back in time, in a DeLorean invented by his friend, Dr. Emmett Brown, and must make sure his high-school-age parents get together, so he doesn't cease to exist."
The Fugitive,1993,"Action,Crime,Drama,Mystery,Thriller","Adapted from the popular 1960s television, this is the story of Dr. Richard Kimble (Ford), who has been falsely accused and convicted of his wife's murder."
Renaissance: A Film by Beyoncé,2023,"Documentary,Music","Renaissance: A Film by Beyoncé accentuates the journey of Renaissance World Tour, from its inception, to the opening in Stockholm, Sweden, to the finale in Kansas City, Missouri. It is about Beyoncé’s intention, hard work, involvement in every aspect of the production, her creative mind and purpose to create her legacy, and master her craft. Received with extraordinary acclaim, Beyoncé’s Renaissance World Tour created a sanctuary for freedom, and shared joy, for more than 2.7 million fans."
Divine Love,2020,"Drama,Sci-Fi","Brazil, 2027. Joana (Dira Paes) uses her bureaucratic job to convince divorcing couples to stay together. Her secret weapon is Divine Love, an evangelical cult she belongs to that mixes in a little swinging and group fun into its more traditional prayers and services. Joana herself can’t seem to get pregnant by her own husband, but in an attempt to save her own marriage, she prays regularly at a very unusual religious drive-in, looking for a miracle to help her conceive."
Before the Devil Knows You're Dead,2007,"Crime,Drama,Thriller","Andy, an overextended broker, lures his younger brother--Hank--into a larcenous scheme: the pair will rob a suburban mom-and-pop jewelry store that appears to be the quintessential easy target. The problem is, the store owners are Andy and Hank's actual mom and pop--and--when the seemingly perfect crime goes awry, the damage lands right at their doorstep. (THINKFilm)"
Traffic,2000,"Crime,Drama,Thriller","Traffic evokes the high stakes and high risks of the drug trade, as seen through a series of interrelated stories, some of which are highly personal and some of which are filled with intrigue and danger.  (USA Films)"
Aladdin,1992,"Animation,Adventure,Comedy,Family,Fantasy,Musical,Romance","When a street urchin vies for the love of a beautiful princess, he uses a genie's magic power to make himself off as a prince in order to marry her."
Aladdin,2019,"Animation,Adventure,Comedy,Family,Fantasy,Musical,Romance","Aladdin is the exciting tale of the charming street rat Aladdin, the courageous and self-determined Princess Jasmine and the Genie who may be the key to their future."
The Son,2003,"Drama,Mystery",A divorced carpentry instructor at a vocational training center finds his life turned upside down by the arrival of a mysterious student.  [New Yorker Films]
The Son,2022,"Drama,Mystery","Peter's (Hugh Jackman) hectic life with his infant and new partner Beth (Vanessa Kirby) is upended when his ex-wife Kate (Laura Dern) appears with their son Nicholas (Zen McGrath), who is now a teenager. The young man has been missing from school for months and is troubled, distant, and angry. Peter strives to take care of Nicholas as he would have liked his own father to have taken care of him while juggling work, his and Beth's new son, and the offer of his dream position in Washington. However, by reaching for the past to correct its mistakes, he loses sight of how to hold onto the Nicholas in the present."
The Silence of the Lambs,1991,"Crime,Drama,Thriller","In pursuit of one serial killer, ambitious FBI student Clarice Starling (Foster) is forced to enlist the aid of another notorious killer, the incarcerated ex-psychiatrist known as ""Hannibal the Cannibal"" Lecter (Hopkins). "
Hero,2004,"Action,Adventure,Drama",The time: two thousand years ago.  The place: the violent dawn of the Qin dynasty. The story: the soon-to-be First Emperor of China is on the brink of conquering a war-torn land. Three opponents are determined to assassinate him and one loyal subject stands in their way.  [Miramax]
Hero,1992,"Action,Adventure,Drama","A not-so-nice man rescues passengers from a crashed airliner, only to see someone else take credit."
Alcarràs,2023,Drama,"In a small Catalonian village, the peach farmers of the Solé family spend every summer together picking fruit from their orchard. But when plans arise to install solar panels and cut down trees, the members of this tight-knit group suddenly face eviction — and the loss of far more than their home."
The Iron Giant,1999,"Animation,Action,Adventure,Comedy,Drama,Family,Sci-Fi","A giant metal machine falls to Earth in 1950s Maine, frightening townspeople.  However, the robot befriends a nine-year-old boy named Hogarth who must save it from the predjudices of the townspeople and from a government agent intent on destroying the robot."
Beyond Utopia,2023,"Documentary,Biography,History,News","A suspenseful, riveting portrait of the lengths people will go to gain freedom, Beyond Utopia follows various families as they attempt to flee North Korea, one of the most oppressive places on Earth, a land they grew up believing was a paradise. At the film’s core is a courageous pastor, a man of God on a mission to help a mother reunite with the child she was forced to leave behind, and a family of five — including small children and an elderly grandmother — embarking on a treacherous journey into the hostile mountains of China. Leaving their homeland is fraught with unimaginable danger — yet these individuals are driven to take the risk. "
Black Is King,2020,"Adventure,Drama,Fantasy,Music","Black Is King, based on the music of The Lion King: The Gift, reimagines the lessons from the 2019 film for today’s young kings and queens in search of their own crowns."
Out of Sight,1998,"Comedy,Crime,Drama,Romance,Thriller","Based on the novel by Elmore Leonard, Out of Sight tells the story of the unlikely relationship that forms between a sexy US Marshal (Lopez) and a charming career criminal (Clooney)."
The Dark Knight,2008,"Action,Crime,Drama,Thriller","Batman raises the stakes in his war on crime. With the help of Lieutenant Jim Gordon and District Attorney Harvey Dent Batman sets out to dismantle the remaining criminal organizations that plague the city streets. The partnership proves to be effective, but they soon find themselves prey to reign of chaos unleashed by a rising criminal mastermind known to the terrified citizens of Gotham as the Joker. (Warner Bros.)"
Children of Men,2006,"Action,Drama,Sci-Fi,Thriller","Children of Men envisages a world one generation from now that has fallen into anarchy on the heels of an infertility defect in the population. The world's youngest citizen has just died at 18, and humankind is facing the likelihood of its own extinction. Set against the backdrop of London torn apart by violence and nationalistic sects, the film follows disillusioned bureaucrat Theo (Owen) as he becomes an unlikely champion of Earth's survival.  (Universal Pictures)"
Farewell My Concubine,1993,"Drama,Music,Romance",Two boys meet at an opera training school in Peking in 1924. Their resulting friendship will span nearly 70 years and will endure some of the most troublesome times in China's history.
Séraphine,2009,"Biography,Drama","Seraphine vividly recounts the tragic story of French naïve painter Séraphine Louis aka Séraphine de Senlis (1864-1942), a humble servant who becomes a gifted self-taught painter. Discovered by prominent critic and collector William Uhde, she came to prominence between the wars grouped with other naïve painters like Henri Rousseau only to descend into madness and obscurity with the onset of the Great Depression and World War II. (Music Box Films)"
American Beauty,1999,Drama,"Provoked by forbidden passions, Lester Burnham (Spacey) decides to make a few changes in his rut of a life, changes that are less midlife crisis than adolescence reborn. The freer he gets, the happier he gets, which is even more maddening to his wife, Carolyn (Bening), and daughter Jane (Birch) --especially when he turns his lustful gaze toward Jane's friend, the sultry Angela (Suvari).  (Dreamworks SKG)"
Aliens,1986,"Action,Adventure,Sci-Fi,Thriller","In this action-packed sequel to Alien, Sigourney Weaver returns as Ripley, the only survivor from mankind's first encounter with the monstrous Alien. Her account of the Alien and the fate of her crew are received with skepticism - until the mysterious disappearance of colonists on LV-426 leads her to join a team of high-tech colonial marines sent in to investigate. [20th Century Fox]"
Shrek,2001,"Animation,Adventure,Comedy,Family,Fantasy,Romance","Once upon a time in a far away swamp, there lived an ornery ogre named Shrek (Myers) whose precious solitude is suddenly shattered by an invasion of annoying fairy-tale characters.  (Dreamworks SKG)"
The Quiet American,2002,"Drama,Romance,Thriller,War",From the classic novel by Graham Greene comes a murder mystery centered on a love triangle set against the French Indochina War in Vietnam circa 1952. (Miramax)
Boxing Gym,2010,Documentary,"The subject of legendary documentarian Frederick Wiseman’s hypnotic new film is an Austin, TX institution: Lord’s Gym, which was founded 16 years ago by professional boxer Richard Lord. People of all ages, races, ethnicities and social classes come to Lord’s: doctors, lawyers, judges, businessmen and kids all learn to spar alongside fellow amateurs and trained professionals. Wiseman depicts the gym as a uniquely American melting pot, a place where people meet to talk and train, and shows us that all the world’s a ring. (Zipporah Films) "
Trainspotting,1996,Drama,"Renton (Ewan McGregor), a twenty-something junkie, is deeply immersed in the Edinburgh drug scene. He must choose to clean up and get out, or continue following the allure of the drugs and the influence of friends."
Who Framed Roger Rabbit,1988,"Animation,Adventure,Comedy,Crime,Family,Fantasy,Mystery","Gumshoe detective Eddie Valiant (Hoskins) is on the job in both Hollywood and Toontown, and the line between reality and fantasy gets blurred as Eddie tries to solve a major ""who dunnit."" He's thrown for quite a set of curves when he meets Jessica Rabbit, the sultry ""toon"" who whispers ""I'm not bad, I'm just drawn that way."" When Eddie gets mixed up with the fast-talking ""toon"" Roger Rabbit (Fleischer) he finds himself crossing paths with such characters as the hilarious Baby Herman, Benny the Cab, the sinister Judge Doom and more, in a wacky adventure of a lifetime. (Buena Vista)"
Animal Kingdom,2010,"Crime,Drama,Thriller",Tells the story of seventeen year-old J (Josh) as he navigates his survival amongst an explosive criminal family and the detective who thinks he can save him.
Drag Me to Hell,2009,Horror,"Christine Brown is an ambitious L.A. loan officer. Life is good until the mysterious Mrs. Ganush arrives at the bank to beg for an extension on her home loan. Should Christine follow her instincts and give the old woman a break? Or should she deny the extension to impress her boss, Mr. Jacks, and get a leg-up on a promotion? Christine fatefully chooses the latter, shaming Mrs. Ganush and dispossessing her of her home. In retaliation, the old woman places the powerful curse of the Lamia on Christine, transforming her life into a living hell. Haunted by an evil spirit, she seeks the aid of seer Rham Jas to save her soul from eternal damnation. As evil forces close in, Christine must face the unthinkable: how far will she go to break free of the curse? (Universal Pictures)"
U2 3D,2008,"Documentary,Music","U2 3D transforms a series of live concerts by one of the world's most acclaimed bands into a completely new entertainment experience that takes viewers on an extraordinary cinematic journey, a quantum leap beyond traditional concert films and traditional 3-D.
U2 3D captivated an international audience as a work-in-progress during the 2007 Cannes Film Festival. (National Geographic Cinema Ventures)"
RRR,2022,"Action,Adventure,Drama","RRR is a fictional story about India's legendary freedom fighters, Alluri Sitarama Raju and Komaram Bheem who fought against the British Raj and the Nizam of Hyderabad respectively. "
Memento,2001,"Mystery,Thriller","Dismissed by the police, Leonard Shelby (Pearce) is obsessed with pursuing vengeance for the rape and murder of his wife.  The difficulty of his quest is compounded by his rare, untreatable form of memory loss. "
The Shawshank Redemption,1994,Drama,"Wrongly convicted, Andy Dufresne (Tim Robbins) is sentenced to two consecutive life terms in in Maine's Shawshank prison for the murders of his wife and her lover.  Set in the 1940's, the film shows how Andy learns to get by in the brutal confines of prison, even earning the respect of his fellow inmates, most notably the longtime convict ""Red"" Redding (Morgan Freeman)."
The Illusionist,2010,"Drama,Fantasy,Mystery,Romance,Thriller","The Illusionist is a story about two paths that cross. An outdated, aging magician, forced to wander from country to country, city to city and station to station in search of a stage to perform his act meets a young girl at the start of her life&#8223;s journey. Alice is a teenage girl with all her capacity for childish wonder still intact. She plays at being a woman without realizing the day to stop pretending is fast approaching. She doesn&#8223;t know yet that she loves The Illusionist like she would a father; he already knows that he loves her as he would a daughter. Their destinies will collide, but nothing – not even magic or the power of illusion– can stop the voyage of discovery. (Sony Classic)"
The Illusionist,2006,"Drama,Fantasy,Mystery,Romance,Thriller","Set in turn-of-the-centuy Vienna, this supernatural mystery combines romance, politics and magic.  (Yari Film Group)"
Howl's Moving Castle,2005,"Animation,Adventure,Family,Fantasy",An amazing new animated adventure that celebrates the power of love to transform and the resiliency of the human spirit in the face of adversity.  (Disney)
Face/Off,1997,"Action,Crime,Sci-Fi,Thriller","FBI agent Sean Archer (Travolta) knows how to stop elusive terrorist Castor Troy (Cage). He'll become him. Archer undergoes a futuristic surgery and has Troy's face mapped onto his, then infiltrates the terrorist's world to discover his deadly secrets. But as much as Archer looks and acts like Troy, he doesn't really know him. He never figures Troy will retaliate and force doctors to transform him into Archer. Now the agent faces a shattering nightmare: his archrival is living with his family.  (Paramount)"
My Summer of Love,2005,"Drama,Romance",This film vibrantly charts the emotional and physical hothouse effects that bloon one summer for two young women.  [Focus Features]
The Return,2004,"Horror,Mystery,Thriller",In contemporary Russia young brothers Vanya and Andrey have grown a deep attachment to each other to make up for their fatherless childhood.  They are shocked to discover their father has returned after a twelve year absence.  With their mother's uneasy blessing Vanya and Andrey set out on what they believe will be a fishing vacation with their taciturn father.  [Kino International]
The Return,2006,"Horror,Mystery,Thriller","Sarah Michelle Gellar stars as Joanna Mills, a tough young Midwesterner determined to learn the truth behind the increasingly terrifying supernatural visions that have been haunting her.  (Rogue Pictures)"
Smoke Sauna Sisterhood,2023,Documentary,"Women share their innermost secrets and intimate experiences inside an Estonian smoke sauna. Cleansing their bodies and baring their souls, they embrace the healing power of sisterhood."
The Climb,2020,"Comedy,Drama","Kyle and Mike are best friends who share a close bond — until Mike sleeps with Kyle's fiancée. The Climb is about a tumultuous but enduring relationship between two men across many years of laughter, heartbreak and rage. It is also the story of real-life best friends who turn their profound connection into a rich, humane and frequently uproarious film about the boundaries (or lack thereof) in all close friendships."
Hot Fuzz,2007,"Action,Comedy,Mystery,Thriller","In this action-packed comedy from the makers of ""Shaun of the Dead,"" Nicholas Angel (Pegg) is the finest police officer London has to offer, with an arrest record 400% higher than any other officer on the force.  He's so good, he makes everyone else look bad. As a result, Angel's superiors send him to a place where his talents won't be quite so embarrassing -- the sleepy and seemingly crime-free village of Sandford.  A small village is about to get some big city justice.  (Rogue Pictures)"
Django Unchained,2012,"Comedy,Drama,Western","Django is a slave whose brutal history with his former owners lands him face-to-face with German-born bounty hunter Dr. King Schultz.  Schultz is on the trail of the murderous Brittle brothers, and only Django can lead him to his bounty.  The unorthodox Schultz acquires Django with a promise to free him upon the capture of the Brittles – dead or alive. (The Weinstein Company)"
Still Life,2008,Drama,Sam Ming makes a trip to the City of Fenjge to find his ex-wife and daughter. He has not seen them for several years.  (Ad Vitam)
Still Life,2015,Drama,"Life for the unassuming John May (Eddie Marsan) has always revolved around his work for the local council in South London, finding the next of kin of those who have died alone. Profoundly dedicated to his work, he believes that everyone deserves a dignified exit, and writes eulogies and organizes funerals for those who wouldn't have them otherwise. But when a new case – an elderly alcoholic in a flat directly opposite his own – hits him harder than usual, he journeys outside London to track down the man's long-abandoned daughter (Joanne Froggatt). Against the odds, the two lonely souls are drawn to each other – and John's outlook starts to open to life's possibilities. [Tribeca Film]"
Reservoir Dogs,1992,"Crime,Thriller",Quentin Tarantino's debut cult classic chronicles a jewelry heist gone wrong.  (Miramax Films)
Your Name.,2017,"Animation,Drama,Fantasy,Romance","The day the stars fell, two lives changed forever. High schoolers Mitsuha and Taki are complete strangers living separate lives. But one night, they suddenly switch places. Mitsuha wakes up in Taki’s body, and he in hers. This bizarre occurrence continues to happen randomly, and the two must adjust their lives around each other. Yet, somehow, it works. They build a connection and communicate by leaving notes, messages, and more importantly, an imprint. When a dazzling comet lights up the night’s sky, it dawns on them. They want something more from this connection—a chance to meet, an opportunity to truly know each other. Tugging at the string of fate, they try to find a way to each other. But distance isn’t the only thing keeping them apart. Is their bond strong enough to face the cruel irony of time? Or is their meeting nothing more than a wish upon the stars? [FUNimation]"
Waiting for 'Superman',2010,Documentary,"For a nation that proudly declared it would leave no child behind, America continues to do so at alarming rates. Despite increased spending and politicians’ promises, our buckling public—education system, once the best in the world, routinely forsakes the education of millions of children. Oscar winning filmmaker Davis Guggenheim reminds us that education “statistics” have names: Anthony, Francisco, Bianca, Daisy, and Emily, whose stories make up the engrossing foundation of Waiting for Superman. As he follows a handful of promising kids through a system that inhibits, rather than encourages, academic growth, Guggenheim undertakes an exhaustive review of public education, surveying “drop—out factories” and “academic sinkholes,” methodically dissecting the system and its seemingly intractable problems. However, embracing the belief that good teachers make good schools, Guggenheim offers hope by exploring innovative approaches taken by education reformers and charter schools that have—in reshaping the culture—refused to leave their students behind. (Paramount Vantage Point)"
Central Station,1998,Drama,"A young boy's (Oliveira) mother is killed in front of Rio de Janeiro's Central Station. Homeless and with nowhere to turn, he is reluctantly befriended by a lonely and cynical woman (Montenegro). Resisting her initial impulse to make a quick profit off the child, she commits to returning him to his father in Brazil's remote Northeast.  The trip becomes a quest for their own identities: one boy's search for his father, and one woman's search for her heart. (Sony Pictures Classics)"
"20,000 Species of Bees",2024,Drama,"In a small, sleepy village in the Basque Country, a sculptor named Ane and her three children arrive at her mother Lita's home for summer vacation where they are surrounded by extended family and nosy neighbors. Ane and her mother's relationship is strained — Lita disapproves of her daughter's frayed marriage, career as an artist, and the way she parents her obstinate and mischievous children. Chief among them is eight-year-old Aitor, nicknamed Coco after it becomes clear that being referred to by the Aitor elicits feelings of distress in the child. Born biologically male, neither birth name nor the genderless nickname feel quite right, and Ane’s concern for her child grows as Coco becomes more withdrawn. The child’s only respite lies in the Basque hills, where Ane's aunt Lourdes tends to the family's beekeeping farm. Among the peaceful humming of bees and Lourdes' open-minded guardianship, Coco slowly begins to confide in family and friends her discomfort in her body, eventually voicing a desire to be treated as a girl. As Coco explores her own developing identity over the summer, Ane and the rest of her family in turn must learn to accept the child as she is."
Casino Royale,2006,"Action,Adventure,Thriller","After earning his license to kill, James Bond's first 007 mission takes him to Madagascar where he is to spy on a terrorist. Not everything goes as planned and Bond decides to investigate, independently of MI6. Following a lead to the Bahamas, he encounters Alex Dimitrios (Simon Abkarian) and his girlfriend, Solange (Caterina Murino). He learns that Dimitrios is involved with Le Chiffre (Mads Mikkelsen), banker to the world's terrorist organizations. Intelligence reveals that Le Chiffre is planning to raise money in a high-stakes poker game in Montenegro at Le Casino Royale. MI6 assigns 007 to play against him, knowing that if Le Chiffre loses, it will destroy his organization, but Bond falls in love with Vesper Lynd (Eva Green), the treasury employee assigned to provide the money he needs to bankrupt Le Chiffre."
Cinema Paradiso,1990,"Drama,Romance","Set in an Italian village, Salvatore finds himself enchanted by the flickering images at the Cinema Paradiso, yearning for the secret of the cinema’s magic. When the projectionist, Alfredo, agrees to reveal the mysteries of moviemaking, a deep friendship is born. The day comes for Salvatore to leave the village and pursue his dream of making movies of his own. Thirty years later he receives a message that beckons him back home to a secret and beautiful discovery that awaits him. [Miramax]"
Coraline,2009,"Animation,Drama,Family,Fantasy","A young girl walks through a secret door in her new home and discovers an alternate version of her life. On the surface, this parallel reality is eerily similar to her real life - only much better. But when this wondrously off-kilter, fantastical adventure turns dangerous, and her counterfeit parents (including Other Mother) try to keep her forever, Coraline must count on her resourcefulness, determination, and bravery to get back home - and save her family.m (Focus Features)
"
The War of the Roses,1989,"Comedy,Romance","This classic black comedy proves that divorce is war, and war is hell."
"Monsters, Inc.",2001,"Animation,Adventure,Comedy,Family,Fantasy","The Academy Award-winning creators of ""Toy Story"" open the door to a frightfully funny world of monsters and mayhem and scare up lots of laughs in their new movie, Monsters, Inc.  [Disney/Pixar]"
City of God,2003,"Crime,Drama","Welcome to the world's most notorious slum: Rio de Janeiro's 'City of God.' A place where combat photographers fear to tread, where Police rarely go, and residents are lucky if they live to the age of 20.  This is the true story of a young man who grew up on these streets and whose ambition as a photographer is our window in and ultimately may be him only way out. [Miramax]"
A House Made of Splinters,2023,Documentary,Children and staff in a special kind of home: an institution for children who have been removed from their homes while awaiting court custody decisions. Staff do their best to make the time children have there safe and supportive.
Iron Man,2008,"Action,Adventure,Sci-Fi","Tony Stark is a billionaire industrialist and genius inventor who is kidnapped and forced to build a devastating weapon. Instead, using his intelligence and ingenuity, Tony builds a high-tech suit of armor and escapes captivity. When he uncovers a nefarious plot with global implications, he dons his powerful armor and vows to protect the world as Iron Man. [Paramount Pictures, Marvel Studios]"
"Crazy, Not Insane",2020,"Documentary,Biography,Crime","Crazy, Not Insane follows Dr. Dorothy Otnow Lewis, a psychiatrist who has dedicated her career to studying murderers and seeking answers as to why people kill. The film explores her lifelong attempts to look beyond the grisly details of homicides and into the hearts and minds of the killers themselves."
The Dark Knight Rises,2012,"Action,Drama,Thriller","It has been eight years since Batman vanished into the night, turning, in that instant, from hero to fugitive. Assuming the blame for the death of D.A. Harvey Dent, the Dark Knight sacrificed everything for what he and Commissioner Gordon both hoped was the greater good. For a time the lie worked, as criminal activity in Gotham City was crushed under the weight of the anti-crime Dent Act. But everything will change with the arrival of a cunning cat burglar with a mysterious agenda. Far more dangerous, however, is the emergence of Bane, a masked terrorist whose ruthless plans for Gotham drive Bruce out of his self-imposed exile. But even if he dons the cape and cowl again, Batman may be no match for Bane. (Warner Bros. Pictures)"
Zootopia,2016,"Animation,Action,Adventure,Comedy,Crime,Family,Mystery","The modern mammal metropolis of Zootopia is a city like no other. Comprised of habitat neighborhoods like ritzy Sahara Square and frigid Tundratown, it’s a melting pot where animals from every environment live together—a place where no matter what you are, from the biggest elephant to the smallest shrew, you can be anything. But when optimistic Officer Judy Hopps arrives, she discovers that being the first bunny on a police force of big, tough animals isn’t so easy. Determined to prove herself, she jumps at the opportunity to crack a case, even if it means partnering with a fast-talking, scam-artist fox, Nick Wilde, to solve the mystery. [Walt Disney Animation Studios]"
Innocence,2005,"Drama,Mystery","In this cryptic story, a group of young girls are sequestered in a woodsy community where they are trained for ambiguous future roles."
Innocence,2001,"Drama,Mystery",The story of the love triangle that is created when a widower seeks out the married woman he fell in love with forty years earlier. 
Innocence,2014,"Drama,Mystery",A young woman (Sophie Curtis) discovers her elite Manhattan preparatory school harbors a dark secret.
Before Sunrise,1995,"Drama,Romance","A romantic look at the relationship between an American traveler and a French grad student who decide to spend a day together in Vienna.
"
Midnight Run,1988,"Action,Comedy,Crime,Thriller","Bounty hunter Jack Walsh (De Niro) is offered $100,000 from a bail bondsman to capture fugitive accountant Jonathan ""the Duke"" Mardukas (Grodin) and bring him to Los Angeles in time for his trial date.  Walsh must avoid a rival bounty hunter, the FBI, and the mob to earn his payday."
Promare,2019,"Animation,Action,Adventure,Comedy,Drama,Fantasy,Sci-Fi,Thriller","Thirty years has passed since the appearance of Burnish, a race of flame-wielding mutant beings, who destroyed half of the world with fire. When a new group of aggressive mutants calling themselves ""Mad Burnish"" appears, the epic battle between Galo Thymos, a new member of the anti-Burnish rescue team ""Burning Rescue,"" and Lio Fotia, the leader of ""Mad Burnish"" begins."
Princess Mononoke,1999,"Animation,Action,Adventure,Fantasy",The mythological tale of a war between encroaching civilization and the beast gods of the forest.  (Miramax)
The Army of Crime,2010,"Drama,History,War","The poet Missak Manouchian leads a mixed bag of youngsters and immigrants in a clandestine battle against the Nazi occupation. Twenty-two men and one woman fighting for an ideal and for freedom. News of their daring attacks, including the assassination of an SS general, eventually reaches Berlin."
Heat,1995,"Action,Crime,Drama",A riveting story about an intense rivalry between expert thief Neil McCauley (Robert De Niro) and volatile cop Vincent Hanna (Al Pacino).
Occupied City,2023,"Documentary,History,War","The past collides with the present in this excavation of the Nazi occupation of Amsterdam: a journey from World War II to recent years of pandemic and protest and a provocative, life-affirming reflection on memory, time and what's to come."
The Usual Suspects,1995,"Crime,Drama,Mystery,Thriller","Five career criminals in New York are rounded up for a standard police line-up. After release, they get together for a bit of revenge by pulling off a $3 million emerald heist. This scheme brings them to the attention of an underworld crime figure who convinces them to do a highly dangerous job."
Nightcrawler,2014,"Crime,Drama,Thriller","Lou Bloom (Jake Gyllenhaal), a driven young man desperate for work, discovers the high-speed world of L.A. crime journalism. Finding a group of freelance camera crews who film crashes, fires, murder and other mayhem, Lou muscles into the cut-throat, dangerous realm of nightcrawling -- where each police siren wail equals a possible windfall and victims are converted into dollars and cents. Aided by Nina (Rene Russo), a veteran of the blood-sport that is local TV news, Lou blurs the line between observer and participant to become the star of his own story. [Open Road]"
Joan Baez I Am A Noise,2023,"Documentary,Biography,Music","Facing the end of a 60-year musical career, legendary singer and activist Joan Baez takes an honest look back and a deep look inward as she tries to make sense of her large history-making life and reveals, for the first time, personal struggles she’s kept private, until now."
The Cider House Rules,1999,"Drama,Romance","This is the story of a compassionate young man (Maguire), raised in an orphanage and trained to be a doctor by the abortionist (Caine) who runs the orphanage.                                                  "
Free Time,2024,Documentary,"Drew (Colin Burgess) is approaching the end of his twenties and, with it, his relative youth. Looking to make a sudden change, he decides to quit his cushy desk job and “embrace life.” Cycling quickly through friends, hobbies, and goals, it’s not long until Drew realizes he has no idea what to do with his newfound freedom."
Dirty God,2020,Drama,A young British mother struggles to reclaim her life after a brutal acid attack leaves her severely scarred.
Twelve Monkeys,1996,"Mystery,Sci-Fi,Thriller","Between sanity and madness, fantasy and reality, the past and the future, comes an adventure beyond imagination from Terry Gilliam, the acclaimed director of ""The Fisher King."" Penal colony prisoner James Cole (Willis) must travel back in time from the year 2035 to find the cause of a virus that killed five billion people in 1997. (Universal)"
Samson and Delilah,2010,"Drama,Romance","Samson, a cheeky 15-year-old boy, and Delilah live in an isolated Aboriginal community in the Central Australian desert. Amongst a tiny collection of houses, everything here happens in a cycle. Day in and day out - nothing changes, everything stays the same and no one seems to care. When tragedy strikes they turn their backs on home and embark on a journey of survival. The two teenagers soon discover that life outside the community can be cruel. Though hungry and rejected Samson and Delilah fall in love. It is all they have. It is real. Lost, unwanted and alone they discover that life isn't always fair, but love never judges. [IndiePix]"
Shrek 2,2004,"Animation,Adventure,Comedy,Family,Fantasy,Romance",The fairy tale continues as everyone's favorite ogre faces his greatest challenge of all -- the inlaws!  (DreamWorks)
Leap of Faith: William Friedkin on the Exorcist,2020,Documentary,"A lyrical and spiritual cinematic essay on The Exorcist, Leap Of Faith explores the uncharted depths of William Friedkin's mind's eye, the nuances of his filmmaking process, and the mysteries of faith and fate that have shaped his life and filmography. "
Metropolis,2002,"Drama,Sci-Fi","This Japanese anime, set in the future, depicts a grand city-state populated by humans and robots, the cohabitants of a strictly segmented society.  (Sony)"
Terminator 2: Judgment Day,1991,"Action,Adventure,Sci-Fi","In a future, war-ravaged Los Angeles in which the machines have taken over the earth, a faction of human rebels led by an adult John Connor do battle with the cyborgs. Two ""intelligent machines"" have been dispatched to the past, one -- a replica of the Terminator model T-800 which dominated the original film -- to protect the young Connor, the other -- a shape-shifting metallic T-1000 -- to kill him. "
Inception,2010,"Action,Adventure,Sci-Fi,Thriller","Dom Cobb is a skilled thief, the absolute best in the dangerous art of extraction, stealing valuable secrets from deep within the subconscious during the dream state, when the mind is at its most vulnerable. Cobb's rare ability has made him a coveted player in this treacherous new world of corporate espionage, but it has also made him an international fugitive and cost him everything he has ever loved. Now Cobb is being offered a chance at redemption. One last job could give him his life back but only if he can accomplish the impossible—inception. Instead of the perfect heist, Cobb and his team of specialists have to pull off the reverse: their task is not to steal an idea but to plant one. If they succeed, it could be the perfect crime. But no amount of careful planning or expertise can prepare the team for the dangerous enemy that seems to predict their every move. An enemy that only Cobb could have seen coming. This summer, your mind is the scene of the crime. [Warner Bros. Pictures]"
2nd Chance,2022,Documentary,"Broke, brave, and brash, Richard Davis shot himself 192 times. Why? To invent the modern-day bulletproof vest and launch a multimillion-dollar company. He was a hero to police and the military, until tragedy brought him down. His is an American story of guns, violence, lies, and self-deception."
A Couple,2022,Drama,"A Couple follows a long term relationship between a man and a woman. The man is Leo Tolstoy. The woman is his wife, Sophia."
Interstellar,2014,"Adventure,Drama,Sci-Fi","With our time on Earth coming to an end, a team of explorers undertakes the most important mission in human history; traveling beyond this galaxy to discover whether mankind has a future among the stars. [Paramount Pictures]"
Ahead of Time,2010,"Documentary,Biography","With her love of adventure and fearlessness, Ruth Gruber defied tradition from the moment she became the world’s youngest PhD at the age of 20 in 1931. Ahead of Time tells the remarkable journey of 96 year-old Gruber, and is the directorial debut of noted cinematographer Bob Richman (The September Issue, My Architect, and An Inconvenient Truth). Gruber continued to make history throughout her trail-blazing career by becoming the first journalist to enter the Soviet Arctic in 1935 and escorting 1000 Holocaust refugees from Naples to New York in a secret war-time mission in 1944. She covered the heart wrenching ordeal of the refugees aboard the ship Exodus
1947 with photographs that helped change the world. (Reel Inheritance Films)"
Edward Scissorhands,1990,"Drama,Fantasy,Romance","In this modern fairy tale, Edward is a gentle, naive creation with razor sharp scissors for hands. When he is taken home by a kindly Avon lady live with her family, his adventure in the pastel paradise of Suburbia begins! (20th Century Fox)"
Sin City,2005,"Crime,Thriller","Robert Rodriguez and comic book icon Frank Miller co-direct Sin City, based on the series of graphic novels created, written and illustrated by Miller.  The film is infested with criminals, crooked cops and sexy dames, some searching for vengeance, some for redemption and others, both. [Dimension Films]"
Japanese Story,2003,"Drama,Romance","A cross-cultural journey, an emotional drama and a haunting love story between an ambitious geologist and a Japanese businessman.  (Samuel Goldwyn Films)"
Behind the Sun,2001,Drama,"Set in the Brazilian badlands in 1910, Behind the Sun tells the story of two families locked in a generations-old deadly feud. It started out as a battle over land, but now it's escalated into a series of reprisals that is claiming the lives of the young men on both sides.  (Miramax Films)"
The Bourne Supremacy,2004,"Action,Mystery,Thriller","The Bourne Supremacy re-enters the shadowy world of expert assassin Jason Bourne (Damon), who continues to find himself plagued by splintered nightmares from his former life. The stakes are now even higher for the agent as he coolly maneuvers through the dangerous waters of international espionage - replete with CIA plots, turncoat agents and ever-shifting covert alliances - all the while hoping to find the truth behind his haunted memories and answers to his own fragmented past.  (Universal Studios)"
Casino,1995,"Crime,Drama","A in-depth look at the operation of a Las Vegas casino in the 1970s, Scorsese's film chronicles the rise and fall of casino manager Ace Rothstein (Robert De Niro). "
Meet the Parents,2000,"Comedy,Romance","When a young woman (Teri Polo) takes her fiancee (Ben Stiller) home to meet her parents (Robert De Niro, Blythe Danner), everything goes wrong."
The Matrix,1999,"Action,Sci-Fi","A computer hacker (Keanu Reeves) learns that his entire life has been a virtual dream, orchestrated by a strange class of computer overlords in the far future. He joins a resistance movement to free humanity from lives of computerized brainwashing."
Zombieland,2009,"Action,Comedy,Horror","Columbus has made a habit of running from what scares him. Tallahassee doesn't have fears. If he did, he'd kick their ever-living ass. In a world overrun by zombies, these two are perfectly evolved survivors. But now, they're about to stare down the most terrifying prospect of all: each other. (Sony Pictures)"
The Lookout,2007,"Crime,Drama,Thriller","This intelligent crime drama is centered around Chris (Gordon-Levitt), a once promising high school athlete whose life is turned upside down following a tragic accident. As he tries to maintain a normal life, he takes a job as a janitor at a bank when he ultimately finds himself caught up in a planned heist.  (Miramax Films)"
The Company,2003,"Drama,Music,Romance",This ensemble drama about the life of a company of ballet dancers focuses on a young dancer (Campbell) on the verge of becoming a principal dancer.
Coded Bias,2020,Documentary,An exploration of the fallout of MIT Media Lab researcher Joy Buolamwini's startling discovery of racial bias in facial recognition algorithms.
Ammonite,2020,"Drama,History,Romance","1840s England, acclaimed but overlooked fossil hunter Mary Anning and a young woman sent to convalesce by the sea develop an intense relationship, altering both of their lives forever."
American Pain,2023,"Documentary,History,Sport",American Pain traces the rise and fall of twin bodybuilders from Florida who become the kingpins of the largest oxycodone trafficking network in US history.
Fireball: Visitors from Darker Worlds,2020,Documentary,Fireball: Visitors From Darker Worlds explores how meteorites have impacted our planet’s landscapes and cultures.
Amer,2010,"Drama,Horror,Mystery,Thriller","Ana is confronted to Body and Desire at three key moments of her life. Her carnal search sways between reality and colored fantasies becoming more and more oppressive. A black laced hand prevents her from screaming. The wind lifts her dress and caresses her thighs. A razor blade brushes her skin, where will this chaotic and carnivorous journey leave her? (Olive Films)"
Match Point,2005,"Drama,Romance,Thriller","Match Point is a drama about ambition and obsession, the seduction of wealth, and the often discordant relationship between love and sexual passion.  Perhaps most importantly, however, the story reveals the huge part luck plays in the events of our lives, refuting the comforting misconception that more of life is under our control than really is.  (Dream Works Pictures)"
Good Will Hunting,1997,"Drama,Romance","Will Hunting (Matt Damon) is a brilliant mathematician, but also an angry young man. To avoid jail time, he agrees to work with Sean (Robin Williams) a therapist who comes from the same tough Boston neighborhood.  "
Red Eye,2005,Thriller,"Wes Craven presents a suspense thriller at 30,000 feet. Lisa Reisert (McAdams) hates to fly, but the terror that awaits her on the night flight to Miami has nothing to do with fear of flying. Moments after takeoff, Lisa's seatmate Jackson (Murphy), menacingly reveals that he is an operative in a plot to kill the Deputy Secretary of Homeland Security -- and Lisa is the key to his success.  (DreamWorks Pictures)"
Proxima,2020,"Adventure,Drama,Sci-Fi",An astronaut prepares for a one-year mission aboard the International Space Station.
Edge of Tomorrow,2014,"Action,Adventure,Sci-Fi","Lt. Col. Bill Cage (Tom Cruise) is an officer who has never seen a day of combat when he is unceremoniously dropped into what amounts to little more than a suicide mission. Killed within minutes, Cage now finds himself inexplicably thrown into a time loop—forcing him to live out the same brutal combat over and over, fighting and dying again…and again. But with each battle, Cage becomes able to engage the adversaries with increasing skill, alongside Special Forces warrior Rita Vrataski (Emily Blunt). And, as Cage and Rita take the fight to the aliens, each repeated encounter gets them one step closer to defeating the enemy. [Warner Bros. Pictures]"
Frybread Face and Me,2023,Drama,Two adolescent Navajo cousins from different worlds bond during a summer herding sheep on their grandmother's ranch in Arizona while learning more about their family's past and themselves.
Requiem for a Dream,2000,Drama,"This modern-day fable is set on the rusted mean streets of Coney Island, Brooklyn.  The dual storyline parallels four people who set out in pursuit of a better life.  [Artisan Entertainment]"
Neshoba,2010,Documentary,"NESHOBA tells the story of a Mississippi town still divided about the meaning of justice, 40 years after the murders of civil rights workers James Chaney, Andrew Goodman and Michael Schwerner. Although Klansmen bragged openly about what they did in 1964, no one was held accountable until 2005, when the State indicted preacher Edgar Ray Killen, an 80-year-old notorious racist and alleged mastermind of the killings. Through intimate interviews with the families of the victims, candid interviews with black and white Neshoba County Citizens, and exclusive, first time interviews with Killen, the film explores whether healing and reconciliation are possible without telling the unvarnished truth."
Tuesday,2024,"Drama,Fantasy",A mother (Julia Louis-Dreyfus) and her teenage daughter (Lola Petticrew) must confront Death when it arrives in the form of an astonishing talking bird. 
Dawn of the Dead,2004,"Action,Horror","In this remake of George A. Romero's horror classic, a nurse, a policeman, a young married couple, a salesman, and other survivors of a worldwide plague that is producing aggressive, flesh-eating zombies, take refuge in a Midwestern shopping mall."
Liar Liar,1997,"Comedy,Fantasy","Jim Carrey stars as a fast-talking attorney and habitual liar who, forced by his son's birthday wish, must tell the truth for the next 24 hours.  (Universal)"
The Hoax,2007,"Biography,Comedy,Drama,History","Inspired by true events, this film stars Richard Gere as Clifford Irving, a charismatic and charming writer who persuades the world that he is the authorized biographer for the reclusive billionaire Howard Hughes.  (Miramax Films)"
RoboCop,1987,"Action,Crime,Sci-Fi,Thriller","When Officer Alex J. Murphy (Weller) is murdered in a futuristic crime-ridden Detroit, scientists and doctors decide to turn him into a ""Robocop"". He seeks revenge when memories of his past life return."
RoboCop,2014,"Action,Crime,Sci-Fi,Thriller","The year is 2028 and multinational conglomerate OmniCorp is at the center of robot technology. Overseas, their drones have been used by the military for years, but have been forbidden for law enforcement in America. Now OmniCorp wants to bring their controversial technology to the home front, and they see a golden opportunity to do it. When Alex Murphy (Joel Kinnaman) – a loving husband, father and good cop doing his best to stem the tide of crime and corruption in Detroit – is critically injured, OmniCorp sees their chance to build a part-man, part-robot police officer. OmniCorp envisions a RoboCop in every city and even more billions for their shareholders, but they never counted on one thing: there is still a man inside the machine."
Cinderella Man,2005,"Biography,Drama,Romance,Sport","In the middle of the Great Depression, when an America in the grips of a devastating economic downturn was nearly brought to its knees, there came along a most unlikely hero who had crowds cheering on their feet as he proved just how hard a man would fight to win a second chance for his family and himself. That common-man hero was James J. Braddock, a.k.a. the ""Cinderella Man""-who was to become one of the most surprising and inspirational sports legends in history.  (Universal Pictures)"
Monsoon,2020,"Drama,History,Romance","Kit (Henry Golding) returns to Ho Chi Minh City for the first time since he was six years old when his family fled the country in the aftermath of the Vietnam-American war. There he meets Lee, his estranged second cousin, Linh, a young Vietnamese student, and arranges an online date that turns into something more with Lewis (Parker Sawyers), an American clothing designer. Struggling to make sense of himself in a city he’s no longer familiar with, he embarks on a personal journey across the country that opens up the possibility for friendship, love and happiness."
I Am Greta,2020,"Documentary,Biography","The story of teenage climate activist Greta Thunberg is told through compelling, never-before-seen footage in this intimate documentary from Swedish director Nathan Grossman. Starting with her one-person school strike for climate action outside the Swedish Parliament, Grossman follows Greta—a shy student with Asperger’s—in her rise to prominence and her galvanizing global impact as she sparks school strikes around the world. The film culminates with her extraordinary wind-powered voyage across the Atlantic Ocean to speak at the UN Climate Action Summit in New York City. [Hulu]"
Jingle Jangle: A Christmas Journey,2020,"Family,Fantasy,Musical","Set in the gloriously vibrant town of Cobbleton, Jingle Jangle: A Christmas Journey follows legendary toymaker Jeronicus Jangle (Forest Whitaker) whose fanciful inventions burst with whimsy and wonder. But when his trusted apprentice (Keegan-Michael Key) steals his most prized creation, it’s up to his equally bright and inventive granddaughter (Madalen Mills) — and a long-forgotten invention — to heal old wounds and reawaken the magic within. "
Kings of Pastry,2010,"Documentary,Drama,Family,History","Imagine a scene never before witnessed: Sixteen French pastry chefs gathered in Lyon for three intense days of mixing, piping and sculpting everything from delicate chocolates to six-foot sugar sculptures in hopes of being declared by President Nicolas Sarkozy one of the best. This is the prestigious Meilleurs Ouvriers de France competition (Best Craftsmen in France). The blue, white and red striped collar worn on the jackets of the winners is more than the ultimate recognition for every pastry chef – it is a dream and an obsession. The finalists, France’s culinary elite, risk their reputations as well as sacrifice family and finances in pursuit of this lifelong distinction of excellence. Similar to the Olympics, the three-day contest takes place every four years and it requires that the chefs not only have extraordinary skill and nerves of steel, but also a lot of luck. [First Run Features]"
Kill Bill: Vol. 1,2003,"Action,Crime,Thriller",An epic tale of one woman's quest for justice presented in two installments.  (Miramax)
Changing Lanes,2002,"Drama,Thriller",A rush hour fender-bender on New York City's crowded FDR Drive turns two complete strangers into vicious adversaries.  (Paramount Pictures)
Tiger Stripes,2024,Horror,"12-year-old Zaffan is a rebellious and carefree young girl, until she begins to see horrifying physical changes in her body. When her friends find out, hysteria ensues - one by one teen girls drop to the floor in fits and rumors of a dark figure causing it quickly spread through their school. A medical officer arrives to drive out the demon and he suspects Zaffan may be the problem. He begins to perform an exorcism on her, until she reveals her true self, her wrath, rage and her beauty, to everyone."
Pulse,2005,"Horror,Sci-Fi,Thriller",Two groups of people discover evidence that suggests spirits may be trying to invade the human world through the Internet.
Pulse,2006,"Horror,Sci-Fi,Thriller",Jim Sonzero directs this remake of Kiyoshi Kurosawa's apocalyptic horror classic.
Fracture,2007,"Crime,Drama,Thriller","When a meticulous structural engineer (Anthony Hopkins) is found innocent of the attempted murder of his wife (Embeth Davidtz), the young district attorney (Ryan Gosling) who is prosecuting him becomes a crusader for justice. Fracture is packed with twists and turns that weave in and out of the courtroom as the pair try to outwit each other.  [New Line Cinema]"
Jurassic Park,1993,"Action,Adventure,Sci-Fi,Thriller","Featuring incredible special effects and action-packed drama, Jurassic Park takes you to a remote island where an amazing theme park with living dinosaurs is about to turn deadly, as five people must battle to survive among the prehistoric predators. [Universal Pictures]"
Gladiator,2000,"Action,Adventure,Drama","Before Maximus (Crowe), the heroic Roman General, can honor the wishes of his dying emperor Marcus Aurelius (Harris) by assuming the emperor's role, the emperor's cruel and corrupt son Commodus (Phoenix) orders the execution of Maximus and his family.  Escaping death, Maximus assumes the life of an anonymous gladiator, fighting his way back to the Roman Colosseum where he seeks revenge and a return to justice for Rome."
Gladiator,1992,"Action,Adventure,Drama","Tommy Riley has moved with his dad to Chicago from a 'nice place'. He keeps to himself, goes to school. However, after a street fight he is noticed and quickly falls into the world of illegal underground boxing - where punches can kill."
Berlin Babylon,2001,Documentary,"A city divided for nearly half a century begins to rebuild. Shot over a 5-year period, this film records the myriad controversies at the heart of a massive building campaign by international companies anxious to make their mark in the new European capital.  (Film Forum)
"
Open Range,2003,"Action,Drama,Romance,Western","Academy-Award winning director Kevin Costner (""Dances with Wolves"") helms this traditional Western tale of a way of life that is quickly disappearing.  (Touchstone Pictures)"
Guinevere,1999,"Drama,Romance","Harper Sloane (Polley), an affluent college graduate on her way to Harvard Law, meets a much older Bohemian photographer named Connie (Rea) at her sister's wedding.  She moves in with Connie and mixes romance with her unorthodox education in the ways of photography."
Stranger Than Fiction,2006,"Comedy,Drama,Fantasy,Romance","Will Ferrell plays Harold Crick, an IRS Agent whose world is turned upside-down when he begins to hear his life being chronicled by a narrator only he can hear. The Narrator, Kay Eiffel (Emma Thompson), a nearly forgotten author of tragic novels, is struggling to complete her latest and best book, unaware that her protagonist is alive and uncontrollably guided by her words. Fiction and reality collide when the bewildered and hilariously resistant Harold hears the Narrator say that events have been set in motion that will lead to his imminent death.  (Sony)"
Selena,1997,"Biography,Drama,Music","This biographical drama charting the extraordinary career and tragic slaying of pop singing sensation Selena.  (Warner Bros.)
"
Fight Club,1999,Drama,"The film's narrator (Edward Norton) attends support groups of all kinds as a way to ""experience"" something within his unfeeling, commercial existence.  On a business trip, he meets Tyler Durden (Bradd Pitt) who encourages them to form a fight club as a release for their latent aggressive tendencies.  "
The Life Ahead,2020,Drama,"In seaside Italy, Madame Rosa (Sophia Loren), a Holocaust survivor with a daycare business, takes in 12-year-old street kid Momo, the boy who recently robbed her. The two loners become each other’s protectors, anchoring an unconventional family."
Just the Two of Us,2024,"Drama,Thriller","When Blanche (Virginie Efira) meets the charismatic Gregoire (Melvil Poupaud) at a party her twin sister Rose drags her to, she thinks she has found the one. The ties that bind them grow quickly, and a passionate affair ensues. Rose has serious reservations about Gregoire, but against her better judgment, they decide to marry and move in together. Blanche and Gregoire soon relocate far from Blanche’s family where her new life begins; having two children, working as an elementary school teacher, and learning to tiptoe around Gregoire’s unfounded burgeoning insecurities. Little by little Blanche finds herself caught in the grip of a deeply possessive and dangerous man, desperate to escape his increasingly threatening affections. Adapted from Éric Reinhardt’s prize-winning novel L’amour et les forêts."
Crash,2005,"Crime,Drama,Thriller","A provocative, unflinching look at the complexities of racial tolerance in contemporary America. Diving headlong into the diverse melting pot of post-9/11 Los Angeles, this compelling urban drama tracks the volatile intersections of a multi-ethnic case of characters' struggles to overcome their fears as they careen in and out of one another's lives. (Lions Gate Films) "
Crash,1997,"Crime,Drama,Thriller","The immediate subject matter of Crash is the strange lure of the auto collision, provoking as it does the human fascination with death and the tendency to eroticize danger. Most motorists will slow down to stare at the scene of a collision; they may feel their pulses quickening and become exquisitely aware of the fragility of their own bodies. The characters of Crash carry this awareness a step further, cherishing and nurturing it. For them, a car collision is a sexual turn-on, and a jolting life-force they come to crave.  [Fine Line Features]"
The Prestige,2006,"Drama,Mystery,Sci-Fi,Thriller","Christopher Nolan directs this mysterious story of two magicians whose intense rivalry leads them on a life-long battle for supremacy full of obsession, deceit and jealousy with dangerous and deadly consequences.  (Touchstone Pictures)"
Ultraman: Rising,2024,"Animation,Action,Adventure,Comedy,Family,Fantasy,Sci-Fi","When baseball superstar Ken Sato returns home to Japan to pick up the mantle of Earth-defending superhero Ultraman, he quickly finds more than he bargained for as he’s forced to raise the offspring of his greatest foe."
Scream,1996,"Horror,Mystery","After a series of mysterious deaths befalls their small town, an offbeat group of friends led by Sydney Prescott (Neve Campbell) become the target of a masked killer. As the body count begins to rise, Sydney and her friends find themselves contemplating the ""Rules"" of horror films as they find themselves living in a real-life one. [Miramax]"
Scream,2022,"Horror,Mystery","Twenty-five years after a streak of brutal murders shocked the quiet town of Woodsboro, a new killer has donned the Ghostface mask and begins targeting a group of teenagers to resurrect secrets from the town’s deadly past."
The Turandot Project,2001,"Documentary,Music","This documentary chronicles the creation of the extraordinary outdoor production of Puccini's opera ""Turandot"" in the Forbidden City of Beijing."
Closer,2004,"Drama,Romance","A bitingly funny and honest look at modern relationships, Closer is the story of four strangers -- their chance meetings, instant attractions and casual betrayals.  (Sony Pictures)"
Vengeance,2022,"Action,Crime,Thriller","Ben Manalowitz, a journalist and podcaster from New York City, travels to West Texas to investigate the death of a girl he was hooking up with. "
The Dead Girl,2006,"Crime,Drama,Mystery,Thriller",The Dead Girl is a quintet of stories about seemingly unrelated people whose lives converge around the murder of a young woman.  (First Look Pictures)
Seven,1995,"Crime,Drama,Mystery,Thriller","Two New York City detectives (Pitt, Freeman) find themselves on the trail of a vicious serial killer that chooses his victims according to the seven deadly sins.  (New Line Cinema)"
Sleepy Hollow,1999,"Fantasy,Horror,Mystery","In woods near the tiny New England village of Sleepy Hollow in the late 18th century, Icabod Crane (Depp)  is sent to investigate a series of murders reportedly commited by a headless horseman."
Leo,2023,"Animation,Adventure,Comedy,Family,Musical","Jaded 74-year-old lizard Leo (Adam Sandler) has been stuck in the same Florida classroom for decades with his terrarium-mate turtle (Bill Burr). When he learns he only has one year left to live, he plans to escape to experience life on the outside but instead gets caught up in the problems of his anxious students — including an impossibly mean substitute teacher. It ends up being the strangest but most rewarding bucket list ever."
Dr T and the Women,2000,"Comedy,Drama,Romance","Dr. Sullivan Travis (Gere) is a man at the top of his game, a rich and successful Dallas gynecologist whose ""religion"" is women.  Once a man in complete control of his universe, Dr. T now finds himself buffeted by chaos and confusion.  (Artisan Entertainment)"
Ghosts of Cité Soleil,2007,"Documentary,Action,Drama,Music,Romance,War","Billed as a Caribbean epic of family, love and violence, this film takes us inside the lives of the notorious gang leaders who dominate the Haitian slum of Cite Soleil.  (ThinkFilm)"
The Sixth Sense,1999,"Drama,Mystery,Thriller","In this chilling, psychological thriller, 8-year-old Cole Sear (Osment) is haunted by a dark secret: he is visited by ghosts. Confused by his paranormal powers, Cole is too young to understand his purpose and too afraid to tell anyone about his anguish, except child psychologist Dr. Malcolm Crowe (Willis). As Dr. Crowe tries to uncover the ominous truth about Cole's supernatural abilities, the consequences for client and therapist are a jolt that awakens them both to something harrowing...and unexplainable. (Hollywood Pictures)"
Cora Bora,2024,"Comedy,Drama","Cora (Meg Stalter) puts her fledgling music career and life of random hookups on hold to go back home to win her girlfriend back, where she realizes that it's much more than her love life that needs salvaging."
Wedding Crashers,2005,"Comedy,Romance",This outrageous comedy stars Vince Vaughn and Owen Wilson as divorce mediators and lifelong friends who have never met a wedding they couldn't get themselves into.  (New Line Cinema)
The Way Home,2002,Drama,A film about the innocence and unconditional love that grows between a young boy and his grandmother. (Paramount Classics)
Pirates of the Caribbean: The Curse of the Black Pearl,2003,"Action,Adventure,Fantasy","For the roguish yet charming Captain Jack Sparrow (Depp), the crystalline waters if the Caribbean present a vast playground where adventure and mystery abound.  But Jack's idyllic pirate life capsizes after his nemesis, the wily Captain Barbossa (Rush), steals his ship, the Black Pearl, and kidnaps the Governor's (Pryce) beautiful daughter, Elizabeth Swann (Knightley).  (Disney)"
Let Him Go,2020,"Crime,Drama,Thriller,Western","Following the loss of their son, retired sheriff George Blackledge (Kevin Costner) and his wife Margaret (Diane Lane) leave their Montana ranch to rescue their young grandson. When they discover that he is in the clutches of a dangerous family living off the grid in the Dakotas, George and Margaret must fight for the survival of their family."
Shutter Island,2010,"Drama,Mystery,Thriller","Shutter Island is the story of two U.S. marshals, Teddy Daniels and Chuck Aule, who are summoned to a remote and barren island off the cost of Massachusetts to investigate the mysterious disappearance of a murderess from the island's fortress-like hospital for the criminally insane. (Paramount Pictures) 
"
Youth in Revolt,2010,"Comedy,Drama,Romance","Youth in Revolt is the story of Nick Twisp – a unique, but affable teen with a taste for the finer things in life like Sinatra and Fellini – who falls hopelessly in love with the beautiful, free-spirited Sheeni Saunders while on a family vacation. But family, geography and jealous ex-lovers conspire to keep these two apart. With Sheeni’s encouragement, Nick abandons his dull, predictable life and develops a rebellious alter ego: Francois. With his ascot, his moustache and his cigarette, Francois will stop at nothing to be with Sheeni, and leads Nick Twisp on a path of destruction with unpredictable and uproarious consequences. (The Weinstein Company)"
Lord of War,2005,"Crime,Drama","The film, based on fact, follows the globetrotting exploits of arms dealer Yuri Orlov (Cage). Through some of the deadliest war zones, Yuri struggles to stay one step ahead of a relentless Interpol agent (Hawke), his business rivals, even some of his customers who include many of the world’s most notorious dictators. Finally, Yuri must also face his own conscience.  (Lions Gate)"
Punching the Clown,2010,Comedy,"Henry Phillips, a hapless modern day troubadour who grinds his way through the heartland, living out of his car and singing his twisted satirical songs to anyone who will listen. After a booking mishap involving a Christian fundraiser, he decides he's hit rock bottom.
Seeking to shake things up, he moves to L.A. where his luck changes overnight. Thanks less to his inept manager than to a wild case of mistaken identity, he falls backwards into a string of packed gigs, a record deal and even the promise of love. But he who lives by the whimsy of show business dies by it, and reality hits him like a fist in the face: an innocent miscommunication over a bagel starts a vicious rumor about him in the tabloids. Luckily, somewhere between rock bottom and the middle of nowhere lies the perfect terrain for his dark and hilarious songs. (Viens Films)"
The Ice Harvest,2005,"Comedy,Crime,Drama,Thriller",A wickedly funny thriller about thick thieves and thin ice.  (Focus Features)
A Radiant Girl,2023,"Drama,History","Paris, summer 1942. Irene (Rebecca Marder) is a 19-year-old aspiring actress without a care in the world. Her family watches her discover friends, new love and a passion for the theater, all the while without her realizing that time is running out. "
A Million Miles Away,2023,"Biography,Drama","Inspired by the real-life story of NASA flight engineer José Hernández, A Million Miles Away follows him and his devoted family of proud migrant farm workers on a decades-long journey, from a rural village in Michoacán, Mexico, to the fields of the San Joaquin Valley, to more than 200 miles above the Earth in the International Space Station. With the unwavering support of his hard-working parents, relatives, and teachers, José’s unrelenting drive & determination culminates in the opportunity to achieve his seemingly impossible goal. Acclaimed writer and director Alejandra Márquez Abella has created a dazzling tribute to the loyalty and tenacity of the entire Hernández family, as well as anyone who dares to dream. [Amazon Studios]"
The True Adventures of Wolfboy,2020,"Adventure,Crime,Drama","Paul lives an isolated life with his father in upstate New York. He finds making friends impossible due to a rare condition he has known as congenital hypertrichosis - an affliction that causes an abnormal amount of hair growth all over his face and body. On his 13th birthday, Paul receives a mysterious gift that compels him to run away and seek out the mother he has never known."
Drawing Restraint 9,2006,Fantasy,"Drawing Restraint 9, a film by Matthew Barney with a soundtrack composed by Björk, represents the first creative collaboration of two of the most protean, dynamic forces in music and fine art.  (IFC Films)"
The Count of Monte Cristo,2002,"Action,Adventure,Drama,Thriller",Alexandre Dumas's classic story of an innocent man wrongly but deliberately imprisoned and his brilliant strategy for revenge against those who betrayed him.  (Touchstone Pictures)
The Informer,2020,"Action,Crime,Drama,Thriller","Honorably discharged Special Ops soldier Pete Koslow's (Joel Kinnaman) world is turned upside-down when he is jailed after a fight to protect his wife (Ana de Armas). He's given a chance for early release by becoming an informant for the FBI (Rosamund Pike and Clive Owen) and using his covert skills in an operation to take down The General, the most powerful crime boss in New York. But when the FBI sting meant to finally earn Koslow his freedom results in the death of an undercover NYPD cop, Koslow finds himself caught in the crossfire between the mob and the FBI. The General insists Koslow takes the heat and sends him back to prison to spearhead a drug operation from inside, and the FBI affirms that going back to jail to do The General's bidding is the only way for Koslow to keep his deal with them alive. Caught in a world of impossible choices, Koslow must return to prison, where he formulates a plan to escape the clutches of three of New York City's most powerful organizations - the mob, the NYPD and the FBI - in order to save himself and his family."
Fear X,2005,Thriller,This psychological thriller stars John Turturro as a security guard whose wife is murdered in the mall where he works.
Criminal,2004,"Comedy,Crime,Drama,Thriller","Set in Los Angeles over the course of 24 hours, Criminal follows a day in the life of two smalltime bunco artists who stumble upon a foolproof, and extremely lucrative, scam.  (Warner Bros.)"
Criminal,2016,"Comedy,Crime,Drama,Thriller","In a last-ditch effort to stop a diabolical plot, a dead CIA operative’s memories, secrets, and skills are implanted into an unpredictable and dangerous death-row inmate (Kevin Costner) in hopes that he will complete the operative’s mission."
Fighting,2009,"Action,Crime,Drama,Romance,Sport","Small-town boy Shawn MacArthur has come to New York City with nothing. Barely earning a living selling counterfeit goods on the streets, his luck changes when scam artist Harvey Boarden sees that he has a natural talent for street-fighting. When Harvey offers Shawn help at making the real cash, the two form an uneasy partnership. (Rogue Pictures)
"
The Grab,2024,Documentary,"Quietly and seemingly out of sight, governments, financial investors, and private security forces are dividing up the world’s last remaining food and water resources. Communities are forced to stand by as their aquifers are sucked dry, and land they have owned for generations is grabbed from under their feet. As the scale of the run-on natural resources is uncovered by a team of investigative reporters, issues bubble to the surface in real time. Russia’s attack on Ukraine uses food access as a geopolitical tool, and global food prices hit an all-time high."
Dredd,2012,"Action,Crime,Sci-Fi","The future America is an irradiated waste land. On its East Coast, running from Boston to Washington DC, lies Mega City One--a vast, violent metropolis where criminals rule the chaotic streets. The only force of order lies with the urban cops called ""Judges"" who possess the combined powers of judge, jury and instant executioner. Known and feared throughout the city, Dredd is the ultimate Judge. During a routine day on the job, Dredd is assigned to train and evaluate Cassandra Anderson, a rookie with powerful psychic abilities thanks to a genetic mutation. A heinous crime calls them to a neighborhood where fellow Judges rarely dare to venture--a 200 story vertical slum controlled by prostitute turned drug lord Ma-Ma (and her ruthless clan. When they capture one of the clan's inner circle, Ma-Ma overtakes the compound's control center and wages a dirty, vicious war against the Judges that proves she will stop at nothing to protect her empire. With the body count climbing and no way out, Dredd and Anderson must confront the odds and engage in the relentless battle for their survival. (Lionsgate)"
Total Recall,1990,"Action,Adventure,Sci-Fi","Doug Quaid (Arnold Schwarzenegger), a construction worker with a beautiful wife (Sharon Stone) and home in in the year 2084, decides to take a virtual vacation to Mars as a secret agent.  When things go wrong during the artificial memory implantation process, Quaid becomes reacts violently and must figure out if his life as Quaid or as the secret agent is his true life."
Analyze This,1999,"Comedy,Crime","When a mob boss (De Niro) suddenly starts to have panic attacks, he enlists the help of a reluctant psychiatrist (Crystal)."
Matthew Barney: No Restraint,2006,Documentary,"How does artist Matthew Barney use 45,000 pounds of petroleum jelly, a factory whaling vessel and traditional Japanese rituals to create his latest art project? Barney plowed the waters off the coast of Nagasaki to film his massive endeavor, Drawing Restraint 9. The documentary Matthew Barney: No Restraint journeys to Japan with Barney and his collaborator Bjork, as the visual artist creates a ""narrative sculpture"" telling a fantastical love story of two characters that transform from land mammals into whales.  (IFC First Take)"
Austin Powers: The Spy Who Shagged Me,1999,"Action,Adventure,Comedy,Crime","Austin (Myers) must time travel back to the Swinging Sixties, regain his mojo and save the world from destruction.  (New Line Cinema)"
Dating Amber,2020,"Comedy,Drama,Romance","Set-in Ireland during the mid-90’s, Eddie and Amber decide to stage a relationship in order to stop everyone speculating about their sexuality. Eddie is keen to follow his Dad into the military, while Amber dreams of moving to the liberal hub of London. However, their ‘ideal’ arrangement begins to fall apart, forcing Eddie deeper into denial as Amber realizes that a perilous future awaits her best friend unless she intervenes. "
The Shape of Things,2003,"Comedy,Drama,Romance","Writer/director Neil LaBute once again explores and explodes modern relationships in this contemporary story of love, sex and art set in a college town. (Focus Features)"
Heights,2005,"Drama,Romance","Heights follows five characters over twenty-four hours on a fall day in New York City. As the interrelated stories proceed, the connections between the lives of the five characters begin to reveal themselves and their stories unravel. (Sony Pictures Classics)"
Joker,2019,"Crime,Drama,Thriller","Arthur Fleck (Joaquin Phoenix) is struggling to find his way in Gotham’s fractured society.  A clown-for-hire by day, he aspires to be a stand-up comic at night…but finds the joke always seems to be on him.  Caught in a cyclical existence between apathy and cruelty, Arthur makes one bad decision that brings about a chain reaction of escalating events."
What If,2014,"Drama,Family,Fantasy,Romance","Medical school dropout Wallace (Daniel Radcliffe) has been repeatedly burned by bad relationships. So while everyone around him, including his roommate Allan (Adam Driver) seems to be finding the perfect partner (Mackenzie Davis), Wallace decides to put his love life on hold. It is then that he meets Chantry (Zoe Kazan) an animator who lives with her longtime boyfriend Ben (Rafe Spall). Wallace and Chantry form an instant connection, striking up a close friendship. Still, there is no denying the chemistry between them, leading the pair to wonder, what if the love of your life is actually your best friend?"
Uncle Frank,2020,"Comedy,Drama","In 1973, teenaged Beth Bledsoe (Sophia Lillis) leaves her rural Southern hometown to study at New York University where her beloved Uncle Frank (Paul Bettany) is a revered literature professor. She soon discovers that Frank is gay, and living with his longtime partner Walid “Wally” Nadeem (Peter Macdissi) -- an arrangement that he has kept secret for years. After the sudden death of Frank's father -- Beth’s grandfather -- Frank is forced to reluctantly return home for the funeral with Beth in tow, and to finally face a long-buried trauma that he has spent his entire adult life running away from."
Stone,2010,"Action,Drama,Mystery,Thriller",John Curran directs Angus MacLachlan's script about a convicted arsonist who looks to manipulate a parole officer into a plan to secure his parole by placing his beautiful wife in the lawman's path. [Overture Films]
The Human Stain,2003,"Drama,Romance,Thriller","The story of Coleman Silk (Hopkins), a distinguished professor at a prestigious New England college whose professional life is shattered by allegations of racism and whose personal life is infected with cancer of a lie he has been living with for fifty years.  (Miramax)"
"Lovely, Still",2010,"Drama,Romance","With the approach of Christmas causing him to feel lonely in life and love, Robert Malone braves the wintery snow to arrive home from his job at the grocery store only to find a stranger standing in his home. What begins as an odd and awkward encounter quickly blossoms into what appears to be a romantic late life love affair that takes us on a heartfelt and wonderful journey which takes an unexpected turn. (Monterey Media, Inc.)"
Bad Behaviour,2024,"Comedy,Drama,Horror,Thriller","Lucy (Jennifer Connelly), a former child actress, seeks healing from the traumas of her life. She embarks on a spiritual retreat, only for it to become anything but healing: she’s easily annoyed by the other attendees and wants attention from the retreat’s new-age guru Elon Bello (Ben Whishaw). Even worse, she has become destructively obsessed with the retreat’s celebrity guest, a model named Beverly (Dasha Nekrasova). As Beverly finds “enlightenment” easily, Lucy’s feelings of insecurity continue to rise to the surface. During this time, Lucy also tries to connect with her stunt performer adult daughter, Dylan (Alice Englert), who’s currently on set in New Zealand. Dylan’s falling into an obsession of her own: a bad romance with the main actor Elmore (Marlon Williams), whose insistence on doing his own stunts will have disastrous consequences. Brutal incidents in both women’s worlds force them to back together to confront their personal demons and their own relationship."
Douchebag,2010,"Comedy,Drama","Douchebag begins as Sam is just a few days away from marrying Steph his lovely live-fiancee. As final preparations are underway , Steph remains uncomfortable with the fact that Sam's only sibling, Tom, is not coming to the wedding.  When she decides to surprises Sam by picking up Tom and driving him down him down for the event, the two men suddenly find themselves under the same roof, forced to confront whatever it was that drove them apart in the first place. Since Tom has no date for the wedding, Sam decides they should hit the road to find Tom's former flame, Mary Barger.  The problem is, he hasn't seen her since the fifth grade.  With little more than Google and a full gas tank to guide them, the two brothers set off on a road trip that begins as Tom's search for his old girlfriend but ends as Sam's search for a final taste of freedom before settling down for good. (Paladin Pictures)"
Sylvia,2003,"Biography,Drama,Romance","Paltrow stars as legendary American author and poet Sylvia Plath, opposite Craig as British Poet Laureate Edward (Ted) Hughes.  The film explores the source of creative genius, and love in all its passion.  (Focus Features)"
Phone Booth,2003,"Crime,Thriller","Set entirely within and around the confines of a New York City phone booth, this film follows Stu Shepard (Farrell), a low-rent media consultant who is trapped after being told by a caller - a serial killer with a sniper rifle - that he'll be shot dead if he hangs up. (20th Century Fox)"
Betty Blue,1986,"Drama,Romance",A lackadaisical handyman and aspiring novelist tries to support his younger girlfriend as she slowly succumbs to madness.
A Christmas Story Christmas,2022,"Comedy,Family","The sequel to the 1983 holiday classic A Christmas Story follows Ralphie, now an adult, who returns to the house on Cleveland street to give his kids a magical Christmas like the one he had as a child, reconnecting with childhood friends, and reconciling the passing of his father."
A Lot of Nothing,2023,"Comedy,Drama,Thriller","James and Vanessa are ostensibly the perfect married couple; beautiful, successful, and smart. Their lives spiral out of control when they decide to seek justice against a neighbor they saw commit a crime on the evening news."
Firebrand,2024,"Drama,History","In blood-soaked Tudor England, twice married, accomplished, and educated Katherine Parr (Alicia Vikander), reluctantly agrees to become the sixth wife of the tyrannical King Henry VIII (Jude Law). Her consent to marry him carries great personal risk, given that her predecessors are either vanquished, beheaded, or dead. When Henry appoints her as Regent, the nation’s ruler during his absence when he departs to fight overseas, he lays a dangerous path for her. Henry’s courtiers, suspecting she’s sympathetic to radical Protestant beliefs that have taken root in the kingdom and are a threat to their power, scheme against her and cast doubts upon her fidelity to the increasingly ailing and paranoid King. Once Henry returns to England, his courtiers convince him to turn his fury on the nation’s radicals, including Katherine’s childhood friend Anne Askew, who becomes one of the scores of people convicted of treason and burned at the stake. Horrified and privately grieving, Katherine finds herself under ever-increasing scrutiny and suspicion. Knowing that even a whisper of scandal might lead to her downfall, Katherine must unleash her own scheme to fight for survival."
Snatch.,2001,"Comedy,Crime","Guy Ritchie's highly anticipated comedy features a colorful ensemble cast in a rollicking ride through London's gangster world, its bustling diamond district and a rowdy gypsy camp.  (Columbia Tristar)"
Kindred,2020,"Drama,Horror,Mystery,Thriller","Vulnerable mother-to-be Charlotte (Tamara Lawrance) is taken in by her recently deceased boyfriend’s mother (Fiona Shaw) and her stepson (Jack Lowden), who seem increasingly obsessed with her every move. Plagued by mysterious hallucinations, Charlotte’s suspicions grow about Margaret and Thomas’ intentions for her unborn child."
Idlewild,2006,"Crime,Drama,Musical,Romance","Set against the backdrop of a 1930s southern speakeasy, Idlewild explores the lives of Percival (Benjamin), the club's shy piano player, and Rooster (Patton), the club's showy lead performer and manager. Idlewild synthesizes drama, music, cinema and style to bring the tale of struggling singers to life.   (Universal)"
Zack Snyder's Justice League,2021,"Action,Adventure,Fantasy,Sci-Fi","Determined to ensure Superman’s (Henry Cavill) ultimate sacrifice was not in vain, Bruce Wayne (Ben Affleck) aligns forces with Diana Prince (Gal Gadot) with plans to recruit a team of metahumans to protect the world from an approaching threat of catastrophic proportions. The task proves more difficult than Bruce imagined, as each of the recruits must face the demons of their own pasts to transcend that which has held them back, allowing them to come together, finally forming an unprecedented league of heroes. Now united, Batman (Affleck), Wonder Woman (Gadot), Aquaman (Jason Momoa), Cyborg (Ray Fisher) and The Flash (Ezra Miller) may be too late to save the planet from Steppenwolf, DeSaad and Darkseid and their dreadful intentions."
Jungleland,2020,Drama,"Stan (Charlie Hunnam) and Lion (Jack O’Connell) are two brothers struggling to stay relevant in the underground world of bare-knuckle boxing. When Stan fails to pay back a dangerous crime boss (Jonathon Majors), they’re forced to deliver an unexpected traveler as they journey across the country for a high-stakes fighting tournament. While Stan trains Lion for the fight of his life, a series of events threaten to tear the brothers apart but their love for one another and belief in a better life keep them going."
69: The Saga of Danny Hernandez,2020,"Documentary,Music","Part investigative documentary, part real-life gangster movie, 69: The Saga of Danny Hernandez unpacks the life of polarizing rap sensation and internet troll Tekashi69. One of the most controversial figures in contemporary pop culture, 69 repeatedly broke the internet with his sensationalist music videos and social media beefs before infamously testifying against Brooklyn gang the Nine Trey Gangsta Bloods in a landmark trial. [Hulu]"
Anger Management,2003,Comedy,"Dave Buznik (Sandler) is usually a mild-mannered, non-confrontational guy. But after an altercation aboard an airplane, he is remanded to the care of an anger management therapist, Dr. Buddy Rydell (Nicholson), who could probably use some anger management himself. (Columbia Pictures)"
The Fifth Element,1997,"Action,Adventure,Sci-Fi","New York cab driver Korben Dallas didn't mean to be a hero. But he just picked up the kind of fare that only comes along every five thousand years - a perfect beauty, a perfect being, a perfect weapon. Now, together, they must save the world. (Columbia TriStar)"
Starship Troopers,1997,"Action,Adventure,Sci-Fi,Thriller","From the bridge of the Fleet Battlestation Ticonderoga, with its sweeping galactic views, to the desolate terrain of planet Klendathu, teeming with shrieking, fire-spitting, brain-sucking special effects creatures, acclaimed director Paul Verhoven crafts a dazzling epic based on Robert A. Heinlein's classic sci-fi adventure.  Courageous soldiers travel to the distant and desolate Klendathu system for the ultimate showdown between the species. (Sony)"
Pretty Woman,1990,"Comedy,Romance","When successful corporate mogul Edward Lewis (Gere) meets carefree call-girl Vivian Ward (Roberts), their two lives are worlds apart. But Vivan's energetic spirit challenges Edward's no-nonsense approach to life, and soon they are teaching each other -- and falling for each other. (Buena Vista)."
Austin Powers: International Man of Mystery,1997,"Adventure,Comedy","After being cryogenically frozen for thirty years, superagent Austin Powers (Myers) returns to battle the insidious Dr. Evil (Myers)."
Ellie Parker,2005,"Comedy,Drama","In a tour-de-force performance, Naomi Watts captures the rhythms, trials and tribulations of an actor caught up in the whirlwind of her career before retreating to a personal life that is as chaotic as her professional one.  (Strand Releasing)"
City by the Sea,2002,"Crime,Drama,Mystery,Thriller",The gripping story of a dedicated police officer who discovers that the chief suspect in his current murder investigation is his own son.  (Warner Bros.)
The Shadow,1994,"Action,Adventure,Crime,Fantasy,Mystery,Thriller","In 30's New York City, the Shadow battles his nemesis, Shiwan Khan, who is building an atomic bomb."
A Good Person,2023,Drama,"Daniel (Morgan Freeman) is brought together with Allison (Florence Pugh), the once thriving young woman with a bright future who was involved in an unimaginable tragedy that took his daughter’s life. As grief-stricken Daniel navigates raising his teenage granddaughter and Allison seeks redemption, they discover that friendship, forgiveness, and hope can flourish in unlikely places."
The Island,2005,"Action,Sci-Fi,Thriller","Lincoln Six-Echo (McGregor) is a resident of a seemingly utopian but contained facility in the mid-21st century. Like all the inhabitants of this carefully constructed environment, Lincoln hopes to be chosen to go to ""The Island"" -- reportedly the last uncontaminated spot on the plant -- until he makes a terrible discovery that everything about his existence is a lie.  (Warner Bros.)"
Lottery Ticket,2010,Comedy,Kevin Carson is a young man living in the projects who has to survive a three-day weekend after his opportunistic neighbors find out he's holding a winning lottery ticket worth $370 million.
My Super Ex-Girlfriend,2006,"Comedy,Romance,Sci-Fi","Breaking up is hard to do, especially when you unwittingly dump a super hero."
Gerrymandering,2010,Documentary,"Jeff Reichert's wake-up-call political documentary that exposes the hidden history of our country's redistricting wars, mapping battles that take place out of public scrutiny but that shape the electoral landscape of American politics for decades at time, posing a threat not just to democrats, republicans, but democracy as a whole. (Green Film Company)"
I Think I Love My Wife,2007,"Comedy,Drama,Romance",A sophisticated comedy about marriage and the temptation of new love.  [Fox Searchlight Pictures]
An Unfinished Life,2005,"Drama,Family,Romance","Set against the rugged ranchlands of Wyoming, An Unfinished Life is the story of a modern-day Western family, as stoic as they are divided, learning the true meaning of forgiveness.  (Miramax)"
Hatchet II,2010,"Action,Comedy,Horror,Thriller","Marybeth escapes the clutches of the deformed, swamp-dwelling iconic killer Victor Crowley. After learning the truth about her family's connection to the hatchet-wielding madman, Marybeth returns to the Louisiana swamps along with an army of hunters to recover the bodies of her family and exact the bloodiest revenge against the bayou butcher. (Dark Sky Films)"
Stay,2014,"Drama,Mystery,Thriller",A couple's happy existence is upended when Abbey (Taylor Schilling) gets pregnant and Dermot (Aidan Quinn) is opposed to the idea of fatherhood.
Stay,2005,"Drama,Mystery,Thriller","In this psychological thriller, a distraught young man announces to his psychiatrist that he plans to commit suicide in three days. The psychiatrist's desperate attempts to help his new patient lead him through the city on an incredible, nightmarish trip to the place between life and death.  (20th Century Fox)"
The Strangers,2008,"Horror,Mystery,Thriller",The Strangers is a terrifying suspense thriller about a couple whose remote getaway becomes a place of terror when masked strangers invade. The confrontation forces Kristen and James to go far beyond what they thought themselves capable of if they hope to survive. (Rogue Pictures)
Choke,2008,"Comedy,Drama","Choke is a wickedly colorful dark comedy about mothers and sons, sexual compulsion, and the sordid underbelly of Colonial theme parks. Victor Mancini, a sex-addicted med-school dropout, who keeps his increasingly deranged mother, Ida, in an expensive private medical hospital by working days as a historical re-enactor at a Colonial Williamsburg theme park. At night Victor runs a scam by deliberately choking in upscale restaurants to form parasitic relationships with the wealthy patrons who “save” him. When, in a rare lucid movement, Ida reveals that she has withheld the shocking truth of his father’s identity, Victor enlists the aid of his best friend, Denny and his mother’s beautiful attending physician, Dr. Paige Marshall, to solve the mystery before the truth of his possibly divine parentage is lost forever. (Fox Searchlight)"
Predator,1987,"Action,Adventure,Horror,Sci-Fi","Schaefer (Schwarzenegger) and his elite military unit are recruited to rescue hostages held by guerrillas in the Latin American jungle. But once there, they encounter an enemy more deadly than any on earth! (20th Century Fox)"
The Skeleton Key,2005,"Drama,Horror,Mystery,Thriller","This contemporary supernatural thrilled, set largely in the dark atmospheric backwoods just outside of New Orleans, stars Hudson as a live-in nurse hired to care for an elderly woman's (Rowlands) ailing husband (Hurt) in their home...a foreboding and decrepit mansion in the Louisiana delta.  (Universal Pictures)"
"You, Me and Dupree",2006,"Comedy,Romance","The wildly comic story of a suburban couple (Dillon, Hudson) who are just trying to make their new marriage work when her and me unexpectedly becomes You, Me and Dupree (Wilson).  (Universal Pictures)"
El cantante,2007,"Biography,Drama,Music","El Cantante celebrates the life and music of the legendary Puerto Rican salsa singer Hector Lavoe, a pioneer of the sound and sensibility that redefined Latin music in the 1960s and 1970s. El Cantante portrays an era when a new sense of national identity and pride took root in Puerto Rican communities across the U.S. Hector Lavoe's music was both a soundtrack to and affirmation of that awakening. (Picturehouse)"
School for Scoundrels,2006,Comedy,"In School for Scoundrels, Jon Heder plays Roger, a beleaguered New York City meter maid who is plagued by anxiety and low self esteem. In order to overcome his feelings of inadequacy, Roger enrolls in a top-secret confidence-building class taught by the suavely underhanded Dr. P (Thornton). Aided by his assistant Lesher (Duncan), Dr. P uses unorthodox, often dangerous methods, but he guarantees results: Employ his techniques and you will unleash your inner lion. (MGM)"
Casuistry: The Art of Killing a Cat,2005,Documentary,"This documentary scratches its way beneath the surface of an infamous Toronto animal cruelty case, deftly exploring the opaque logic surrounding this macabre act.  (Rough Age Projectiles)"
Hostage,2005,"Action,Crime,Drama,Thriller","Devastated by an unspeakable tragedy while on the job as a hostage negotiator for the LAPD, Jeff Talley (Willis) resigns and accepts a low profile job as the chief of police in a sleepy town. On a slow Monday morning Talley's job becomes anything but quiet and sets him on a course that could change not only his professional but personal life forever.  (Miramax)"
Catch and Release,2007,"Comedy,Drama,Romance","After the sudden death of her fiancé, Gray Wheeler (Garner) finds comfort in the company of his friends: lighthearted comic Sam (Smith), hyper-responsible Dennis (Jaeger) and, oddly enough, his old childhood buddy Fritz (Olyphant), an irresponsible playboy whom she'd previously pegged as one of the lease reliable people in the world.  (Columbia Pictures)"
Salt of This Sea,2010,"Drama,Romance",A romantic drama about a working-class woman and her experiences traveling back home.
The Romantics,2010,"Comedy,Drama,Romance","Over the course of one raucous night at a seaside wedding seven close friends, all members of a tight, eclectic college clique, reconvene to watch two of their own tie the knot. Laura is maid of honor to Lila, her golden girl best friend.  The two have long rivaled over the groom, Tom. Friendships and alliances are tested and the love triangle comes to a head the night before the wedding, when the drunken friends frolic in the nearby surf and return to shore... without the groom. (Paramount Famous Productions)
"
The Taqwacores,2010,"Drama,Music","Yusef is a first-generation Pakistani-American engineering student who moves off-campus with a group of Muslim punks in Buffalo, New York. His new “un-orthodox” housemates soon introduce him to Taqwacore – a hardcore, Muslim punk rock scene. As the seasons change, Taqwacore influences the house more and more. The living room becomes a mosque during the day, while it continues to host punk shows at night. Ultimately, Yusef begins to challenge his own faith and ideologies. A powerful and original story of punk Islam in the USA and the discovery of oneself within the confines of religion.(Strand Releasing)"
Fred Claus,2007,"Comedy,Family,Fantasy","Fred Claus has lived almost his entire life in his little brother's very large shadow. Fred tried, but he could never live up to the example set by the younger Nicholas, who was just a perfect...well...Saint. True to form, Nicholas grew up to be the model of giving, while Fred became the polar opposite: a repo man who then steals what he repossesses. Now Fred's dirty dealings have landed him in jail. Over Mrs. Claus' objections, Nicholas agrees to bail out his big brother on one condition: that he come to the North Pole and work off his debt making toys. The trouble is, Fred isn't exactly elf material--and with Christmas fast approaching, this one bad seed could jeopardize the jolliest holiday of the year. Has Fred finally pushed his little brother to the brink? This time, what Fred may have stolen is Christmas itself, and it's going to take more than Rudolph to set things right. (Warner Bros.)"
Underworld,2003,"Action,Fantasy,Thriller","Underworld reimagines Vampires as a secretive clan of modern aristocratic sophisticates whose mortal enemies are the Lycans (werewolves), a shrewd gang of street thugs who prowl the city's underbelly.  (Screen Gems)"
Orphan,2009,"Horror,Mystery,Thriller","The tragic loss of their unborn child has devastated Kate and John, taking a toll on both their marriage and Kate's fragile psyche as she is plagued by nightmares and haunted by demons from her past. Struggling to regain some semblance of normalcy in their lives, the couple decides to adopt another child. At the local orphanage, both John and Kate find themselves strangely drawn to a young girl named Esther. Almost as soon as they welcome Esther into their home, however, an alarming series of events begins to unfold, leading Kate to believe that there's something wrong with Esther--this seemingly angelic little girl is not what she appears to be. Concerned for the safety of her family, Kate tries to get John and others to see past Esther's sweet facade. But her warnings go unheeded until it may be too late...for everyone. (Warner Bros.)"
A Little White Lie,2023,Comedy,"Shriver (Michael Shannon), a down-on-his-luck handyman who has never read a book in his life, is mistaken for a famous writer that has been in hiding for over 20 years. With nothing to lose, he accepts an invitation to attend a college literary festival and finds himself surrounded by adoring fans and an English professor (Kate Hudson) who captures his heart. Shriver must do whatever it takes for his shot at love."
Deception,2022,"Crime,Drama,Mystery,Thriller","An American novelist living for a time in London converses with his wife, his mistress, and other female characters he may have dreamed up."
Deception,2008,"Crime,Drama,Mystery,Thriller","A simple enough question, but how Jonathan McQuarry answers it will change his life forever. A corporate auditor adrift in a sea of New York's power elite, Jonathan's work is his entire life. But a chance meeting with Wyatt Bose, a charismatic corporate lawyer, introduces Jonathan to a decadent playground for Manhattan's executive upper crust. For these power brokers, whose eighteen-hour workdays leave no time for a personal life, there's ""The List"" - a sex club, of sorts, where the right cell-phone number and four simple words (""Are you free tonight?"") can lead to an evening's sexual fulfillment. It's a world of ""intimacy without intricacy,"" as Jonathan's first conquest (or vice versa) explains to him, and through The List Jonathan discovers a side of himself that he didn't know existed. But an affair with a ravishing and mysterious stranger known to Jonathan only by her first initial 'S', will expose him to yet another world he never imagined - one of betrayal, treachery and murder. (20th Century Fox)"
Come Away,2020,"Adventure,Drama,Fantasy","Eight-year-old Alice (Keira Chansa), her mischievous brother Peter (Jordan A. Nash) and their brilliant older sibling David (Reece Yates) let their imaginations run wild one blissful summer in the English countryside. Encouraged by their parents Jack and Rose (David Oyelowo and Angelina Jolie), the kids' make-believe tea parties, sword fights and pirate ship adventures come to an abrupt end when tragedy strikes. Peter, eager to prove himself a hero to his grief-stricken and financially-struggling parents, journeys with Alice to London, where they try to sell a treasured heirloom to the sinister pawnshop owner known as C.J. (David Gyasi). Returning home, Alice seeks temporary refuge in a wondrous rabbit hole while Peter permanently escapes reality by entering a magical realm as leader of the ""Lost Boys."""
Wicker Park,2004,"Drama,Mystery,Romance,Thriller","Intricately moving back and forth in time and revealing the story from each character's perspective, Wicker Park is an intense psychological drama about a man (Hartnett) caught in an obsessive search for a woman he fell deeply in love with -- a woman who then vanished without a trace.  (MGM)"
Sleepwalking,2008,Drama,"Forced out of her home after her boyfriend is arrested, Joleen Reedy needs a place to stay with her 11-year-old daughter, Tara. She turns for help to her younger brother, James--a simple and overly trusting man who doesn't hesitate to welcome them into his modest rental apartment. Almost as soon as she moves in, however, Joleen hits the road with another man. Utterly ill-equipped to be the sole guardian of an adolescent girl, James does his best to make his distraught niece happy. But before long, things spin out of control: He loses his job, and Tara is put into foster care. That's when James makes a fateful decision that will bring his life full circle and force him to face his demons. He takes off with Tara, and the two assume new identities as father and daughter. What starts out as a ploy to evade authorities takes on a deeper significance as James strives to become the dad Tara never had and for the first time finds a true purpose in life. But when their road trip takes them to the Utah farm where James grew up, old wounds reopen between James and his father, whose emotionally abusive and sometimes violent ways have changed little since James was a boy. (Overture Films)"
The Cell,2000,"Crime,Horror,Sci-Fi,Thriller",A child therapist enters the mind of a comatose serial killer in the hopes of saving his latest victim.
Inhale,2010,"Drama,Thriller","Paul and Diane are desperately searching for a lung donor for their daughter. They go to extreme lengths in Mexico to save her, getting tangled in the dangerous business of organ trafficking. As Paul races against the clock, he is forced to partake in shady operations that endanger his life as he fights for his daughter’s. (26 Films)"
The Air I Breathe,2008,"Crime,Drama,Thriller","Inspired by a Chinese proverb that breaks life down into four key emotions – Happiness, Sorrow, Pleasure, and Love – The Air I Breathe is told in four short fables, each built around a character who embodies one of these key emotions. In Happiness, a timid banker who impulsively bets every cent he has, and then some, on a supposedly “sure thing.” In “Sorrow,” a rising pop star whose contract falls under the control of a ruthless crime boss, and his corrupt nephew. In “Pleasure,” a man who can see into the future of everyone he meets, but is totally blind when it comes to his own; and in “Love,” a doctor who pines for a woman he can never possess, only to find that he suddenly holds her life in his hands. Though each of the characters believes that his or her life is governed by hazard and chance, their unbridled emotions, impulsive choices, and reckless moves all prove one universal truth: character is destiny, and each of us makes our own fate. (THINKfilm)"
Turistas,2006,"Horror,Mystery,Thriller","After a terrifying bus accident maroons a diverse group of young adventure travelers in a remote Brazilian beach town, they slowly discover that the white sand beaches and lush jungles are concealing a darker, unsettling secret.  (Fox Atomic)"
Vanguard,2020,"Action,Adventure,Comedy,Thriller",Covert security company Vanguard is the last hope of survival for an accountant after he is targeted by the world's deadliest mercenary organization.
"I Love You, Beth Cooper",2009,"Adventure,Comedy,Family,Romance","Buffalo Grove High School valedictorian Denis Cooverman has had quite an academic career...on paper, at least. Superlative student, conscientious young gentleman and patently obvious dork, Denis has played it safe and made it all the way to graduation day without ever having really experienced some of the joys of higher learning: breaking curfew, destruction of property, over-consumption of alcohol, fist fights, late nights, fast cars or faster women (actually, women of any sort). But all of that is about to change, and all by uttering five little words: I LOVE YOU, BETH COOPER. (20th Century Fox)"
Troop Beverly Hills,1989,"Adventure,Comedy","A soon to be divorced Beverly Hills socialite (Shelly Long) is determined to prove to her husband and herself that she can finish what she starts out to do, by becoming a den mother to a troop of Beverly Hills Girl Scouts."
Wish Upon,2017,"Drama,Fantasy,Horror,Mystery,Thriller","17-year-old Clare Shannon (Joey King) is barely surviving the hell that is high school, along with her friends Meredith (Sydney Park) and June (Shannon Purser). So when her dad (Ryan Phillippe) gifts her an old music box with an inscription that promises to grant the owner's wishes, she thinks there is nothing to lose. Clare makes her first wish and, to her surprise, it comes true. Before long, she finally has it all: money, popularity and her dream boy. Everything seems perfect - until the people closest to her begin dying in gruesome and twisted ways. Now, with blood on her hands, Clare has to get rid of the box, before it costs her and everyone she loves the ultimate price. "
The Secret: Dare to Dream,2020,"Drama,Romance","Miranda Wells (Katie Holmes) is a hard-working young widow struggling to raise three children on her own.  When a powerful storm brings a devastating challenge and a mysterious man, Bray Johnson (Josh Lucas), into her life, his presence re-ignites the family’s spirit, but he carries a secret—and that secret could change everything."
The Kindness of Strangers,2020,Drama,"In New York City, six strangers’ lives intersect in a modern tale of ordinary people struggling to find help, hope and love. As the unlikely group comes together, they discover that liberation and triumph lie in each other’s hands. "
A Hole in My Heart,2005,Drama,"A brave, shocking cinematic experience intimately filmed in a cramped Swedish apartment and following a total of four characters through acts of physical degradation, sensual perversity and emotional isolation.  (Newmarket Films)"
Saint John of Las Vegas,2010,"Comedy,Drama","After a run of bad luck, John, a compulsive gambler, runs away from Las Vegas and toward a normal job and life. Taking a nondescript position in an auto insurance company in Albuquerque, he tries to get ahead in the straight world, amid the ever-present temptations of scratch-off lotto tickets. When his boss, Mr. Townsend, asks John to accompany his top fraud debunker, Virgil on an investigation of a dubious car “accident” near Vegas, John sees an opportunity to get a promotion , though he’s concerned about returning to the gambling game. Before leaving he becomes involved with his eccentric co-worker Jill , a dalliance that has the potential to become a real relationship. (Circle of Confusion) "
Untraceable,2008,"Crime,Mystery,Thriller","Within the FBI, there exists a division dedicated to investigating and prosecuting criminals on the internet. Welcome to the front lines of the war on cybercrime, where Special Agent Jennifer Marsh has seen it all......until now. A tech-savvy internet predator is displaying his graphic murders on his own website -- and the fate of each of his tormented captives is left in the hands of the public: the more hits his site gets, the faster his victims die. When this game of cat and mouse becomes personal, Marsh and her team must race against the clock to track down this technical mastermind who is virtually untraceable. (Screen Gems-Sony)"
Farmland,2014,Documentary,"Most Americans have never stepped foot on a farm or ranch or even talked to the people who grow and raise the food we eat. ""Farmland"" takes an intimate look at the lives of farmers and ranchers in their twenties, all of whom are now responsible for running their farming business. Learn about their high- risk/high reward jobs and passion for a way of life that has been passed down from generation to generation, yet continues to evolve."
Tyler Perry's Acrimony,2018,"Drama,Horror,Romance,Thriller",A faithful wife (Taraji P. Henson) tired of standing by her devious husband (Lyriq Bent) is enraged when it becomes clear she has been betrayed.
Aspen Extreme,1993,"Drama,Romance,Sport","An autoworker and his buddy exit Detroit, move to Colorado and become popular ski instructors."
Men Cry Bullets,1999,"Comedy,Drama","Gloria (Lauren), a novelist who enjoys rough sex, picks up an aspiring female-impersonator Billy (Nelson) and rapes him after which he falls for her.  Gloria loses her rough edge when she comes to believe that Billy is attracted to her more attractive cousin (Ryan). "
Games People Play: New York,2004,Comedy,"Just how far will people go for Fame & Fortune? Just when you thought the whole reality craze could go no further, Games People Play: New York brings you seduction, bulimia, nudity, Tourette's Syndrome and some real f#$@ed-up behavior, all in what is truly America's most uninhibited game!  (Artistic License Films)"
Showtime,2002,"Action,Comedy,Crime","In this spoof of cop buddy movies, a no-nonsense LAPD detective (De Niro) is forced to star on a reality-based TV show with a frustrated actor-turned-LAPD patrolman (Murphy)."
Black Knight,2001,"Adventure,Comedy,Fantasy","Jamal Walker (Lawrence) toils, unhappily, at Medieval World, a theme park that looks like it has not been renovated, or had customers, since the Dark Ages. After falling into the park's fetid moat, Jamal crawls out into fourteenth century England.  The Middle Ages will never be the same.  (Twentieth Century Fox)"
Unfinished Business,2015,"Comedy,Drama","A hard-working small business owner (Vince Vaughn) and his two associates (Tom Wilkinson, Dave Franco) travel to Europe to close the most important deal of their lives. But what began as a routine business trip goes off the rails in every imaginable - and unimaginable - way, including unplanned stops at a massive sex fetish event and a global economic summit. [20th Century Fox]"
A Week Away,2021,"Drama,Family,Musical","Nowhere left to go, Will Hawkins finds himself at camp for the first time. His instinct is to run, but he finds a friend, a father figure and even a girl who awakens his heart. Most of all, he finally finds a home."
Repo Men,2010,"Action,Sci-Fi,Thriller","In the futuristic action-thriller, humans have extended and improved our lives through highly sophisticated and expensive mechanical organs created by a company called The Union. The dark side of these medical breakthroughs is that if you don't pay your bill, The Union sends its highly skilled repo men to take back its property... with no concern for your comfort or survival. Remy is one of the best organ repo men in the business. But when he suffers a cardiac failure on the job, he awakens to find himself fitted with the company's top-of-the-line heart-replacement... as well as a hefty debt. But a side effect of the procedure is that his heart's no longer in the job. When he can't make the payments, The Union sends its toughest enforcer, Remy's former partner Jake, to track him down. (Universal Pictures)"
Just 45 Minutes from Broadway,2012,"Comedy,Drama","When a heart-broken actress and her ""civilian"" sister return to their theatrical family's crumbling home for very different reasons, secrets are exposed,rivalries are rekindled and love as rare as a blue bullfrog begins to bloom. (Rainbow Releasing)"
Don't Tempt Me,2003,"Crime,Drama","Times have been tough for Heaven, with Hell winning the battle between good and evil. So when Heaven's managers have the opportunity to win the soul of a boxer and shift the balance of power, they send their best angel for the job, Lola Nevado (Abril). When Hell gets wind of this, they counter by sending their most experienced operative to Earth, Carmen Ramos (Cruz). The battle between Heaven and Hell is on!  (First Look Pictures)"
Venus and Mars,2003,"Comedy,Romance","As Venus and Mars are lining up, four friends gather and hope that one of them will fall in love."
Letters to God,2010,Drama,"Tyler Doherty is an extraordinary eight-year-old boy. Surrounded by a loving family and community, and armed with the courage of his faith, he faces his daily battle against cancer with bravery and grace. To Tyler, God is a friend, a teacher and the ultimate pen pal—Tyler's prayers take the form of letters, which he composes and mails on a daily basis.  The letters find their way into the hands of Brady McDaniels, a beleaguered postman standing at a crossroads in his life. At first, he is confused and conflicted over what to do with the letters. But the decision he ultimately makes becomes a testament to the quiet power of one boy's shining spirit and unshakeable faith. (Vivendi Entertainment)
"
Tyler Perry's The Single Moms Club,2014,"Comedy,Drama","Brought together by an incident at their children's school, a group of single mothers from different walks of life bond, and create a support group that helps them find humor in the obstacles of life."
An American Werewolf in Paris,1997,"Comedy,Fantasy,Horror,Thriller","On the loose in Europe, three wild college grads from America bring their ""Daredevil Tour"" to Paris in search of some serious fun. There, Andy (Scott) falls for the beautiful and mysterious woman of his dreams (Delpy). The only problem is ... when the moon is full, Andy's dream girl turns into a total nightmare! (Buena Vista)"
House II: The Second Story,1987,"Comedy,Fantasy,Horror",The new owner of a sinister house gets involved with reanimated corpses and demons searching for an ancient Aztec skull with magic powers.
Jolene,2010,Drama,"Jolene is a red-haired wanderer who isn't content to call one place home for any expended stretch of time. Setting off to explore the outside world at age fifteen, the free-spirited teen embarks on a decade-long cross-country of adventure which finds her crossing the paths of everyone from a firebrand Texan who steals her heart and destroys her marriage to his wealthy fundamentalist nephew, to an ex-mobster (Donald Sutherland) attempting to make good in Las Vegas. Denise Richards, Rupert Friend, and Theresa Russell co-star in a film adapted from the story by screenwriter Dennis Yares. (E1 Entertainment)"
Surveillance,2009,"Crime,Drama,Mystery,Thriller","It’s been a hell of a day on the highway. When Federal Officers Elizabeth Anderson (Julia Ormond) and Sam Hallaway (Bill Pullman) arrive at Captain Billing’s office, they have three sets of stories to figure out and a string of vicious murders to consider. One zealot cop, a strung out junkie and an eight year old girl all sit in testimony to the roadside rampage, but as the Feds begin to expose the fragile little details each witness conceals so carefully with a well practiced lie, they soon discover that uncovering ‘the truth’ can come at a very big cost. (Magnolia Pictures)"
Lucky Numbers,2000,"Comedy,Crime","A television weatherman (Travolta), in need of cash, schemes to defraud the state lottery.    "
Cursed,2005,"Comedy,Horror","From the team that brought you the Scream trilogy, this teen horror film focuses on three people who are brought together to battle a werewolf."
Battlefield America,2012,"Drama,Musical","From the team that brought you ""YOU GOT SERVED"" comes a young Hip-Hop dance battle movie for a new generation of dance. Battlefield America takes a steady look at the underbelly of the youth battle dance culture in Long Beach, California. Sean Lewis, a young, charismatic, successful businessman finds himself in the mix with a bunch of disheveled misfits Bad Boys, who have virtually no dance talent. Realizing his dilemma, Sean brings aboard a professional dance instructor to ease his responsibilities to these kids. Meanwhile, he finds himself falling for Sara, who runs the community center where the kids hangout and practice their moves. With Sean motivating them, The Bad Boys find the confidence to be contenders...(Brian & Barrett Pictures)"
God Is a Bullet,2023,"Action,Crime,Horror,Thriller","When vice detective Bob Hightower (Nikolaj Coster-Waldau) finds his ex-wife murdered and daughter kidnapped by a satanic cult - Bob is frustrated by bumbling botched official investigations. Bob quits the police force, gets tattoos, and infiltrates the cult to hunt down the charismatic cult leader, Cyrus (Karl Glusman), with the help of the cult's only female victim escapee, the brilliantly damaged, Case Hardin (Maika Monroe). Bob is lead down the rabbit hole to save his daughter and Case seizes the opportunity to claim back her power from the cult that took so much away from her."
They,2002,"Horror,Mystery,Thriller","After witnessing a horrible incident, a graduate student struggles to find the link between her childhood fear of the dark and the night terrors she now suffers."
Reuniting the Rubins,2012,"Comedy,Drama,Family","An uptight lawyer, Lenny Rubins, has to put his dream retirement on hold when his ailing mother emotionally blackmails him into reuniting his estranged children for a holiday gathering. (Monterey Media)"
New Rose Hotel,1999,"Drama,Mystery,Sci-Fi,Thriller",Criminals Fox (Walken) and X (Dafoe) use and Italian prostitute (Argento) to seduce a Japanese genetic scientist and learn his secrets.
High School,2012,Comedy,"So it's the end of the school year, and smarmy Principal Gordon has suddenly instituted a zero-tolerance crusade against his nemesis, the reviled marijuana. A mandatory drug test for all students is to be administered, failure of which will result in immediate expulsion.  Normally, this would be of no consequence  to straight arrow valedictorian Henry Burke, except he just tried ganja for the very first time.  With his college scholarship hanging in the balance, Burke begrudgingly teams up with charismatic pothead Travis Breaux to do the only thing they can think of to neutralize this threat--get the entire student body stoned. (Parallel Media)"
Pet Sematary: Bloodlines,2023,"Fantasy,Horror","In this 1969-set prequel to Stephen King's novel, a young Jud Crandall has dreams of leaving his hometown of Ludlow, Maine behind, but soon discovers sinister secrets buried within and is forced to confront a dark family history that will forever keep him connected to Ludlow. Banding together, Jud and his childhood friends must fight an ancient evil that has gripped Ludlow since its founding, and once unearthed has the power to destroy everything in its path. [Paramount Plus]"
Garden Party,2008,Drama,"Los Feliz, CA - On the sleazier side of Sunset, teenage beauty APRIL has humble ambitions. She’s searching for a way to get by without taking off her clothes—any more than she already has. Sally St. Clair is a realtor whose business has been built upon her sex appeal and secret past. Nathan, has moved to Los Angeles from Nebraska in search of fame as a dancer. Lacking drive and confidence, Nathan finds himself making late night photocopies for Sally and her clients. Todd is one of those prospective clients. A porn addicted artist in search of a way out of a sexless relationship and into an adventure, he’s happy to help Sally get revenge for some past indiscretions. (Roadside Attractions)"
An American Affair,2009,Drama,"Washington DC, 1963:  the Cuban Missile Crisis is last year’s news, and John Fitzgerald Kennedy’s young administration is starting to hit its stride.  Behind the scenes, however, winds of discontent are swirling.  Thirteen-year-old Adam Stafford has his own problems to deal with.  At that uncomfortable age when nothing seems possible, he’s a bit of a loner, a kid who spends too much time wrapped up in his own thoughts as he suffers through the daily grind of nuns, bullies, and girls at Holy Cross School.  Until the evening his adolescent yearnings come to life:  Adam spies a beautiful naked woman in the house across the street, and his curiosity is inflamed.  Catherine Caswell, a stunning thirty-something blond beauty, has just moved in.  Captivated, Adam is determined to learn all he can about his new neighbor. (Screen Media Gems)"
The Curse of Downers Grove,2015,"Drama,Horror,Mystery,Thriller","The town of Downers Grove looks like your average suburban neighborhood, but Downers Grove has a disturbing secret. For the past eight years, one senior from every high school graduating class has met a bizarre death right before graduation day. And this year, Chrissie Swanson  (Bella Heathcote) has a terrible feeling that she is going to be the one to die. Can Chrissie survive the curse of Downers Grove or will she, like those seniors before her, fall prey to the town's deadly secret? [Anchor Bay Entertainment]"
Oxygono,2005,"Drama,Romance","A small Greek town is the setting for a delirious black comedy combining early Almodovar with ""Dynasty"" to achieve a twisted tale of dubious morality, infidelity, and murder.  (Picture This! Entertainment)"
Hounddog,2008,"Drama,Music","Hounddog is a Southern tale set in rural Alabama in the late 1950s.  It follows a spirited young girl, Lewellen, and her struggle to rise above the repression that surrounds her. (Empire Film Group)"
Hit by Lightning,2014,"Comedy,Crime,Romance","Aging and single, Ricky Miller (Jon Cryer), spends his days managing a fast food chain, doting on his cats, and yearning to fall in love. Terrified that his ship has sailed, he turns to online dating, where he meets the mysterious Danita, a woman without a picture who asks him out on a date. Fearing the worst, Ricky goes to meet Danita, only to find that she is charming, intelligent, and stunningly beautiful. Most puzzling, she seems to be totally smitten with Ricky from first sight. Egged on by his best friend Seth (Will Sasso) who is skeptical of the situation, Ricky looks for the catch. Danita confesses that she is in a loveless marriage to a very successful crime novelist, who was once accused of killing his ex-wife a few years prior. She fears her husband will strike again, and the only way that she can be free of him is for Ricky to kill him. Hopelessly in love with Danita, but horrified by the predicament, Ricky wonders can homicide lead to happy ever after? [Gravitas Ventures]"
Monster-in-Law,2005,"Comedy,Romance","After years of looking for Mr. Right, Charlotte 'Charlie' Cantilini (Lopez) finally finds the man of her dreams (Vartan) only to discover that his mother (Fonda) is the woman of her nightmares.  (New Line Cinema)"
The Weekend,2000,Drama,Chronicles one midsummer weekend in a country house in upstage New York when three friends gather on the anniversary of the death of a man who was related to them all by either blood or love.  (Strand Releasing)
Life or Something Like It,2002,"Comedy,Romance",What's the most important thing in life?  Is it love or is it your career?  Is it work or is it your family?  Lanie Kerrigan (Jolie) must ponder these questions after a street savant tells her that she will die in seven days.  (20th Century Fox)
The Starling,2021,"Comedy,Drama","After Lilly (Melissa McCarthy) suffers a loss, a battle with a territorial bird over dominion of her garden provides an unlikely avenue for her grief and the courage to heal her relationships and rediscover her capacity for love."
First Daughter,2004,"Comedy,Drama,Romance","Samantha Mackenzie (Holmes) wants what every college freshman desires: to experience life away from home and parents. But it's not going to be easy, because home for Sam is The White House and her dad (Keaton) is the President of the United States.  (20th Century Fox)"
Fire Birds,1990,"Action,Adventure",Elite Apache helicopter pilots are tasked with destroying powerful armed drug cartels operating in South America.
The Black Waters of Echo's Pond,2010,"Fantasy,Horror,Thriller","Nine friends take a holiday at a Victorian home on a private island and uncover a game that when played brings out the worst in each of them. Jealously, greed, hatred, lust, all of the things they keep buried deep inside themselves rise to the surface and come to a boil. The Black Waters of Echo's Pond shows those who look into it what they want to see... but what you want to see isn't always the truth. (Project 8 Films)"
Trapped in Paradise,1994,"Adventure,Comedy,Crime,Romance",Residents of a friendly Pennsylvania town foil three brothers' plan to rob a bank on Christmas Eve.
Crazy Eyes,2012,Comedy,"With too much money and time on his hands, Zach looks like he's living the dream. There's a steady stream of beautiful women and the party never ends. He meets a girl he calls Crazy Eyes, and she's unlike anyone he's ever met before. She's the one woman Zach can't have, so naturally he wants her. While Zach's hard-partying lifestyle threatens to go off the rails, family concerns begin to play a major role in Zach's life. Will the quest for love and the responsibilities of family life help this poor little rich boy become a man? (Strand Releasing)"
Highlander II: The Quickening,1991,"Action,Adventure,Fantasy,Sci-Fi,Thriller","In the future, Highlander Connor MacLeod must prevent the destruction of Earth under an anti-ozone shield."
Get a Job,2016,Comedy,"Life after college graduation is not exactly going as planned for Will (Miles Teller) and Jillian (Anna Kendrick) who find themselves lost in a sea of increasingly strange jobs. But with help from their family, friends and coworkers they soon discover that the most important (and hilarious) adventures are the ones that we don't see coming."
Corporate Animals,2019,"Comedy,Horror","Lucy (Demi Moore) is the egotistical megalomaniac CEO of Incredible Edibles, America's premier provider of edible cutlery. In her infinite wisdom, Lucy leads her staff including her long-suffering assistants, Freddie (Karan Soni) and Jess (Jessica Williams), on a corporate team-building caving weekend to New Mexico. When disaster strikes, not even their useless guide, Brandon (Ed Helms), can save them. Trapped underground by a cave-in, this mismatched and disgruntled group must pull together in order to survive."
A Fantastic Fear of Everything,2014,"Comedy,Horror","Jack is a children's author turned crime novelist whose detailed research into the lives of Victorian serial killers has turned him into a paranoid wreck, persecuted by the irrational fear of being murdered. When Jack is thrown a life-line by his long-suffering agent and a mysterious Hollywood executive takes a sudden and inexplicable interest in his script, what should be his big break rapidly turns into his big breakdown, as Jack is forced to confront his worst demons; among them his love life, his laundry and the origin of all fear."
Slutty Summer,2005,"Comedy,Drama,Romance","Hunky writer Markus (writer/director Andreas) returns home to find his boyfriend of four years naked with another man. Newly single, he begins waiting table at a swinging Chelsea hotspot where the indelible supporting cast of co-workers offers conflicting directions on the off-road map to love and lust in New York City.  (TLA Releasing)"
Happy Gilmore,1996,"Comedy,Sport","When a would-be hockey player (Sandler) hits a golf ball 400 yards, he realizes that his true calling is in pro golf, so he trades in his skates for a 3-wood and a tee, and joins the PGA tour."
Friend Request,2017,"Horror,Mystery,Thriller","Popular college student Laura (Alycia Debnam-Carey) has tons of friends, both on Facebook and IRL. She graciously accepts social outcast Marina's (Liesl Ahlers) online friend request, until Marina crosses the line and Laura unfriends her. To everyone's shock, Marina takes her own life in a ritual meant to torment Laura, which appears in a video posted on Laura's profile. Even though it wasn't Laura who posted the video, or other creepy content that begins appearing on her page, her Facebook friend count begins to dwindle as a result. When her real-life friends start dying mysterious, cruel deaths, Laura must figure out how to break the deadly curse before it's too late."
A Day Without a Mexican,2004,"Comedy,Drama,Fantasy,Mystery","In this satire, California wakes up one morning to find that one third of its population has disappeared. A strange thick pink fog surrounds the state and communication outside its boundaries is completely cut off. As the day goes by, we discover that the characteristic that links the 14 million disappeared is their Hispanic background.  (Televisa Cine)"
Vampire's Kiss,1989,"Comedy,Crime,Fantasy,Horror","A frustrated Manhattan literary editor, Peter Loew (Cage), meets a mysterious woman (Beals). During a passionate night of lovemaking, the woman bites him on the neck, drawing blood. When she disappears the next morning, Peter becomes convinced that she was a vampire and that's he's become one too. As he loses himself to pressure of everyday life, he begins to act the role of a creature of the night. (MGM/UA)"
CBGB,2013,"Crime,Drama,Music,Romance","CBGB follows the story of Hilly Kristal's New York club from its conceit as a venue for Country, Bluegrass and Blues (CBGB) to what it ultimately became: the birthplace of underground rock 'n roll and punk. When Kristal had difficulty booking country bands in his club on the Bowery he opened his doors to other kinds of rock music. Kristal had one demand of the acts he booked; they could only play original music. No top 40's, no covers. It was the credo he lived by, support the artist at whatever the cost. Hilly Kristal ironically became known as the godfather of punk giving a chance to such bands as Blondie, Television, Ramones, Talking Heads, Dead Boys and The Police."
Badland,2007,Drama,"Jerry is a Marine reservist who was a young patriot and idealist when he served in the first Gulf War. But when he is called up for deployment to Afghanistan and Iraq, Jerry is a father of three; older and embittered by a life besieged by broken promises, and unfulfilled desires.  Jerry returns a changed man, transformed by horrors committed that go beyond comprehension and sanity, pain inflicted that cannot be forgiven. He lives a life of poverty, his children afraid of his unexplained outbursts of rage, his wife, Nora, unsympathetic to the nosebleeds and night terrors he suffers. She hides money her sons earn from their paper route in case they need to leave. Their crowded trailer home becomes a prison. His failure as a man, his actions as a soldier, is the punishment which they share. He realizes that the respect and dignity he has spent his life trying to achieve will always elude him. When Jerry discovers that Nora has betrayed him, his anger and despair drive him to commit an act so heinous and irreversible that nothing he has experienced in combat could have prepared him for. (Badland Corporation)"
The Spirit,2008,"Action,Crime,Fantasy,Thriller","The Spirit is the story of Denny Colt, a murdered cop who is mysteriously reborn as the masked crime fighter called the Spirit.  Determined to keep his beloved Central City safe, the Spirit pursues Central City’s villains from the shadows and seeks to remove to the worst of them all: the psychotic megalomaniac known as the Octopus.  Yet as busy as his ongoing mission keeps him, the dashing crusader always manages to make time for beautiful women, though he never quite knows if they want to seduce, love or kill him.  But there is one lady who will never betray him, and to whom he will always be true: Central City, the proud old metropolis where he was born – twice. (Lionsgate)"
Phil,2019,"Comedy,Drama","Phil (Greg Kinnear), a depressed dentist whose life is falling apart, is shocked when one of his patients, a man who seemed to have the perfect life, kills himself. Determined to find out what would drive a man who had everything to end his life, Phil pretends to be a handyman and integrates himself in to the dead man's life, befriending his wife and daughter. How long can Phil keep up this double life when he is already ready to end his normal one?"
Over Her Dead Body,2008,"Comedy,Fantasy,Romance","Devastated when his fiancée Kate is killed on their wedding day, Henry reluctantly agrees to consult a psychic named Ashley at the urging of his sister Chloe. Despite his skepticism over her psychic abilities, Henry finds himself falling hard for Ashley, and vice versa. But there is a big snag. Ashley is being haunted by Kate’s ghost, who considers it her heavenly duty to break up Henry and Ashley's fledgling romance, if it is the last thing she does on this earthly plane...(New Line Cinema)"
The Babymakers,2012,Comedy,"After trying everything to get his wife Audrey pregnant, Tommy Macklin realizes to his horror that he may be “shooting blanks.” Terrified that his marriage may fall apart, Tommy recruits his friends (and an Indian ex-mobster) to rob a sperm bank where he made a deposit years ago.  As with any half-baked scheme, everything can and does go wrong, testing the limits of Tommy and Audrey’s relationship. (Millennium Entertainment)"
Love in the Time of Money,2002,"Comedy,Drama,Romance","In this quintessentially metropolitan sexual roundelay, set at the height of the Nasdaq boom, nine New Yorkers representing a cross section of society are linked by romance and commerce, and often both.  (Quad Cinema)"
Affluenza,2014,Drama,"Suburbia, 2008. Swept up in a heady pre-recession world of absentee parents, plentiful booze and casual sex, aspiring photographer Fisher Miller (Ben Rosenfield) escapes his middle-class life for the moneyed mansions of the young, beautiful elite. With a stash of high-quality weed and a vintage camera, he gains access to his gorgeous cousin Kate's (Nicola Peltz) circle of wealthy and indulged friends, just as their entitled reality is about to spin out of control. [FilmBuff]"
USS Indianapolis: Men of Courage,2016,"Action,Drama,History,Thriller,War","The harrowing true story of the crew of the USS Indianapolis, who were stranded in the Philippine Sea for five days after delivering the atomic weapons that would eventually end WWII. As they awaited rescue, they endured extreme thirst, hunger, and relentless shark attacks."
Freedom,2015,"Drama,Music","Two men separated by 100 years are united in their search for freedom. In 1856 a slave, Samuel Woodward and his family, escape from the Monroe Plantation near Richmond, Virginia. A secret network of ordinary people known as the Underground Railroad guide the family on their journey north to Canada. They are relentlessly pursued by the notorious slave hunter Plimpton. Hunted like a dog and haunted by the unthinkable suffering he and his forbears have endured, Samuel is forced to decide between revenge or freedom. 100 years earlier in 1748, John Newton the Captain of a slave trader sails from Africa with a cargo of slaves, bound for America. On board is Samuel's great grandfather whose survival is tied to the fate of Captain Newton. The voyage changes Newton's life forever and he creates a legacy that will inspire Samuel and the lives of millions for generations to come."
Summer School,1987,"Comedy,Romance","High School coach Freddy Shoop (Harmon) has plans: summer in Hawaii. But the vice-principal has plans for Freddy, too. Teaching remedial English. Aloha, paradise. Hello, Summer School. Shoop and his class of likable misfits survive goof-ups and good times on the road to academic success... and the self-respect that goes with it. (Paramount)"
The Art of War,2000,"Action,Adventure,Crime,Thriller","Accused of killing the Chinese Ambassador, a secret agent (Snipes) goes underground. Now that he doesn't officially exist, he is called upon to get the bad guys in a threat on the UN."
Queen of the Damned,2002,"Drama,Fantasy,Horror","Based on the third installment of Anne Rice's Vampire Chronicles, the film follows the supernatural adventures of the legendary vampire Lestat, who has reinvented himself as an international rock star.  His music awakes Akasha, the queen of all vampires, who is determined to make Lestat her king."
Waiting...,2005,Comedy,"A hilarious comedy about frustrated waiters, stingy tippers and dicey food this film focuses on a group of young employees battling boredom at Shenanigan's, a generic chain restaurant.  (Lions Gate Entertainment)"
Expend4bles,2023,"Action,Adventure,Thriller,War","A new generation join the world’s top action stars for an adrenaline-fueled adventure in Expend4bles. Reuniting as the team of elite mercenaries, Jason Statham, Dolph Lundgren, Randy Couture, and Sylvester Stallone are joined for the first time by Curtis “50 Cent” Jackson, Megan Fox, Tony Jaa, Iko Uwais, Jacob Scipio, Levy Tran, and Andy Garcia. Armed with every weapon they can get their hands on and the skills to use them, The Expendables are the world’s last line of defense and the team that gets called when all other options are off the table. But new team members with new styles and tactics are going to give “new blood” a whole new meaning."
American Virgin,2000,Comedy,"Unhappy with her father's double standards,  a woman decides to lose her virginity."
The Texas Chainsaw Massacre: The Beginning,2006,Horror,This startling prequel details the beginnings of the Hewitt clan and exposes their psychotic idea of family fun.  (New Line Cinema)
Night Train to Lisbon,2013,"Mystery,Romance,Thriller","Raimund Gregorius (Jeremy Irons), a Swiss Professor, abandons his lectures and buttoned-down life to embark on a thrilling adventure that will take him on a journey to the very heart of himself."
Paulo Coelho's Best Story,2015,"Biography,Drama,Music","Global phenomenon Paulo Coelho was not always the best-selling inspirational author he is today. For decades he searched for his calling, just like the allegorical heroes in spiritual classics The Alchemist and The Pilgrimage. Growing up in Sao Paolo as a misunderstood young rebel, Coelho alternately flirted with death, escaped madness, experimented with drugs, survived torture, fell in and out of love, and made rock history in Brazil…all the while never giving up on his biggest dream: to triumph as a writer. [Music Box Films]"
The NeverEnding Story II: The Next Chapter,1991,"Adventure,Drama,Family,Fantasy",A young boy with a distant father enters a world of make-believe and magic through a portal within an antique book.
Blue Iguana,2018,"Action,Comedy,Crime,Romance,Thriller","Ex-jailbirds Eddie and Paul are on parole and working in a New York diner. Their lives are a dead end. That is, until English lawyer Katherine Rookwood walks into the diner with an offer they can't refuse."
Stonewall,2015,"Drama,History","In 1969, Danny Winters (Jeremy Irvine) is forced to leave behind friends and loved ones when he is kicked out of his parent’s home and flees to New York. Alone in Greenwich Village, homeless and destitute, he befriends a group of street kids who soon introduce him to the local watering hole The Stonewall Inn; however, this shady, mafia-run club is far from a safe-haven.  As Danny and his friends experience discrimination, endure atrocities and are repeatedly harassed by the police, we see a rage begin to build.  This emotion runs through Danny and the entire community of young gays, lesbians and drag queens who populate the Stonewall Inn and erupts in a storm of anger.  With the toss of a single brick, a riot ensues and a crusade for equality is born. [Roadside Attractions]"
Always Woodstock,2014,"Comedy,Music,Romance","Aspiring singer, Catherine Brown (Allison Miller), finds herself living a life she never imagined. Stuck at a dead end job in New York City at a mega music label, Catherine spends her days as the wrangler for the label’s most difficult star (Brittany Snow).  But when Catherine is unceremoniously fired, and then comes home to find her long time fiancé (Jason Ritter) in the arms of another woman, she decides that it’s time for a change. Selling off her engagement ring, Catherine moves back to her family home in Woodstock, to get back to what she has always wanted to do: write music.  One night at a local bar,  Catherine stumbles into handsome town doctor Noah (James Wolk), and cannot deny the moment of magic between them.  Little by little, Catherine starts to find herself, and write music, with the help of local legend, Lee Ann (Katey Sagal).  As she and Noah start to fall in love, Catherine realizes that becoming successful means becoming your true self first. [Gravitas Ventures]"
American Adobo,2002,"Comedy,Romance","In New York City, over the course of one year, five Filipino-American friends share dinners, experiences, friendship, and romance."
Grind,2003,"Adventure,Comedy,Sport","While the rest of his high school graduating class is heading to the same old grind of college, skateboarder Eric Rivers (Vogel) and his best friends, Dustin (Brody), a goal-oriented workaholic, and misfit slacker Matt (Vieluf) have one last summer roadtrip together to follow their dream of getting noticed by the professional skateboarding world - and getting paid to skate.  (Warner Bros.)"
Two If by Sea,1996,"Comedy,Crime,Romance",A couple steals a Matisse painting on contract. They manage to escape the police. The sale takes place 4 days later on an island. Things don't go as planned.
Finding Bliss,2010,"Comedy,Romance","Aspiring filmmaker Jody Balaban takes a job at an adult entertainment studio, planning to use the company's lush facilities to secretly film her own movie after hours. When Jody's ruse is discovered, she's forced to collaborate with infamous adult entertainment director, Jeff Drake - an initially fractious relationship that simmers into an unexpected romance. (Phase 4 Films)"
Daltry Calhoun,2005,"Comedy,Drama,Music,Romance","Johnny Knoxville stars as Daltry Calhoun, the go to guy, the man with a plan. A man whose life and failing grass seed empire take and unexpected turn with the arrival of the young daughter he never knew. With his life in chaos, Daltry must figure out how to save his business and learn to be the father he never thought he could be.  (Miramax)"
Big Gold Brick,2022,"Comedy,Fantasy","Big Gold Brick recounts the story of fledgling writer Samuel Liston and his experiences with Floyd Deveraux, the enigmatic, middle-aged father of two who enlists Samuel to write his biography. But the circumstances that lead up to this arrangement in the first place are quite astonishing-and efforts to write the biography are quickly stymied by ensuing chaos in this darkly comedic, genre-bending film.
"
Never Again,2002,"Comedy,Romance",This romantic comedy takes a ribald yet compassionate look at two lovelorn fifty-something New Yorkers.  (USA Films)
The Bride,1985,"Fantasy,Horror,Romance,Sci-Fi","After years of research, the doctor (Sting) finally succeeds in creating the perfect woman (Jennifer Beals), who gets the name ""Eva""."
I Can Only Imagine,2018,"Biography,Drama,Family,Music","I Can Only Imagine - it’s the song that brings ultimate hope to so many … often in the midst of life’s most challenging moments. Amazingly, the song was written in mere minutes by MercyMe lead singer Bart Millard. In reality, those lyrics took a lifetime to craft. Although he found faith at a young age, life wasn’t easy for Bart. He leaned into an active imagination and his love of music as escapes from a troubled home life. As he grew older, Bart turned to football in hopes of somehow connecting with his abusive father. But a career-ending injury—combined with the vision of a teacher who saw unlimited potential—set Bart on a musical pathway. Chasing a dream while running from broken relationships with his father and Shannon, his childhood sweetheart, Bart hits the road in an old, decrepit tour bus with his new band MercyMe—named for his grandmother’s favorite expression. With the guidance of a grizzled music-industry insider, the band begins a journey none of them could ever have imagined. "
After,2019,"Drama,Mystery","As she enters her first semester in college, Tessa (Josephine Langford) is a dedicated student, dutiful daughter and loyal girlfriend to her high school sweetheart. Armed with grand ambitions for her future, her guarded world opens up when she meets the dark and mysterious Hardin Scott (Hero Fiennes Tiffin), a magnetic, brooding rebel who makes her question all she thought she knew about herself and what she wants out of life."
After,2014,"Drama,Mystery","In the winter of 2002 in chilly upstate New York, a middle class family struggles with the financial consequences of a failing family business and a series of intergenerational conflicts and rivalries.  But, what truly threatens to upset their delicate balance and shatter the emotionally fragile family matriarch (Kathleen Quinlan) is an intricately buried secret that, if revealed, could alter their lives irrevocably. [Paladin]"
Cabin Fever: Patient Zero,2014,"Horror,Sci-Fi","When a group of friends on the perfect vacation in the Caribbean head ashore to explore a remote island, their ultimate bachelor weekend devolves into their worst nightmare. After an ill-fated swim in contaminated water, they stumble upon a seemingly abandoned research facility where a deadly, flesh-eating virus has been unleashed."
Nature Calls,2012,Comedy,"Determined to honor his father’s scouting legacy and mount one last comeback for his dwindling troop, Assistant Scoutmaster Randy Stevens pays a visit to his business-minded brother Kirk, who is throwing a television-themed slumber party for his newly adopted 10-year-old son at his McMansion. Randy pressures the boys to secretly ditch the party and join him on a weekend scout trip. Pursued by Kirk and his security guard, the adventure lands the boys in trouble at every turn, pits them against angry parents and park rangers, yet ultimately turns the group of sheltered kids into a troop to be reckoned with. (Magnolia)"
Madhouse,1990,Comedy,The luxurious villa of yuppie couple Mark and Jessie Bannister is overrun by loads of uninvited guests who turn the house upside-down and nearly destroy it.
The Replacements,2000,"Comedy,Sport","It's late in the season; the playoffs are fast approaching; and the Washington Sentinels have just gone on strike. Scrambling for a solution, the owner Edward O'Neil (Warden) hatches a plan to bring in legendary coach Jimmy McGinty (Hackman) to recruit a team of replacement players in exactly one week.  (Warner Brothers)"
Meet Bill,2008,"Comedy,Drama","Bill's a doormat if ever there was one, a man reduced to being a mere accessory to his family by working a dead-end job at his father-in-law's bank and arguing about his overindulgent love for chocolate with his wife, Jess, who is loathe to explain her ""friendship"" with the local news anchorman. But Bill's fate begins to change when he becomes a mentor to a self-assured boy who engineers Bill's recovery with the help of a cute lingerie salesgirl named Lucy (Jessica Alba). Together, the trio confronts Bill's hapless life with humor and energy while forcing him to capture his dream of being financially independent and self-confident. Meet Bill is a film about what it means to let go of your inhibitions and find the path you're destined for. (First Look Pictures)"
She Hate Me,2004,"Comedy,Drama","When biotech executive Jack Armstrong (Anthony Mackie) gets fired and branded a whistle-blower, his desperation to make a living and the suggestion of a former girlfriend lead him into the baby-making business.  Between the attempts by his former employers to frame him for securities fraud and his dubious fathering activities, Jack finds life, all at once, becoming very complicated.  [Sony Pictures Classics]"
Loaded Weapon 1,1993,"Action,Comedy,Crime","A spoof on Lethal Weapon (1987), other movies, TV commercials etc. 2 unlike LA cops investigate a cocaine in girl scout cookies case."
Speed-Dating,2010,"Comedy,Romance,Thriller","This high-energy romantic comedy follows three bachelors, speeding through life and scheming on women. When it comes to the opposite sex, it's about the ""chase"" and ""finish line"". Dog and Beaver spend their last dime on a nightclub, while Too Cool devises the ultimate scheme to get women and money – Speed-Dating! Things go bad when an inspector denies the bachelors their liquor license, and a disgruntled ex-girlfriend works to expose their master scheme. (Rockstone Releasing)"
Cost of a Soul,2011,"Crime,Drama","Wounded in the war, Tommy Donahue and DD Davis return home from Iraq to the slum neighborhood they grew up in. Tommy returns to his wife, Faith, whom he abandoned while she was pregnant to escape a life of crime. Tommy meets his disabled six-year-old daughter, Hope, for the first time, and she begins to melt his frozen heart. While DD struggles to make an honest living, his older brother, Darnell, has risen to become the neighborhood kingpin. DD faces the pressure to save his younger brother, James, from following in Darnell’s dangerous footsteps. Tommy and DD find themselves trapped in the same slum they joined the military to escape. As they struggle for redemption, their own families become entangled in a web of crime, corruption and violence. (Studio: Relativity Media)"
Surviving Eden,2006,Comedy,"In the tradition of ""Waiting for Guffman"" and ""Take the Money and Run,"" a documentary film crew captures the pitfalls and pratfalls of reality show winner Dennis Flotchky. One million dollars richer and 150 pounds thinner but none the wiser, Dennis quickly and hilariously falls prey to the machinations of the Hollywood celebrity maker and the vultures and hangers-on the accompany it.  (Cineville)"
Body of Evidence,1993,"Drama,Thriller",A lawyer defends a woman accused of killing her older lover by having sex with him.
The Amati Girls,2001,Drama,"A warm, emotional story centered around four sisters and the relationship they share with their recently widowed mother.  While trying to help her cope, each of the sisters begins to understand what is missing in their own lives and relationships, and the lessons they learn affect the entire family.  (Providence Entertainment)"
Noel,2004,Drama,This Christmas-themed movie follows the stories of several characters living in Manhattan.
A.X.L.,2018,"Action,Adventure,Drama,Family,Sci-Fi,Thriller","A.X.L. is a top-secret, robotic dog created by the military to help protect tomorrow’s soldiers. Code named by the scientists who created him, A.X.L. stands for Attack, Exploration, Logistics, and embodies the most advanced, next-generation artificial intelligence. After an experiment gone wrong, A.X.L. is discovered hiding alone in the desert by a kind-hearted outsider named Miles (Alex Neustaedter), who finds a way to connect with him after activating his owner-pairing technology.  Together, the two develop a special friendship based on trust, loyalty and compassion. Helping Miles gain the confidence he’s been lacking, A.X.L. will go to any length to protect his new companion, including facing off against the scientists who created him and who will do anything to get him back. Knowing what is at stake if A.X.L. is captured, Miles teams up with a smart, resourceful ally named Sara (Becky G) to protect his new best friend on a timeless, epic adventure for the whole family."
Johnson Family Vacation,2004,Comedy,"Nate Johnson (Cedric the Entertainer) sets out on a cross-country trek from California to Missouri, with three unruly kids and one unsatisfied wife in tow, in order to attend the Johnson clan's annual reunion/grudge match.  Not since the Griswolds headed to California has a family excursion veered so hysterically astray. (Fox Searchlight Pictures)"
Texas Rangers,2001,"Action,Adventure,Drama,Thriller,Western","An epic adventure of love and courage in a rugged land, Texas Rangers revives the great tradition of the pure American Western.   (Dimension Films)"
Domestic Disturbance,2001,"Crime,Thriller","When a divorced father (Travolta) discovers that his ex-wife's new husband (Vaughn) is not what he claims to be, he realizes that his son's life may be in danger and is determined to save him."
Haunted Honeymoon,1986,Comedy,Two radio voice actors are getting married. Larry has fits of fear. A shrink needs 36 hours to scare him to death and cure him - during a family reunion at a scary family castle.
Louder Than Words,2014,"Drama,Family","John (David Duchovny) and Brenda (Hope Davis) try to put their life together after the tragic death of their young daughter, Maria (Olivia Steele-Falconer). As they deal with their numbing grief, they discover a way to honor their daughter’s wish for health and well-being for all children. With the help of their community, led by good friend Bruce (Timothy Hutton), they establish a children’s hospital called the Maria Fareri Children’s Hospital, a state of the art health facility that brings the whole family into the healing process. Instead of being torn apart by their tragedy, John and Brenda celebrate their very special daughter and help thousands of children and their families. [Arc Entertainment]"
13,2011,"Crime,Drama,Thriller","It is fiercely organized and ferociously secret.  It attracts depraved gamblers and desperate men.  And tonight, one naïve young player will mistakenly become a numbered participant in a deadly world of power, violence and chance where the ultimate bets are decided by a squeeze of the trigger. (Anchor Bay Entertainment)"
Lake City,2008,"Crime,Drama","When a young man gets into trouble with a local drug dealer, he hits the road running with a young companion and heads to the last place on earth he wants to go - his childhood home. (Screen Media Films)

"
8 Million Ways to Die,1986,"Action,Crime,Drama,Thriller","Scudder is a detective with the Sheriff's Department who is forced to shoot a violent suspect during a narcotics raid. The ensuing psychological aftermath of this shooting worsens his drinking problem and this alcoholism causes him to lose his job, as well as his marriage. During his recovery through Alcoholics Anonymous, he meets a mysterious stranger who draws him back into a world of vice. In trying to help this beautiful woman, he must enter a crime-world of prostitution and drugs to solve a murder, while resisting the temptation to return to his alcohol abuse."
Timeline,2003,"Action,Adventure,Sci-Fi,War","Students working on an archaeological dig must travel back in time to 14th century France to rescue their professor, an obsessive academician who has become trapped in a vicious feudal war."
Chander Pahar (Mountains Of The Moon),2014,"Action,Adventure,Mystery","Faced with the prospect of a dim future in his impoverished village, young Shankar bids farewell to his family in rural Bengal and makes a journey to the fabled Mountain Of The Moon in search of gold and diamond mines."
Civil Brand,2003,"Drama,Thriller,Crime","Forced to work under slave-like conditions in a ""prison for profit"" program, the inmates of a mostly African-American female prison try to take over the institution."
Brahms: The Boy II,2020,"Drama,Horror,Mystery,Thriller","Unaware of the terrifying history of Heelshire Mansion, a young family moves into a guest house on the estate where their young son soon makes an unsettling new friend, an eerily life-like doll he calls Brahms."
Undiscovered,2005,"Comedy,Music,Romance",In this romantic comedy a struggling musician and young model from New York seek fame in Los Angeles and find love along the way.
The Red Sea Diving Resort,2019,"Drama,History,Thriller","Inspired by remarkable true life rescue missions, The Red Sea Diving Resort is the incredible story of a group of international agents and brave Ethiopians who in the early 80s used a deserted holiday retreat in Sudan as a front to smuggle thousands of refugees to Israel. The undercover team carrying out this mission is led by the charismatic Ari Kidron (Chris Evans) and courageous local Kabede Bimro (Michael Kenneth Williams). "
The Quiet,2006,"Crime,Drama,Thriller","Popular cheerleader Nina Deer's (Cuthbert) world is turned upside down when her parents (Falco and Donovan) adopt a recently orphaned deaf girl, Dot (Belle). But in this suburban home, things are not what they seem. Dot's arrival puts a crack in Nina's idyllic social life and the dark secrets her family harbors soon become exposed.  (Sony Pictures Classics)"
Invasion U.S.A.,1985,"Action,Thriller",A one-man army comes to the rescue of the United States when a spy attempts an invasion.
1st Night,2013,"Comedy,Musical,Romance","Adam is a rich industrialist, who aspires to a more cultured world. Spurred on by playful jibes that he is little more than a city suit living the capitalist dream, this frustrated amateur opera singer decides to stage an opera at his lavish country retreat. Once his friends see him belting out the notes, he feels sure it will spell the end to their shallow taunts. In fact, it might even help him win the hand of a female conductor he has been pursuing whom - it just so happens - is the first to be recruited for his showpiece."
The Time Being,2013,Mystery,"Daniel is a struggling young artist whose ambitions have pushed his marriage to the brink. When a reclusive millionaire named Warner purchases one of his pieces, he hopes for additional commissions from a new benefactor. Instead, Werner offers him a series of increasingly bizarre surveillance assignments. As Daniel starts to unravel the secrets behind the requests, he must determine if Warner is out to further his career or ruin his life. [Tribeca Film]"
Tasting Menu,2014,Comedy,"It’s been more than a year since Marc and Rachel booked a table at the best restaurant in the world. When it turns out that the booking is on the last night before the restaurant closes forever, their booking becomes even more important. The thing is, Marc and Rachel are no longer together. They have been separated for a year and have not seen each other during that time. Not willing to miss this unique culinary event, however, they both decide to meet at the restaurant, and it becomes a night neither would have expected."
Burning Blue,2014,"Biography,Drama,Romance,War","They have been trained to meet danger head-on, to execute vital strategic maneuvers while flying at breathtaking speeds. But after a series of fatal accidents, a close-knit squadron of male Navy pilots begins to splinter—and becomes the focus of a criminal investigation. As a government agent digs to uncover the cause of the accidents, two of the pilots engage in a secret, forbidden relationship. Their affair is exposed, and the squadron is engulfed by an incendiary scandal that will challenge each pilot’s notions of friendship, love, honor and courage."
Hector and the Search for Happiness,2014,"Adventure,Comedy,Drama",A psychiatrist searches the globe to find the secret of happiness.
Just My Luck,2006,"Comedy,Fantasy,Romance","Ashley (Lohan) is the luckiest girl in New York City, where she has a promising career and a life full of glamour and romance. Jake (Pine) is the unluckiest guy in town, tormented by constant mishaps and missed opportunities. Everything changes for Ashley and Jake when they meet at a swank masquerade party, share a kiss, and miraculously swap their luck. Now Ashley's ultra-fabulous life is going completely sour while Jake is finally living large. But Ashley is determined to track him down and steal her luck back.  (20th Century Fox)"
Snow Dogs,2002,"Adventure,Comedy,Family,Sport","When Miami dentist (Gooding, Jr.) finds out that he's been named in a will, he travels to Alaska thinking he's going to be rich.  Soon, his dream of wealth turns to mush when he finds out he has been left a team of racing dogs. As Ted's life goes to the dogs, he vows to learn to mush, no matter what it takes.  (Walt Disney Pictures)"
Poolman,2024,"Comedy,Mystery","Darren Barrenman (Chris Pine) is a native Los Angeleno who spends his days looking after the pool of the Tahitian Tiki apartment block and fighting to make his hometown a better place to live. When he is tasked by a femme fatale to uncover the truth behind a shady business deal, Darren enlists the help of his friends to take on a corrupt politician and a greedy land developer. His investigation reveals a hidden truth about his beloved city and himself. "
Shirin in Love,2014,"Comedy,Romance","A romantic comedy about an absent-minded, yet sophisticated, young Iranian-American woman who lives in ""Tehrangeles"", the large Iranian community of Los Angeles. While Shirin has been engaged for years to a successful Iranian plastic surgeon in Beverly Hills, she lives with her overbearing mother and empathetic father. When she falls in love with a mysterious young man who lives in a lighthouse in Northern California, a secret unravels and cultures clash."
The Slugger's Wife,1985,"Comedy,Music,Romance,Sport","A major league star who is on the verge of breaking a record, meets a singer and they get married, but they have different goals, so they separate, jeopardizing his opportunity in sports and the possibility of making up with his wife."
Anatomy of Hell,2004,Drama,A daring exploration into the nature of a fundamentally social and religious taboo: sexuality.
The Aryan Couple,2004,"Drama,War","Set in occupied Hungary in 1944, this is the story of a German/Jewish industrialist who attempts to guarantee safe passage for his family by relinquishing all of his possessions to the Nazis."
"Literally, Right Before Aaron",2017,"Comedy,Drama","Still reeling from his recent breakup, Adam (Justin Long) is devastated when he learns that his ex (Cobie Smulders) is engaged. What’s worse is he's invited to the wedding. When Adam returns home for the festivities, he must confront his unresolved feelings and an uncertain future in hopes of convincing himself and everyone else that he is truly happy for her. There he discovers the comedy in romance, the tragedy of letting go and the hard truth about growing up."
Wildflowers,2000,Drama,A 17 year-old girl's life is changed forever when she becomes involved with a mysterious girl.
Waking Up in Reno,2002,"Comedy,Romance","A funny thing happens to two married couples on the way to the Monster Truck Show in Reno, Nevada. (Miramax)"
Zeroville,2019,"Comedy,Drama,Mystery","Vikar is a lost soul journeying through Hollywood 1969, a land of myths, beauty and monsters. The studio system is in decay, and a new generation of brash filmmakers are on the rise. With his shaved head marked by a tattoo from his favorite film, 1951’s A Place in the Sun, Vikar is a bizarre presence even amid the dreamers and players. He finds work first building sets, then as an apprentice editor obsessed with wielding the power of moving images. As his involvement in the creative process deepens, so does his fascination with a tragic screen goddess named Soledad. Together they discover just how hard it is to live in the blurred boundary between reality and illusion."
The Unspoken,2016,"Horror,Thriller",In 1997 the Anderson family vanished from their home without a trace. No bodies were ever found. For 17 years the house has remained undisturbed... until now.
Bunraku,2011,"Action,Drama,Thriller","Using cutting-edge visuals and heart-pounding fight choreography, Bunraku combines comic-books, spaghetti westerns, samurai films, video-games, and more into a stunning glimpse at an alternate future. In a world without guns, a mysterious drifter walks into a strange town terrorized by the ruthless Nicola and his army of thugs, headed by nine deadly assassins including the vicious Killer #2. The drifter is forced to trust a young samurai looking to restore his family's honor, and the local bartender who has been secretly awaiting a dream team to help overthrow Nicola's tyrannical regime. (ARC Entertainment)"
Love and Honor,2013,"Drama,Romance,War","When a young soldier in Vietnam gets dumped by his hometown girlfriend, he and his best friend decide to return to the States to win her back.  But when they arrive stateside, they find her and her best friend at the heart of the anti-war movement."
Nobel Son,2008,"Comedy,Crime,Drama,Thriller","A son struggles to finish his thesis when his father wins the Nobel Prize in chemistry, making life all the more difficult for him and his mother, a well-known forensic. (Freestyle Releasing)"
Whiteout,2009,"Action,Crime,Mystery,Thriller","For U.S. Marshal Carrie Stetko, things are about to get even more dangerous. The only law enforcement in this unforgiving territory, she has just been sent to investigate a body on the ice. Antarctica's first homicide. A shocking discovery in itself, it will plunge her into an even more bizarre mystery and the revelation of secrets long-buried under the endless ice...secrets that someone believes are still worth killing for. As Stetko races to find the killer before he finds her, winter is already closing in. In the deadly Antarctic whiteout, she won't see him till he's a breath away. (Warner Bros.)"
If I Were You,2013,"Comedy,Drama","When a woman tries to outwit her husband's mistress, her plan backfires, and she ends up playing King Lear in an amateur production of the play with the mistress, an aspiring actress, playing the Fool."
Mother Schmuckers,2022,Comedy,"Issachar and Zabulon, two brothers in their twenties, are supremely stupid and never bored, as madness is part of their daily lives. When they lose their mother's beloved dog, they have 24 hours to find it - or she will kick them out."
Passion of Mind,2000,"Drama,Mystery,Romance,Sci-Fi,Thriller",The story about a woman who must choose between love and illusion.
Third World Cop,2000,"Action,Drama,Thriller","Set in Kingston, Jamaica, a cop goes back to his old hood."
Highlander: The Final Dimension,1995,"Action,Fantasy,Romance,Sci-Fi","Deceived that he had won the Prize, Connor MacLeod awakens from a peaceful life when an entombed immortal magician comes seeking the Highlander."
Blood: The Last Vampire,2009,"Action,Adventure,Fantasy,Horror,Thriller","Blood: The Last Vampire is based on the cult hit anime series. Demons have infested the Earth. And only one warrior stands between the dark and the light: Saya, a half-human, half-vampire samurai who preys on those who feast on human blood. Joining forces with the shadowy society known as the Council, Saya is dispatched to an American military base, where an intense series of swordfights leads her to the deadliest vampire of all. And now after 400 years, Saya's greatest hunt is about to begin. (Samuel Goldwyn Films)"
Airborne,1993,"Adventure,Comedy,Sport","Mitchell Goosen is sixteen/seventeen-year-old kid from California who loves to surf and roller blade. Yet his parents, who are two zoologists, were given a grant to work in Australia. The only problem was: Mitchell couldn't go with them. So, he gets sent to stay with his aunt, uncle, and cousin in Cincinnati, Ohio. When he arrives, he meets his cousin who is also his new roommate for the next six months: Wiley. Mitchell then goes to school and gets on the bad side the high school hockey players. Mitchell and Wiley end up enduring weeks of torture from the guys. Then, the big guys and Mitchell and Wiley have to learn to get along to try to beat the Central High School rivals in a competition down Devil's Backbone."
Kalamity,2010,"Drama,Thriller","Haunted by memories of his ex-girlfriend Alice, a heartbroken Billy returns home to Northern Virginia seeking solace from old friends. But what he finds there is more disconcerting than comforting: his best friend Stanley has become unstable, mysterious, and withdrawn from those around him. Billy teams up with another old friend, Stanley’s roommate Christian, to find out what’s going on, and as they probe Stanley’s recent activities, their friend’s behavior seems more and more bizarre and frightening. The discovery of blood-stained evidence among Stanley’s possessions pulls them deeper into their friend’s nightmare—and eventually leads to a violent confrontation that not everyone will survive. (Screen Media Film)"
Maladies,2014,Drama,"Maladies charts the struggles of an unstable former soap opera star (James Franco) in 1960’s New York as he tries to restart his floundering creative career. Hoping to find clarity and new purpose as a writer, he holes up with his eccentric sister (Fallon Goodson) at the seaside home of their best friend (Catherine Keener). But as he disappears further into his own mind, reality begins to slip through his grasp."
The Aspern Papers,2019,Drama,"Based on Henry James’s 1888 novella and set in the late 19th Century, The Aspern Papers tells of an ambitious American editor obsessed with the late Romantic poet Jeffrey Aspern. Determined to obtain the letters Aspern wrote to his lover and muse Juliana years earlier, the editor travels to Venice and meets the suspicious elderly woman along with her quiet niece in their grand but dilapidated palazzo. Assuming a false identity and initially concealing his true intentions, the editor ultimately charms the niece into helping him with his obsession. But when the niece presents him with a condition he can’t accept, the future of the papers and the mysteries they contain hang in the balance."
The Divide,2012,"Drama,Horror,Sci-Fi,Thriller","Nine strangers--all tenants of a New York high rise apartment--escape a nuclear attack by hiding out in the building's bunker-like basement. Trapped for days underground with no hope for rescue, and only unspeakable horrors awaiting them on the other side of the bunker door, the group begins to descend into madness, each turning on the one another with physical and psycho-sexual torment.  As supplies dwindle, and tensions flare, and they grow increasingly unhinged by their close quarters and hopelessness, each act against one another becomes more depraved than the next. While everyone in the bunker allows themselves to be overcome by the desperation and lose their humanity, one survivor holds onto a thin chance to escape even with no promise of salvation on the outside. (Anchor Bay Films)"
Steel,1997,"Action,Adventure,Crime,Fantasy,Sci-Fi",A scientist for the military turns himself into a cartoon-like superhero when a version of one of his own weapons is being used against enemies.
Ernest Rides Again,1993,"Comedy,Family",Buffoonish Ernest and his dimwitted pal Abner unearth a huge cannon reputed to contain the crown jewels of England.
Man Down,2016,"Drama,Thriller,War","When U.S. Marine Gabriel Drummer (Shia LaBeouf) returns home from his tour in Afghanistan, he finds that the place he once called home is no better than the battlefields he fought on overseas. Accompanied by his best friend Devin Roberts (Jai Courtney), a hard-nosed marine whose natural instinct is to shoot first and ask questions later, he searches desperately for the whereabouts of his estranged son, Jonathan (Charlie Shotwell) and wife, Natalie (Kate Mara). In their search, the two intercept Charles (Clifton Collins), a man carrying vital information about the whereabouts of Gabriel's family. [Lionsgate Premiere]"
The Bag Man,2014,"Action,Crime,Drama,Thriller","Jack (John Cusack), a tough guy with chronic bad luck is hired by Dragna (Robert De Niro), a legendary crime boss to complete a simple but unusual task. Over the course of a long and violently eventful night awaiting Dragna’s arrival, Jack’s path crosses that of Rivka (Rebecca Da Costa), a stunningly beautiful woman whose life becomes physically and emotionally entangled with Jack’s. When Dragna finally arrives on the scene there are sudden and extreme consequences for all."
A Glimpse Inside the Mind of Charles Swan III,2013,Comedy,A graphic designer's enviable life slides into despair when his girlfriend breaks up with him.
McCanick,2014,"Crime,Drama,Mystery,Thriller","Set over the course of one day, a narcotics detective hunts for a seemingly harmless young criminal who knows the truth about the cop's past."
Cam2Cam,2014,"Horror,Thriller","Five Bangkok tourists have been beheaded after making online contact with an unknown party. Newly-arrived Allie Westbrook (Tammin Sursok) meets a pair of ex-pats, Michael and Marit, who perform on a provocative interactive website called Cam2Cam. The dark menace beneath Michael’s easy charm and the strange sexual magnetism of the group's leader, Marit, drive Allie to the brink of madness. In a city where foreigners come to re-invent themselves, Allie learns, too late, that nothing is what it seems. [IFC Midnight]"
The Gospel According to Philip K. Dick,2001,Documentary,The ultimate trip into the mind of the world's greatest science fiction writer.  (First Run Features)
Head Over Heels,2001,"Comedy,Mystery,Romance","Amanda (Potter) is an art restorer living in New York with four supermodel roommates  (Harlow, Milicevic, O'Hare, Fraser).  When she suspects one of her neighbors (Prinze) of committing a murder, she is surprised to find herself falling in love with the very same boy next door."
Pokémon Heroes,2003,"Animation,Action,Adventure,Comedy,Drama,Family,Fantasy,Sci-Fi,Thriller",The fifth installment of the Pokemon series takes place in a mysterious city on water.
Sweet November,2001,"Drama,Romance","Nelson (Reeves) and Sara (Theron) have nothing in common except an hour spent in DMV hell.  Intrigued by each other, but not quite ready to commit, they settle on a rather unconventional courtship: a one-month trial, after which they'll go their separate ways. No expectations. No pressure. No strings attached. What neither of them counts on is falling in love.   (Warner Brothers)"
Revoloution,2006,Drama,"A violent, street-fighting, extreme-stutterer becomes a great, powerful communicator. Revoloution seems like just a great story, but it is the first movie in history to be structured around a shamanic ritual, which when experienced by certain audiences, creates an  identification with the near death awakening of the lead character and results in radical and instantaneous transformation in the viewer.  (Louniversal Releasing)"
The Heart Is Deceitful Above All Things,2006,Drama,"Based on JT Leroy's novel of the same name, this is the story of Jeremiah, a child who is pulled from his foster home and thrown into a troubled life on the road with his teenage mother Sarah. With Sarah, Jeremiah travels through the country roads of the U.S. and learns first hand about the troubles of the world.  (Palm Pictures)"
The Warrior Queen of Jhansi,2019,"Action,Adventure,Drama,Fantasy,War","The Warrior Queen of Jhansi tells the true story of the legendary Rani (translation: Queen) of Jhansi, a feminist icon in India and a fearless freedom fighter.  In 1857 India, this 24-year old General led her people into battle against the British Empire earning the reputation as the Joan of Arc of the East.  This real-life Wonder Woman's insurrection shifted the balance of power in the region and set in motion the demise of the notorious British East India Company and the beginning of the British Raj under Queen Victoria."
Child's Play 3,1991,"Horror,Thriller","Chucky returns for revenge against Andy, the young boy who defeated him and who has since become a teenager."
Heartbreak Hospital,2002,"Comedy,Thriller",A comedy set in the fast-paced world of soap operas.
The Trumpet of the Swan,2001,"Animation,Drama,Family,Musical","Based on the classic children's book by E.B. White, this is the tale of a trumpeter swan named Louis who learns to speak to the world with a trumpet stolen from a music store by his father."
Everybody Wants to Be Italian,2008,"Comedy,Romance","Everybody Wants to be Italian tells the story of Jake Bianski, a handsome fishmonger still stuck on ex-girlfriend Isabella despite the fact that she left him eight years ago and is now married with three children. Fed up with their depressive pal’s unwillingness to let go of the past, Jake’s work friends set him up on a blind date with a smart, gorgeous veterinarian named Marisa at an Italian singles club party. Convinced that such a woman will not even consider dating a non-Italian, Jake passes himself off as a Bianchi instead of a Bianski as part of a crash course in faking his ethnicity. As Jake’s friendship with Marisa blossoms into romance, his past amore Isabella finally decides she wants him back after all, and Marisa takes off to Italy leaving Jake to decide whether to keep living in the past or embrace the promise of the future. (Roadside Attractions)"
Because I Said So,2007,"Comedy,Romance","In a comedy that explores when it's finally time to cut the apron strings, Diane Keaton stars as a mother whose loves knows no bounds or boundaries.  (Universal)
"
The Reunion,2011,"Action,Drama","The Cleary brothers, Sam, Leo and Douglas take dysfunctional families to a new level; Sam and Leo have grown up hating each other and neither likes their juvenile delinquent kid brother, Douglas, to whom they've only recently been introduced.  The sons share the same father, a womanizing drunk, but all have different mothers.  Their father died a rich man and when they're brought together by their sister Nina to learn which of them will inherit the old man's fortune, they are handed an unpleasant surprise.  A requirement of the will is that the three estranged siblings go into business together.  Their first job is to bring in a parole violator, who has left Leo, a bail bondsman, with a $250,000 debt.  Their search will take them into the moutains of Mexico here they encouter a drug lord and uncover a kidnapping plot, mastermind by an embittered entrepeneur that will endanger them all. (The Samuel Goldwyn Films)"
Millennium,1989,"Drama,Sci-Fi,Thriller",An NTSB investigator seeking the cause of an airline disaster meets a warrior woman from 1000 years in the future. She replaces the people from airplanes before they crash with corpses with the same features.
The Salon,2007,"Comedy,Drama","An irreverent, sassy and heart-warming film for the entire family, the Salon stars Vivica A. Fox as the inheritor of a neighborhood beauty salon.  (20th Century Fox)"
Pavilion of Women,2001,"Drama,Romance,War","Based upon the novel by Nobel Prize-winning author Pearl S. Buck, this film, set in 1930's China, deals with the themes of spiritual freedom and finding true love.  (Universal Focus)"
Here on Earth,2000,"Drama,Romance","The lives of three young people - a rich student, a girl from the ""wrong side of the tracks"" and her boyfriend - unexpectedly intersect during one fateful summer.  (Twentieth Century Fox)"
Hell Ride,2008,"Action,Drama,Thriller","Hell Ride is raucous throwback to the days of the Sergio Leone spaghetti western, with a heaping helping of testosterone-fueled chopper action thrown into the mix. Writer/director Larry Bishop takes on a third role as Pistolero, head honcho of the Victors. The Victors are a group of badass bikers who are out to avenge the murder of one of their members at the hands of the 666ers, a rival gang whose actions live up to their hellish moniker. Along with his cohorts, the Gent and the mysterious Comanche, Pistolero aims to take down the Deuce and Billy Wings, the menacing leaders of the 666ers. However, a mutiny looms on the horizon when Pistolero's commitment to profit is questioned by a few of his fellow Victors. An even larger story unravels when previously unknown information about Comanche resurrects ghosts from Pistolero's past. (The Weinstein Co)"
Honeyglue,2016,"Drama,Romance","After learning that she has three months left to live, Morgan turns her protected middle class life upside down. That is when she meets Jordan, a rebellious, gender-defying artist and together they embark on an adventure of a lifetime.  With a hand-held camera, the pair document their time together, creating a lasting record of what and who really matters in life. "
Flowers in the Attic,1987,"Drama,Mystery,Thriller",Children are hidden away in the attic by their conspiring mother and grandmother.
Moms' Night Out,2014,Comedy,"All Allyson and her friends want is a peaceful, grown-up evening of dinner and conversation—a long-needed moms' night out. But in order to enjoy high heels, adult conversation and food not served in a paper bag, they need their husbands to watch the kids for three hours—what could go wrong?"
Drop Dead Fred,1991,"Comedy,Drama,Fantasy",A young woman finds her already unstable life rocked by the presence of a rambunctious imaginary friend from childhood.
Knockout,2000,"Action,Drama",This inspiring movie tells the story of determined young woman (Hernandez) from East L.A. who enters the world of professional boxing.
The Next Best Thing,2000,"Comedy,Drama,Romance","A story about best friends, one a single straight woman (Madonna) the other a gay man (Everett). One night they get drunk...she gets pregnant...and the two decide to form a family despite their sexual preferences. "
Arsenal,2017,"Action,Crime,Thriller","The Lindel brothers, Mikey (Johnathon Schaech) and JP (Adrian Grenier), had only each other to rely on growing up. As adults, JP found success as the owner of a construction company, while Mikey became a small-time mobster, mired in a life of petty crime. When Mikey is kidnapped and held for a ransom by ruthless crime boss Eddie King (Nicolas Cage), JP turns to the brothers' old pal Sal (John Cusack), a plain clothes detective for help. In order to rescue his brother, JP must risk everything and unleash his vengeance against King's relentless army of gangsters."
Argento's Dracula 3D,2013,"Drama,Horror,Romance,Thriller","At the home of Lucy (Asia Argento), a photograph on display of Mina and Jonathan Harker (Marta Gastini and Unax Ugalde), sets off the furious yearning of Count Dracula (Thomas Kretschmann) who sees Mina as the reincarnation of his beloved Dolingen De Gratz, who died over 400 years ago. With the help of his beautiful followers, Lucy and Tania (Miriam Giovanelli), Count Dracula manages to lure Jonathan and Mina to his castle by promising the young Harker a job as a librarian.  Only the arrival of vampire expert Abraham Van Helsing (Rutger Hauer) can help restore the small village of Passo Borgo to normalcy.  [IFC Midnight]"
Obsessed,2009,"Drama,Romance,Thriller","Derek Charles, a successful asset manager who has just received a huge promotion, is blissfully happy in his career and in his marriage to the beautiful Sharon. But when Lisa, a temp worker, starts stalking Derek, all the things he's worked so hard for are placed in jeopardy. (Sony)"
Welcome to the Jungle,2014,"Action,Adventure,Comedy",A company retreat on a tropical island goes terribly awry.
Encino Man,1992,Comedy,"(Also known as ""California Man"") When they find a frozen caveman in their back yard, two high school outcasts thaw him and introduce him to modern life while he in turn gets them to actually enjoy life."
Wrong Cops,2013,"Comedy,Crime",A group of bad cops look to dispose of a body that one of them accidentally shot.
Generation Um...,2013,Drama,"In New York City, John, Mia and Violet form an intimate bond as the deepest secrets from their pasts are revealed in a single day filled with sex, drugs, and indecision."
Enough,2002,"Crime,Drama,Thriller",An abused wife (Lopez) is forced to go on the run with her 5-year-old daughter to escape her obsessive husband (Campbell).  She toughens herself mentally and physically and sets out to prove to him that she's had enough.  (Sony)
Dawn Patrol,2015,"Drama,Thriller","After the brutal murder of his beloved brother, a small-town surfer seeks revenge against the gang of merciless thugs he holds responsible. However, when another tragedy brings him face to face with the consequences of his actions, he must seek forgiveness from the very people he despises most."
The Family Tree,2011,"Comedy,Drama","Life in suburban Serenity, Ohio is never quite as serene as it appears. The dysfunctional Burnett family – Bunnie, Jack and their twin 17 year olds Eric and Kelly – seems like a lost cause.  When a freak accident leaves Bunnie with a case of amnesia, the Burnetts get an unexpected second chance at happiness. Meanwhile, next door neighbor Simon is relieved that his tryst gone wrong with Bunnie remains undetected, at least for the moment.  Before long, a slew of past relationships, kids with guns, a suicidal teacher, a very zealous religious club, misinterpreted advances, corporate down-sizing, and one fateful squirrel combine to create enough mayhem to test the resolve, sanity and future of any family! (Entertainment One U.S.)"
A Warrior's Heart,2011,"Action,Drama,Family,Sport","After his father’s death, high school lacrosse star Conor Sullivan becomes self-destructive but through a new love interest and his passion for this sport, Conor discovers the warrior within himself. (Camelot Entertainment)"
The New Guy,2002,Comedy,A hilarious story about wiping the slate clean and reinventing yourself.  (Sony)
Breaking News in Yuba County,2021,"Comedy,Crime,Drama,Mystery,Thriller","After her husband goes missing, Sue Buttons (Allison Janney), an under-appreciated suburban wife, gets a taste of being a local celebrity as she embarks on a city-wide search in Yuba County to find him. In an effort to prolong her newfound fame, she stumbles into hilarious hi jinks as her world turns upside down, dodging a wanna-be mobster (Awkwafina), a relentless local policewoman (Regina Hall), her half-sister (Mila Kunis) a local news reporter desperate for a story, and her husband's dead-beat brother (Jimmi Simpson), who all set out to uncover the truth behind the disappearance."
Jawbreaker,1999,"Comedy,Crime,Thriller","Courtney Shane (McGowan), Julie Freeman (Gayheart), Marcie Fox (Benz), and Liz Purr (Roldan) are all best friends. They are at the height of their popularity when an innocent birthday prank accidentally kills Liz, the sweetest member of the clique. During their panicked attempt to cover up the murder, the class nerd, Fern Mayo (Greer), stumbles upon them. In order to keep Fern quiet Courtney offers to make her popular, and the results are a dark, comical Faustian tale of corruption, redemption and makeover madness! [Sony]"
Turk 182,1985,"Comedy,Drama","Jimmy Lynch (Timothy Hutton) is angry because his older brother, who was injured as a result of an off duty fire rescue, is denied benefits by the city."
The Celestine Prophecy,2006,"Adventure,Drama","Based on James Redfield's worldwide best-selling novel, The Celestine Prophecy is a spiritual adventure film chronicling the discovery of ancient scrolls in the rainforests of Peru. The prophecy and its nine key insights predict a worldwide awakening, arising within all religious traditions, that moves humanity toward a deeper experience of spirituality.  (Celestine Films)"
Beautiful,2000,"Comedy,Drama","On her way to becoming Miss America, a poor girl (Driver) faces her life's goal and discovers what is really important."
All Relative,2014,"Comedy,Drama,Romance","Things couldn't be going better for Harry (Jonathan Sadowski) and Grace (Sara Paxton), a young New York City couple in love, until Grace's mother (Connie Nielsen) turns Harry's world upside down."
Brother's Justice,2011,Comedy,"In an attempt to reinvent his career, actor Dax Shepard makes the rash decision to abandon comedy in pursuit of his true dream: to become an internationally renowned martial arts star. With no formal martial arts training or adequate funding for his “blockbuster” action movie script, Dax enlists the help of his buddies including producer Nate Tuck and actors Tom Arnold and Bradley Cooper. Together, they fight to realize Dax’s true passion while facing rejection at every turn. With maniacal conviction, Dax journeys on a bizarre but hilarious path that becomes increasingly nonsensical and destructive, all at the expense and exploitation of his personal and professional relationships. (Tribeca Film)"
The Moment,2014,"Adventure,Drama,Mystery,Romance,Thriller","After a tumultuous affair between international photojournalist Lee (Jennifer Jason Leigh) and troubled writer John (Martin Henderson) ends in John’s disappearance, Lee lands in a mental hospital. While recuperating, Lee reconnects with her estranged daughter, Jessie (Alia Shawkat) and befriends Peter, a patient who bears an uncanny resemblance to her missing lover. As Lee struggles to uncover the truth behind John’s disappearance, the clues lead to the last place she would ever expect."
What Goes Up,2009,"Comedy,Drama","It is 1986. An emotionally damaged New York reporter is sent to cover the hometown hoopla for a local hero. But rather than pursue his assignment, which leaves him cold, he follows a group of disaffected students, whose own hero - their beloved, unconventional teacher has just died under a cloud of scandal. Their passionate and, at times, ludicrous expressions of grief attract the reporter. He moves into their alternate universe, a willing ""substitute teacher"", but descends into a web of lies and misplaced sexual desire with this group of confused and combustible youths who attempt to cast him as their new hero and teacher. (Sony Pictures)"
Out Cold,2001,"Comedy,Sport",An ensemble comedy about snowboarders working in an Alaskan resort.
The Body,2001,"Drama,Mystery,Romance,Thriller","When an archeological find in the Middle East reveals a crucified body from the first century, a catholic priest (Banderas) is chosen to investigate whether the man may be Jesus Christ."
Mannequin,1987,"Comedy,Fantasy,Romance","A young artist, searching for his vocation, makes a mannequin so perfect he falls in love with it. Finding the mannequin in a store window, he gets a job there and his creation comes to life."
9 Dead Gay Guys,2003,"Comedy,Crime","Two young Dubliners set out for London to try to make some money as gay gigolos.  When their clients start dying, they find themselves in the midst of a spree that will end with all nine of their clients dead as they search the city for a legendary bed of cash."
House of the Sleeping Beauties,2008,"Drama,Thriller","Edmond, a man in his sixties whose wife has recently passed away, is told about a secret establishment where men can spend an entire night in bed alongside beautiful, sleeping young women, who stretch, roll over and dream, but never awaken. Bedazzled by their seductive yet innocent tenderness, but distressed about the reason for their deep sleep, he delves into the mystery of the house of sleeping beauties. Based on the beautifully strange novella by Yasunari Kawabata, acclaimed writer-director Vadim Glowna has crafted a mysterious thriller about loneliness, sex, eroticism and mortality. (First Run Features)
"
Bigger Than the Sky,2005,"Comedy,Drama,Romance","A successful community theatre company is turned upside down when the director of an upcoming production of ""Cyrano"" casts an inexperienced young man with no apparent talent in the lead."
Crazy on the Outside,2010,"Comedy,Crime","Tommy is fresh out of prison and ready for a second chance in life. Enter his loving sister Vicky, her cynical husband Ed and their family. Tommy moves in with them, and when it comes to explaining to Grandma Tommy’s whereabouts for the last three years, the truth-challenged Vicky has the answer: “He’s been in France!” (Freestyle Releasing)
"
An American Carol,2008,"Comedy,Fantasy","The American spirit is celebrated in the comedy An American Carol. In An American Carol a cynical, Anti-American “Hollywood” filmmaker sets out on a crusade to abolish the 4th of July holiday. He is visited by 3 ghosts who take him on a hilarious journey in an attempt to show him the true meaning of America. (Vivendi Entertainment)"
Spinning Into Butter,2009,Drama,"A vicious hate crime at an elite New England college thrust the new dean of students into the investigation. When charged with maintaining order on campus, she is forced to examine her own feelings about race. Based on the critically acclaimed play, Spinning into Butter is a compelling movie that examines the emotional fallout of prejudice within the cloistered walls of academia. (Screen Media Films)"
She's Out of Control,1989,Comedy,"When an average-looking teenage girl (Ami Dolenz) gets a makeover, it's enough to make her father become overprotective of her."
All the Queen's Men,2002,"Action,Comedy,Drama,War","Inspired by a true story during WWII, All the Queen's Men is a comedic drama that illustrates just how far some soldiers are willing to go for their country. (Strand Releasing)"
Reprisal,2018,"Action,Drama,Thriller","Jacob (Frank Grillo), a bank manager haunted by a violent heist that took the life of a coworker, teams up with his ex-cop neighbor, Caden (Bruce Willis), to bring down the assailant. While the two men work together to figure out the thief's next move, Gabriel (Johnathon Schaech), the highly-trained criminal, is one step ahead. When Gabriel kidnaps Jacob's wife (Olivia Culpo) and daughter, Jacob barrels down a path of bloodshed that initiates an explosive counterattack and brings all three men to the breaking point."
McHale's Navy,1997,"Action,Comedy","Retired Lieutenant Commander Quinton McHale spends his days puttering around the Caribbean in the old PT-73 selling homebrew, ice cream, and swimsuit calendars. He's brought out of retirement when his old nemesis turned the second best terrorist in the world, Major Vladikov, takes over the island of San Moreno and starts building a nuclear launch silo on it. With help from his old crew and hindrances from Captain Wallace B. Binghampton, who sank a cruise liner a while back, McHale tries to put Vladikov out of business."
Mr. Nanny,1993,"Action,Comedy,Family",A former professional wrestler is hired to be the bodyguard/nanny for a couple of bratty kids whose inventor father is being stalked by a rival.
Death Wish 3,1985,"Action,Crime,Drama,Thriller",Architect/vigilante Paul Kersey arrives back in New York City and is forcibly recruited by a crooked police chief to fight street crime caused by a large gang terrorizing the neighborhoods.
Mr. Magoo,1997,"Adventure,Comedy,Family",The myopic millionaire (Leslie Nielsen) defeats jewel smugglers in his usual bumbling manner.
Blue City,1986,"Action,Crime,Drama","A drifter returns to his Florida hometown only to discover that his father, the local mayor, was the victim of a mysterious murder during his absence. Vowing to find the killer and avenge his fathers death, he starts his own investigation."
I Hate Valentine's Day,2009,"Comedy,Romance","Meet Genevieve. The owner of a flower shop in the heart of Brooklyn, NY and a romantic with a unique take on the dating game. Genevieve lives by a strict five date rule so she doesn't get dumped and never gets hurt. Then she meets Greg. He's good looking, funny and new to town, and before they know it, both are falling for each other. Will this new romance cause Genevieve to reconsider her philosophy of love? (IFC Films)"
All's Faire in Love,2011,Comedy,"Set in the world of Renaissance Faires - unique societies of actors, singers, glass-blowers, ale merchants, sword-smiths, and other crafts people dedicated to preserving the living memory of the golden age of the European Renaissance - All's Faire in Love...is a film reminiscent of such successful films as Shakespeare In Love and The Princess Bride. The tale begins when college football star Will (Owen Benjamin) arrives at ""All's Faire in Love... Renaissance Faire"" to work off his class non-attendance obligation to Prof. Shockworthy by joining the rag-tag peasant Greenbriar Theater Troupe. (Hannover House)"
The Mod Squad,1999,"Action,Crime,Thriller","A big screen version of the trend-setting 1960's television series, updating the premise for the '90s. A trio of juvenile delinquents becomes undercover cops to infiltrate a drug ring in the ultra-hip L.A. club scene. (MGM)"
The Last Face,2017,"Action,Adventure,Drama,Romance,War","Set against the devastating backdrop of war-torn Liberia, Dr. Miguel Leon (Javier Bardem) and Dr. Wren Petersen (Charlize Theron) must find a way to keep their relationship alive in extraordinarily difficult conditions battling their mutual passion for the value of life matched by the intensity of their diametrically opposed opinions on how best to solve the conflict that surrounds them."
Authors Anonymous,2014,Comedy,A dysfunctional writers’ group melts down when their newest member (Kaley Cuoco) finds overnight success.
The Cookout,2004,Comedy,"When Todd Anderson (Storm P) is chosen as the #1 NBA draft pick by the New Jersey Nets and signs a contract for thirty million dollars, his life instantly changes. The fun really begins when he buys a new house and mistakenly invites family from the old neighborhood for a cookout on the same day he scheduled an endorsement interview.  (Lions Gate Films)"
My Boss's Daughter,2003,"Comedy,Romance","In love with his mean-tempered boss' daughter (Tara Reid), a young man (Ashton Kutcher) agrees to house-sit with the hope of winning her heart.  What he doesn't plan on is the long line of other houseguests that show up."
Evidence,2013,"Crime,Horror,Mystery,Thriller",A detective hunts down a killer using video footage shot by the victims of a massacre at an abandoned gas station.
What Love Is,2007,"Comedy,Romance","A sincere, insightful and unapologetically frank romantic comedy about a man who finds out, during the course of one very important night in his life, what love truly is.  (Big Sky Motion Pictures)"
Unplanned,2019,"Biography,Drama","As one of the youngest Planned Parenthood clinic directors in the nation, Abby Johnson was involved in upwards of 22,000 abortions and counseled countless women on their reproductive choices. Her passion surrounding a woman's right to choose led her to become a spokesperson for Planned Parenthood, fighting to enact legislation for the cause she so deeply believed in. Until the day she saw something that changed everything."
